run,dataset,experiment,condition_name,condition,series,metric,n_test_queries,mean,chosen_members
2026-08-07_031430_redundancy_2wikimultihopqa__chunking,2wikimultihopqa,chunking,overlap,0,Greedy-DPP,APD,12472,0.5513877303132249,
2026-08-07_031430_redundancy_2wikimultihopqa__chunking,2wikimultihopqa,chunking,overlap,0,Greedy-DPP,ERR-IA@k,12472,0.6239002031216592,
2026-08-07_031430_redundancy_2wikimultihopqa__chunking,2wikimultihopqa,chunking,overlap,0,Greedy-DPP,MRR,12472,0.989116955313235,
2026-08-07_031430_redundancy_2wikimultihopqa__chunking,2wikimultihopqa,chunking,overlap,0,Greedy-DPP,NDCG@k,12472,0.847251412343775,
2026-08-07_031430_redundancy_2wikimultihopqa__chunking,2wikimultihopqa,chunking,overlap,0,Greedy-DPP,Recall@k,12472,0.8438502245028865,
2026-08-07_031430_redundancy_2wikimultihopqa__chunking,2wikimultihopqa,chunking,overlap,0,Greedy-DPP,S-Recall@k,12472,0.8717994975411588,
2026-08-07_031430_redundancy_2wikimultihopqa__chunking,2wikimultihopqa,chunking,overlap,0,Greedy-DPP,Vendi,12472,3.530614550236787,
2026-08-07_031430_redundancy_2wikimultihopqa__chunking,2wikimultihopqa,chunking,overlap,0,Greedy-DPP,alpha-NDCG@k,12472,0.8380633396760274,
2026-08-07_031430_redundancy_2wikimultihopqa__chunking,2wikimultihopqa,chunking,overlap,0,MMR*,APD,12472,0.5134783900773596,0:MMR(0.9);0:RNG(0.5);1:MMR(0.9);1:RNG(0.5);2:MMR(0.9);2:RNG(0.5)
2026-08-07_031430_redundancy_2wikimultihopqa__chunking,2wikimultihopqa,chunking,overlap,0,MMR*,ERR-IA@k,12472,0.6279802312736084,0:MMR(0.9);0:RNG(0.5);1:MMR(0.9);1:RNG(0.5);2:MMR(0.9);2:RNG(0.5)
2026-08-07_031430_redundancy_2wikimultihopqa__chunking,2wikimultihopqa,chunking,overlap,0,MMR*,MRR,12472,0.9899695317511225,0:MMR(0.9);0:RNG(0.5);1:MMR(0.9);1:RNG(0.5);2:MMR(0.9);2:RNG(0.5)
2026-08-07_031430_redundancy_2wikimultihopqa__chunking,2wikimultihopqa,chunking,overlap,0,MMR*,NDCG@k,12472,0.854346766445672,0:MMR(0.9);0:RNG(0.5);1:MMR(0.9);1:RNG(0.5);2:MMR(0.9);2:RNG(0.5)
2026-08-07_031430_redundancy_2wikimultihopqa__chunking,2wikimultihopqa,chunking,overlap,0,MMR*,Recall@k,12472,0.8545141116100065,0:MMR(0.9);0:RNG(0.5);1:MMR(0.9);1:RNG(0.5);2:MMR(0.9);2:RNG(0.5)
2026-08-07_031430_redundancy_2wikimultihopqa__chunking,2wikimultihopqa,chunking,overlap,0,MMR*,S-Recall@k,12472,0.8820892131708361,0:MMR(0.9);0:RNG(0.5);1:MMR(0.9);1:RNG(0.5);2:MMR(0.9);2:RNG(0.5)
2026-08-07_031430_redundancy_2wikimultihopqa__chunking,2wikimultihopqa,chunking,overlap,0,MMR*,Vendi,12472,3.333961597241753,0:MMR(0.9);0:RNG(0.5);1:MMR(0.9);1:RNG(0.5);2:MMR(0.9);2:RNG(0.5)
2026-08-07_031430_redundancy_2wikimultihopqa__chunking,2wikimultihopqa,chunking,overlap,0,MMR*,alpha-NDCG@k,12472,0.8618558066739292,0:MMR(0.9);0:RNG(0.5);1:MMR(0.9);1:RNG(0.5);2:MMR(0.9);2:RNG(0.5)
2026-08-07_031430_redundancy_2wikimultihopqa__chunking,2wikimultihopqa,chunking,overlap,0,Maxmin,APD,12472,0.5963620598415407,
2026-08-07_031430_redundancy_2wikimultihopqa__chunking,2wikimultihopqa,chunking,overlap,0,Maxmin,ERR-IA@k,12472,0.5524762133846483,
2026-08-07_031430_redundancy_2wikimultihopqa__chunking,2wikimultihopqa,chunking,overlap,0,Maxmin,MRR,12472,0.986179709215309,
2026-08-07_031430_redundancy_2wikimultihopqa__chunking,2wikimultihopqa,chunking,overlap,0,Maxmin,NDCG@k,12472,0.7360150309525804,
2026-08-07_031430_redundancy_2wikimultihopqa__chunking,2wikimultihopqa,chunking,overlap,0,Maxmin,Recall@k,12472,0.7208547145606158,
2026-08-07_031430_redundancy_2wikimultihopqa__chunking,2wikimultihopqa,chunking,overlap,0,Maxmin,S-Recall@k,12472,0.746966538379303,
2026-08-07_031430_redundancy_2wikimultihopqa__chunking,2wikimultihopqa,chunking,overlap,0,Maxmin,Vendi,12472,3.6678556002834197,
2026-08-07_031430_redundancy_2wikimultihopqa__chunking,2wikimultihopqa,chunking,overlap,0,Maxmin,alpha-NDCG@k,12472,0.7165739169414636,
2026-08-07_031430_redundancy_2wikimultihopqa__chunking,2wikimultihopqa,chunking,overlap,0,RNG*,APD,12472,0.5099663597605095,0:MMR(0.9);0:RNG(0.5);1:MMR(0.9);1:RNG(0.5);2:MMR(0.9);2:RNG(0.5)
2026-08-07_031430_redundancy_2wikimultihopqa__chunking,2wikimultihopqa,chunking,overlap,0,RNG*,ERR-IA@k,12472,0.6294358251371962,0:MMR(0.9);0:RNG(0.5);1:MMR(0.9);1:RNG(0.5);2:MMR(0.9);2:RNG(0.5)
2026-08-07_031430_redundancy_2wikimultihopqa__chunking,2wikimultihopqa,chunking,overlap,0,RNG*,MRR,12472,0.9898586166345948,0:MMR(0.9);0:RNG(0.5);1:MMR(0.9);1:RNG(0.5);2:MMR(0.9);2:RNG(0.5)
2026-08-07_031430_redundancy_2wikimultihopqa__chunking,2wikimultihopqa,chunking,overlap,0,RNG*,NDCG@k,12472,0.857600748277999,0:MMR(0.9);0:RNG(0.5);1:MMR(0.9);1:RNG(0.5);2:MMR(0.9);2:RNG(0.5)
2026-08-07_031430_redundancy_2wikimultihopqa__chunking,2wikimultihopqa,chunking,overlap,0,RNG*,Recall@k,12472,0.8597658755612572,0:MMR(0.9);0:RNG(0.5);1:MMR(0.9);1:RNG(0.5);2:MMR(0.9);2:RNG(0.5)
2026-08-07_031430_redundancy_2wikimultihopqa__chunking,2wikimultihopqa,chunking,overlap,0,RNG*,S-Recall@k,12472,0.8873476587556126,0:MMR(0.9);0:RNG(0.5);1:MMR(0.9);1:RNG(0.5);2:MMR(0.9);2:RNG(0.5)
2026-08-07_031430_redundancy_2wikimultihopqa__chunking,2wikimultihopqa,chunking,overlap,0,RNG*,Vendi,12472,3.305401267962933,0:MMR(0.9);0:RNG(0.5);1:MMR(0.9);1:RNG(0.5);2:MMR(0.9);2:RNG(0.5)
2026-08-07_031430_redundancy_2wikimultihopqa__chunking,2wikimultihopqa,chunking,overlap,0,RNG*,alpha-NDCG@k,12472,0.8678853890696765,0:MMR(0.9);0:RNG(0.5);1:MMR(0.9);1:RNG(0.5);2:MMR(0.9);2:RNG(0.5)
2026-08-07_031430_redundancy_2wikimultihopqa__chunking,2wikimultihopqa,chunking,overlap,0,kNN,APD,12472,0.502991833072335,
2026-08-07_031430_redundancy_2wikimultihopqa__chunking,2wikimultihopqa,chunking,overlap,0,kNN,ERR-IA@k,12472,0.6273279924809351,
2026-08-07_031430_redundancy_2wikimultihopqa__chunking,2wikimultihopqa,chunking,overlap,0,kNN,MRR,12472,0.9898452533675431,
2026-08-07_031430_redundancy_2wikimultihopqa__chunking,2wikimultihopqa,chunking,overlap,0,kNN,NDCG@k,12472,0.8547106102518786,
2026-08-07_031430_redundancy_2wikimultihopqa__chunking,2wikimultihopqa,chunking,overlap,0,kNN,Recall@k,12472,0.8572602629890955,
2026-08-07_031430_redundancy_2wikimultihopqa__chunking,2wikimultihopqa,chunking,overlap,0,kNN,S-Recall@k,12472,0.884614870643575,
2026-08-07_031430_redundancy_2wikimultihopqa__chunking,2wikimultihopqa,chunking,overlap,0,kNN,Vendi,12472,3.277623070679925,
2026-08-07_031430_redundancy_2wikimultihopqa__chunking,2wikimultihopqa,chunking,overlap,0,kNN,alpha-NDCG@k,12472,0.8675384782887055,
2026-08-07_031430_redundancy_2wikimultihopqa__chunking,2wikimultihopqa,chunking,overlap,0.25,Greedy-DPP,APD,12472,0.5441866331674622,
2026-08-07_031430_redundancy_2wikimultihopqa__chunking,2wikimultihopqa,chunking,overlap,0.25,Greedy-DPP,ERR-IA@k,12472,0.636461228707861,
2026-08-07_031430_redundancy_2wikimultihopqa__chunking,2wikimultihopqa,chunking,overlap,0.25,Greedy-DPP,MRR,12472,0.9888256360915116,
2026-08-07_031430_redundancy_2wikimultihopqa__chunking,2wikimultihopqa,chunking,overlap,0.25,Greedy-DPP,NDCG@k,12472,0.8484065525681548,
2026-08-07_031430_redundancy_2wikimultihopqa__chunking,2wikimultihopqa,chunking,overlap,0.25,Greedy-DPP,Recall@k,12472,0.8455540410519564,
2026-08-07_031430_redundancy_2wikimultihopqa__chunking,2wikimultihopqa,chunking,overlap,0.25,Greedy-DPP,S-Recall@k,12472,0.8870336219799017,
2026-08-07_031430_redundancy_2wikimultihopqa__chunking,2wikimultihopqa,chunking,overlap,0.25,Greedy-DPP,Vendi,12472,3.4877287010836096,
2026-08-07_031430_redundancy_2wikimultihopqa__chunking,2wikimultihopqa,chunking,overlap,0.25,Greedy-DPP,alpha-NDCG@k,12472,0.8361767320912187,
2026-08-07_031430_redundancy_2wikimultihopqa__chunking,2wikimultihopqa,chunking,overlap,0.25,MMR*,APD,12472,0.49541468423390383,0:MMR(0.9);0:RNG(-0.2);1:MMR(0.9);1:RNG(-0.2);2:MMR(0.9);2:RNG(-0.2)
2026-08-07_031430_redundancy_2wikimultihopqa__chunking,2wikimultihopqa,chunking,overlap,0.25,MMR*,ERR-IA@k,12472,0.6336750988881762,0:MMR(0.9);0:RNG(-0.2);1:MMR(0.9);1:RNG(-0.2);2:MMR(0.9);2:RNG(-0.2)
2026-08-07_031430_redundancy_2wikimultihopqa__chunking,2wikimultihopqa,chunking,overlap,0.25,MMR*,MRR,12472,0.9896461406884756,0:MMR(0.9);0:RNG(-0.2);1:MMR(0.9);1:RNG(-0.2);2:MMR(0.9);2:RNG(-0.2)
2026-08-07_031430_redundancy_2wikimultihopqa__chunking,2wikimultihopqa,chunking,overlap,0.25,MMR*,NDCG@k,12472,0.8441781026641069,0:MMR(0.9);0:RNG(-0.2);1:MMR(0.9);1:RNG(-0.2);2:MMR(0.9);2:RNG(-0.2)
2026-08-07_031430_redundancy_2wikimultihopqa__chunking,2wikimultihopqa,chunking,overlap,0.25,MMR*,Recall@k,12472,0.8411441629249519,0:MMR(0.9);0:RNG(-0.2);1:MMR(0.9);1:RNG(-0.2);2:MMR(0.9);2:RNG(-0.2)
2026-08-07_031430_redundancy_2wikimultihopqa__chunking,2wikimultihopqa,chunking,overlap,0.25,MMR*,S-Recall@k,12472,0.8819021274321146,0:MMR(0.9);0:RNG(-0.2);1:MMR(0.9);1:RNG(-0.2);2:MMR(0.9);2:RNG(-0.2)
2026-08-07_031430_redundancy_2wikimultihopqa__chunking,2wikimultihopqa,chunking,overlap,0.25,MMR*,Vendi,12472,3.225459048243728,0:MMR(0.9);0:RNG(-0.2);1:MMR(0.9);1:RNG(-0.2);2:MMR(0.9);2:RNG(-0.2)
2026-08-07_031430_redundancy_2wikimultihopqa__chunking,2wikimultihopqa,chunking,overlap,0.25,MMR*,alpha-NDCG@k,12472,0.8625449867529456,0:MMR(0.9);0:RNG(-0.2);1:MMR(0.9);1:RNG(-0.2);2:MMR(0.9);2:RNG(-0.2)
2026-08-07_031430_redundancy_2wikimultihopqa__chunking,2wikimultihopqa,chunking,overlap,0.25,Maxmin,APD,12472,0.5766112605435982,
2026-08-07_031430_redundancy_2wikimultihopqa__chunking,2wikimultihopqa,chunking,overlap,0.25,Maxmin,ERR-IA@k,12472,0.5700014699593757,
2026-08-07_031430_redundancy_2wikimultihopqa__chunking,2wikimultihopqa,chunking,overlap,0.25,Maxmin,MRR,12472,0.9864002031216593,
2026-08-07_031430_redundancy_2wikimultihopqa__chunking,2wikimultihopqa,chunking,overlap,0.25,Maxmin,NDCG@k,12472,0.7456406378902923,
2026-08-07_031430_redundancy_2wikimultihopqa__chunking,2wikimultihopqa,chunking,overlap,0.25,Maxmin,Recall@k,12472,0.7317591404746633,
2026-08-07_031430_redundancy_2wikimultihopqa__chunking,2wikimultihopqa,chunking,overlap,0.25,Maxmin,S-Recall@k,12472,0.7710137374385289,
2026-08-07_031430_redundancy_2wikimultihopqa__chunking,2wikimultihopqa,chunking,overlap,0.25,Maxmin,Vendi,12472,3.548337203472604,
2026-08-07_031430_redundancy_2wikimultihopqa__chunking,2wikimultihopqa,chunking,overlap,0.25,Maxmin,alpha-NDCG@k,12472,0.7312012400007503,
2026-08-07_031430_redundancy_2wikimultihopqa__chunking,2wikimultihopqa,chunking,overlap,0.25,RNG*,APD,12472,0.5118073836468385,0:MMR(0.9);0:RNG(-0.2);1:MMR(0.9);1:RNG(-0.2);2:MMR(0.9);2:RNG(-0.2)
2026-08-07_031430_redundancy_2wikimultihopqa__chunking,2wikimultihopqa,chunking,overlap,0.25,RNG*,ERR-IA@k,12472,0.6347037363694675,0:MMR(0.9);0:RNG(-0.2);1:MMR(0.9);1:RNG(-0.2);2:MMR(0.9);2:RNG(-0.2)
2026-08-07_031430_redundancy_2wikimultihopqa__chunking,2wikimultihopqa,chunking,overlap,0.25,RNG*,MRR,12472,0.9894109471883686,0:MMR(0.9);0:RNG(-0.2);1:MMR(0.9);1:RNG(-0.2);2:MMR(0.9);2:RNG(-0.2)
2026-08-07_031430_redundancy_2wikimultihopqa__chunking,2wikimultihopqa,chunking,overlap,0.25,RNG*,NDCG@k,12472,0.8478447339822437,0:MMR(0.9);0:RNG(-0.2);1:MMR(0.9);1:RNG(-0.2);2:MMR(0.9);2:RNG(-0.2)
2026-08-07_031430_redundancy_2wikimultihopqa__chunking,2wikimultihopqa,chunking,overlap,0.25,RNG*,Recall@k,12472,0.8477389352148813,0:MMR(0.9);0:RNG(-0.2);1:MMR(0.9);1:RNG(-0.2);2:MMR(0.9);2:RNG(-0.2)
2026-08-07_031430_redundancy_2wikimultihopqa__chunking,2wikimultihopqa,chunking,overlap,0.25,RNG*,S-Recall@k,12472,0.8888176181312807,0:MMR(0.9);0:RNG(-0.2);1:MMR(0.9);1:RNG(-0.2);2:MMR(0.9);2:RNG(-0.2)
2026-08-07_031430_redundancy_2wikimultihopqa__chunking,2wikimultihopqa,chunking,overlap,0.25,RNG*,Vendi,12472,3.3178089462349702,0:MMR(0.9);0:RNG(-0.2);1:MMR(0.9);1:RNG(-0.2);2:MMR(0.9);2:RNG(-0.2)
2026-08-07_031430_redundancy_2wikimultihopqa__chunking,2wikimultihopqa,chunking,overlap,0.25,RNG*,alpha-NDCG@k,12472,0.8548125498668121,0:MMR(0.9);0:RNG(-0.2);1:MMR(0.9);1:RNG(-0.2);2:MMR(0.9);2:RNG(-0.2)
2026-08-07_031430_redundancy_2wikimultihopqa__chunking,2wikimultihopqa,chunking,overlap,0.25,kNN,APD,12472,0.4816893270398138,
2026-08-07_031430_redundancy_2wikimultihopqa__chunking,2wikimultihopqa,chunking,overlap,0.25,kNN,ERR-IA@k,12472,0.6301370625757252,
2026-08-07_031430_redundancy_2wikimultihopqa__chunking,2wikimultihopqa,chunking,overlap,0.25,kNN,MRR,12472,0.9894069382082533,
2026-08-07_031430_redundancy_2wikimultihopqa__chunking,2wikimultihopqa,chunking,overlap,0.25,kNN,NDCG@k,12472,0.8404437159091682,
2026-08-07_031430_redundancy_2wikimultihopqa__chunking,2wikimultihopqa,chunking,overlap,0.25,kNN,Recall@k,12472,0.8399013790891597,
2026-08-07_031430_redundancy_2wikimultihopqa__chunking,2wikimultihopqa,chunking,overlap,0.25,kNN,S-Recall@k,12472,0.8801983108830446,
2026-08-07_031430_redundancy_2wikimultihopqa__chunking,2wikimultihopqa,chunking,overlap,0.25,kNN,Vendi,12472,3.15017109297842,
2026-08-07_031430_redundancy_2wikimultihopqa__chunking,2wikimultihopqa,chunking,overlap,0.25,kNN,alpha-NDCG@k,12472,0.8671513896260038,
2026-08-07_031430_redundancy_2wikimultihopqa__chunking,2wikimultihopqa,chunking,overlap,0.5,Greedy-DPP,APD,12472,0.5324442222047743,
2026-08-07_031430_redundancy_2wikimultihopqa__chunking,2wikimultihopqa,chunking,overlap,0.5,Greedy-DPP,ERR-IA@k,12472,0.6585340050602239,
2026-08-07_031430_redundancy_2wikimultihopqa__chunking,2wikimultihopqa,chunking,overlap,0.5,Greedy-DPP,MRR,12472,0.9890929014325422,
2026-08-07_031430_redundancy_2wikimultihopqa__chunking,2wikimultihopqa,chunking,overlap,0.5,Greedy-DPP,NDCG@k,12472,0.8474143177584234,
2026-08-07_031430_redundancy_2wikimultihopqa__chunking,2wikimultihopqa,chunking,overlap,0.5,Greedy-DPP,Recall@k,12472,0.8442310776138551,
2026-08-07_031430_redundancy_2wikimultihopqa__chunking,2wikimultihopqa,chunking,overlap,0.5,Greedy-DPP,S-Recall@k,12472,0.9116621231558691,
2026-08-07_031430_redundancy_2wikimultihopqa__chunking,2wikimultihopqa,chunking,overlap,0.5,Greedy-DPP,Vendi,12472,3.4297286730649152,
2026-08-07_031430_redundancy_2wikimultihopqa__chunking,2wikimultihopqa,chunking,overlap,0.5,Greedy-DPP,alpha-NDCG@k,12472,0.8380600548806131,
2026-08-07_031430_redundancy_2wikimultihopqa__chunking,2wikimultihopqa,chunking,overlap,0.5,MMR*,APD,12472,0.5175288787889435,0:MMR(0.7);0:RNG(-0.2);1:MMR(0.7);1:RNG(-0.2);2:MMR(0.7);2:RNG(-0.2)
2026-08-07_031430_redundancy_2wikimultihopqa__chunking,2wikimultihopqa,chunking,overlap,0.5,MMR*,ERR-IA@k,12472,0.6449110451856603,0:MMR(0.7);0:RNG(-0.2);1:MMR(0.7);1:RNG(-0.2);2:MMR(0.7);2:RNG(-0.2)
2026-08-07_031430_redundancy_2wikimultihopqa__chunking,2wikimultihopqa,chunking,overlap,0.5,MMR*,MRR,12472,0.9895084990378448,0:MMR(0.7);0:RNG(-0.2);1:MMR(0.7);1:RNG(-0.2);2:MMR(0.7);2:RNG(-0.2)
2026-08-07_031430_redundancy_2wikimultihopqa__chunking,2wikimultihopqa,chunking,overlap,0.5,MMR*,NDCG@k,12472,0.8246261134724019,0:MMR(0.7);0:RNG(-0.2);1:MMR(0.7);1:RNG(-0.2);2:MMR(0.7);2:RNG(-0.2)
2026-08-07_031430_redundancy_2wikimultihopqa__chunking,2wikimultihopqa,chunking,overlap,0.5,MMR*,Recall@k,12472,0.814484445157152,0:MMR(0.7);0:RNG(-0.2);1:MMR(0.7);1:RNG(-0.2);2:MMR(0.7);2:RNG(-0.2)
2026-08-07_031430_redundancy_2wikimultihopqa__chunking,2wikimultihopqa,chunking,overlap,0.5,MMR*,S-Recall@k,12472,0.8815680457558264,0:MMR(0.7);0:RNG(-0.2);1:MMR(0.7);1:RNG(-0.2);2:MMR(0.7);2:RNG(-0.2)
2026-08-07_031430_redundancy_2wikimultihopqa__chunking,2wikimultihopqa,chunking,overlap,0.5,MMR*,Vendi,12472,3.335717310683325,0:MMR(0.7);0:RNG(-0.2);1:MMR(0.7);1:RNG(-0.2);2:MMR(0.7);2:RNG(-0.2)
2026-08-07_031430_redundancy_2wikimultihopqa__chunking,2wikimultihopqa,chunking,overlap,0.5,MMR*,alpha-NDCG@k,12472,0.8309255195860406,0:MMR(0.7);0:RNG(-0.2);1:MMR(0.7);1:RNG(-0.2);2:MMR(0.7);2:RNG(-0.2)
2026-08-07_031430_redundancy_2wikimultihopqa__chunking,2wikimultihopqa,chunking,overlap,0.5,Maxmin,APD,12472,0.5441799962425974,
2026-08-07_031430_redundancy_2wikimultihopqa__chunking,2wikimultihopqa,chunking,overlap,0.5,Maxmin,ERR-IA@k,12472,0.6000816272895731,
2026-08-07_031430_redundancy_2wikimultihopqa__chunking,2wikimultihopqa,chunking,overlap,0.5,Maxmin,MRR,12472,0.9871859632242892,
2026-08-07_031430_redundancy_2wikimultihopqa__chunking,2wikimultihopqa,chunking,overlap,0.5,Maxmin,NDCG@k,12472,0.7573064704178084,
2026-08-07_031430_redundancy_2wikimultihopqa__chunking,2wikimultihopqa,chunking,overlap,0.5,Maxmin,Recall@k,12472,0.7426234765875561,
2026-08-07_031430_redundancy_2wikimultihopqa__chunking,2wikimultihopqa,chunking,overlap,0.5,Maxmin,S-Recall@k,12472,0.8068339747701518,
2026-08-07_031430_redundancy_2wikimultihopqa__chunking,2wikimultihopqa,chunking,overlap,0.5,Maxmin,Vendi,12472,3.351439935272898,
2026-08-07_031430_redundancy_2wikimultihopqa__chunking,2wikimultihopqa,chunking,overlap,0.5,Maxmin,alpha-NDCG@k,12472,0.7572713116140115,
2026-08-07_031430_redundancy_2wikimultihopqa__chunking,2wikimultihopqa,chunking,overlap,0.5,RNG*,APD,12472,0.494678015777073,0:MMR(0.7);0:RNG(-0.2);1:MMR(0.7);1:RNG(-0.2);2:MMR(0.7);2:RNG(-0.2)
2026-08-07_031430_redundancy_2wikimultihopqa__chunking,2wikimultihopqa,chunking,overlap,0.5,RNG*,ERR-IA@k,12472,0.6525789991803863,0:MMR(0.7);0:RNG(-0.2);1:MMR(0.7);1:RNG(-0.2);2:MMR(0.7);2:RNG(-0.2)
2026-08-07_031430_redundancy_2wikimultihopqa__chunking,2wikimultihopqa,chunking,overlap,0.5,RNG*,MRR,12472,0.9894951357707933,0:MMR(0.7);0:RNG(-0.2);1:MMR(0.7);1:RNG(-0.2);2:MMR(0.7);2:RNG(-0.2)
2026-08-07_031430_redundancy_2wikimultihopqa__chunking,2wikimultihopqa,chunking,overlap,0.5,RNG*,NDCG@k,12472,0.8400669400210309,0:MMR(0.7);0:RNG(-0.2);1:MMR(0.7);1:RNG(-0.2);2:MMR(0.7);2:RNG(-0.2)
2026-08-07_031430_redundancy_2wikimultihopqa__chunking,2wikimultihopqa,chunking,overlap,0.5,RNG*,Recall@k,12472,0.8367944194996793,0:MMR(0.7);0:RNG(-0.2);1:MMR(0.7);1:RNG(-0.2);2:MMR(0.7);2:RNG(-0.2)
2026-08-07_031430_redundancy_2wikimultihopqa__chunking,2wikimultihopqa,chunking,overlap,0.5,RNG*,S-Recall@k,12472,0.9036441629249519,0:MMR(0.7);0:RNG(-0.2);1:MMR(0.7);1:RNG(-0.2);2:MMR(0.7);2:RNG(-0.2)
2026-08-07_031430_redundancy_2wikimultihopqa__chunking,2wikimultihopqa,chunking,overlap,0.5,RNG*,Vendi,12472,3.212417021575381,0:MMR(0.7);0:RNG(-0.2);1:MMR(0.7);1:RNG(-0.2);2:MMR(0.7);2:RNG(-0.2)
2026-08-07_031430_redundancy_2wikimultihopqa__chunking,2wikimultihopqa,chunking,overlap,0.5,RNG*,alpha-NDCG@k,12472,0.8568095987964756,0:MMR(0.7);0:RNG(-0.2);1:MMR(0.7);1:RNG(-0.2);2:MMR(0.7);2:RNG(-0.2)
2026-08-07_031430_redundancy_2wikimultihopqa__chunking,2wikimultihopqa,chunking,overlap,0.5,kNN,APD,12472,0.44765363217972465,
2026-08-07_031430_redundancy_2wikimultihopqa__chunking,2wikimultihopqa,chunking,overlap,0.5,kNN,ERR-IA@k,12472,0.6378498948756325,
2026-08-07_031430_redundancy_2wikimultihopqa__chunking,2wikimultihopqa,chunking,overlap,0.5,kNN,MRR,12472,0.9893561577934573,
2026-08-07_031430_redundancy_2wikimultihopqa__chunking,2wikimultihopqa,chunking,overlap,0.5,kNN,NDCG@k,12472,0.8165393031444262,
2026-08-07_031430_redundancy_2wikimultihopqa__chunking,2wikimultihopqa,chunking,overlap,0.5,kNN,Recall@k,12472,0.8088117382937781,
2026-08-07_031430_redundancy_2wikimultihopqa__chunking,2wikimultihopqa,chunking,overlap,0.5,kNN,S-Recall@k,12472,0.8734298161214453,
2026-08-07_031430_redundancy_2wikimultihopqa__chunking,2wikimultihopqa,chunking,overlap,0.5,kNN,Vendi,12472,2.9398281851722463,
2026-08-07_031430_redundancy_2wikimultihopqa__chunking,2wikimultihopqa,chunking,overlap,0.5,kNN,alpha-NDCG@k,12472,0.8677249376297752,
2026-08-07_031430_redundancy_2wikimultihopqa__chunking,2wikimultihopqa,chunking,overlap,0.75,Greedy-DPP,APD,12472,0.5032133329576066,
2026-08-07_031430_redundancy_2wikimultihopqa__chunking,2wikimultihopqa,chunking,overlap,0.75,Greedy-DPP,ERR-IA@k,12472,0.6945377645926876,
2026-08-07_031430_redundancy_2wikimultihopqa__chunking,2wikimultihopqa,chunking,overlap,0.75,Greedy-DPP,MRR,12472,0.9886866581141759,
2026-08-07_031430_redundancy_2wikimultihopqa__chunking,2wikimultihopqa,chunking,overlap,0.75,Greedy-DPP,NDCG@k,12472,0.8422338874696668,
2026-08-07_031430_redundancy_2wikimultihopqa__chunking,2wikimultihopqa,chunking,overlap,0.75,Greedy-DPP,Recall@k,12472,0.834108402822322,
2026-08-07_031430_redundancy_2wikimultihopqa__chunking,2wikimultihopqa,chunking,overlap,0.75,Greedy-DPP,S-Recall@k,12472,0.9440480008552491,
2026-08-07_031430_redundancy_2wikimultihopqa__chunking,2wikimultihopqa,chunking,overlap,0.75,Greedy-DPP,Vendi,12472,3.279588747122029,
2026-08-07_031430_redundancy_2wikimultihopqa__chunking,2wikimultihopqa,chunking,overlap,0.75,Greedy-DPP,alpha-NDCG@k,12472,0.8586046904030481,
2026-08-07_031430_redundancy_2wikimultihopqa__chunking,2wikimultihopqa,chunking,overlap,0.75,MMR*,APD,12472,0.49417610341955437,0:MMR(0.7);0:RNG(-0.2);1:MMR(0.5);1:RNG(-0.2);2:MMR(0.7);2:RNG(-0.2)
2026-08-07_031430_redundancy_2wikimultihopqa__chunking,2wikimultihopqa,chunking,overlap,0.75,MMR*,ERR-IA@k,12472,0.6791799185731594,0:MMR(0.7);0:RNG(-0.2);1:MMR(0.5);1:RNG(-0.2);2:MMR(0.7);2:RNG(-0.2)
2026-08-07_031430_redundancy_2wikimultihopqa__chunking,2wikimultihopqa,chunking,overlap,0.75,MMR*,MRR,12472,0.9888214043902788,0:MMR(0.7);0:RNG(-0.2);1:MMR(0.5);1:RNG(-0.2);2:MMR(0.7);2:RNG(-0.2)
2026-08-07_031430_redundancy_2wikimultihopqa__chunking,2wikimultihopqa,chunking,overlap,0.75,MMR*,NDCG@k,12472,0.8178590319002759,0:MMR(0.7);0:RNG(-0.2);1:MMR(0.5);1:RNG(-0.2);2:MMR(0.7);2:RNG(-0.2)
2026-08-07_031430_redundancy_2wikimultihopqa__chunking,2wikimultihopqa,chunking,overlap,0.75,MMR*,Recall@k,12472,0.8050299337181953,0:MMR(0.7);0:RNG(-0.2);1:MMR(0.5);1:RNG(-0.2);2:MMR(0.7);2:RNG(-0.2)
2026-08-07_031430_redundancy_2wikimultihopqa__chunking,2wikimultihopqa,chunking,overlap,0.75,MMR*,S-Recall@k,12472,0.9145396799942983,0:MMR(0.7);0:RNG(-0.2);1:MMR(0.5);1:RNG(-0.2);2:MMR(0.7);2:RNG(-0.2)
2026-08-07_031430_redundancy_2wikimultihopqa__chunking,2wikimultihopqa,chunking,overlap,0.75,MMR*,Vendi,12472,3.21834758737638,0:MMR(0.7);0:RNG(-0.2);1:MMR(0.5);1:RNG(-0.2);2:MMR(0.7);2:RNG(-0.2)
2026-08-07_031430_redundancy_2wikimultihopqa__chunking,2wikimultihopqa,chunking,overlap,0.75,MMR*,alpha-NDCG@k,12472,0.8444953646275738,0:MMR(0.7);0:RNG(-0.2);1:MMR(0.5);1:RNG(-0.2);2:MMR(0.7);2:RNG(-0.2)
2026-08-07_031430_redundancy_2wikimultihopqa__chunking,2wikimultihopqa,chunking,overlap,0.75,Maxmin,APD,12472,0.4891434224678479,
2026-08-07_031430_redundancy_2wikimultihopqa__chunking,2wikimultihopqa,chunking,overlap,0.75,Maxmin,ERR-IA@k,12472,0.6401096233340461,
2026-08-07_031430_redundancy_2wikimultihopqa__chunking,2wikimultihopqa,chunking,overlap,0.75,Maxmin,MRR,12472,0.9871191468890315,
2026-08-07_031430_redundancy_2wikimultihopqa__chunking,2wikimultihopqa,chunking,overlap,0.75,Maxmin,NDCG@k,12472,0.7560137131003469,
2026-08-07_031430_redundancy_2wikimultihopqa__chunking,2wikimultihopqa,chunking,overlap,0.75,Maxmin,Recall@k,12472,0.7303960872354073,
2026-08-07_031430_redundancy_2wikimultihopqa__chunking,2wikimultihopqa,chunking,overlap,0.75,Maxmin,S-Recall@k,12472,0.8360594398118453,
2026-08-07_031430_redundancy_2wikimultihopqa__chunking,2wikimultihopqa,chunking,overlap,0.75,Maxmin,Vendi,12472,3.01910962500849,
2026-08-07_031430_redundancy_2wikimultihopqa__chunking,2wikimultihopqa,chunking,overlap,0.75,Maxmin,alpha-NDCG@k,12472,0.7951347035905311,
2026-08-07_031430_redundancy_2wikimultihopqa__chunking,2wikimultihopqa,chunking,overlap,0.75,RNG*,APD,12472,0.4690599685398631,0:MMR(0.7);0:RNG(-0.2);1:MMR(0.5);1:RNG(-0.2);2:MMR(0.7);2:RNG(-0.2)
2026-08-07_031430_redundancy_2wikimultihopqa__chunking,2wikimultihopqa,chunking,overlap,0.75,RNG*,ERR-IA@k,12472,0.689666519670729,0:MMR(0.7);0:RNG(-0.2);1:MMR(0.5);1:RNG(-0.2);2:MMR(0.7);2:RNG(-0.2)
2026-08-07_031430_redundancy_2wikimultihopqa__chunking,2wikimultihopqa,chunking,overlap,0.75,RNG*,MRR,12472,0.9891370002138122,0:MMR(0.7);0:RNG(-0.2);1:MMR(0.5);1:RNG(-0.2);2:MMR(0.7);2:RNG(-0.2)
2026-08-07_031430_redundancy_2wikimultihopqa__chunking,2wikimultihopqa,chunking,overlap,0.75,RNG*,NDCG@k,12472,0.8359472372599305,0:MMR(0.7);0:RNG(-0.2);1:MMR(0.5);1:RNG(-0.2);2:MMR(0.7);2:RNG(-0.2)
2026-08-07_031430_redundancy_2wikimultihopqa__chunking,2wikimultihopqa,chunking,overlap,0.75,RNG*,Recall@k,12472,0.826932328415651,0:MMR(0.7);0:RNG(-0.2);1:MMR(0.5);1:RNG(-0.2);2:MMR(0.7);2:RNG(-0.2)
2026-08-07_031430_redundancy_2wikimultihopqa__chunking,2wikimultihopqa,chunking,overlap,0.75,RNG*,S-Recall@k,12472,0.9365177998717127,0:MMR(0.7);0:RNG(-0.2);1:MMR(0.5);1:RNG(-0.2);2:MMR(0.7);2:RNG(-0.2)
2026-08-07_031430_redundancy_2wikimultihopqa__chunking,2wikimultihopqa,chunking,overlap,0.75,RNG*,Vendi,12472,3.0602950645781544,0:MMR(0.7);0:RNG(-0.2);1:MMR(0.5);1:RNG(-0.2);2:MMR(0.7);2:RNG(-0.2)
2026-08-07_031430_redundancy_2wikimultihopqa__chunking,2wikimultihopqa,chunking,overlap,0.75,RNG*,alpha-NDCG@k,12472,0.8751375544006299,0:MMR(0.7);0:RNG(-0.2);1:MMR(0.5);1:RNG(-0.2);2:MMR(0.7);2:RNG(-0.2)
2026-08-07_031430_redundancy_2wikimultihopqa__chunking,2wikimultihopqa,chunking,overlap,0.75,kNN,APD,12472,0.392399729227419,
2026-08-07_031430_redundancy_2wikimultihopqa__chunking,2wikimultihopqa,chunking,overlap,0.75,kNN,ERR-IA@k,12472,0.66058827328772,
2026-08-07_031430_redundancy_2wikimultihopqa__chunking,2wikimultihopqa,chunking,overlap,0.75,kNN,MRR,12472,0.9885249625828523,
2026-08-07_031430_redundancy_2wikimultihopqa__chunking,2wikimultihopqa,chunking,overlap,0.75,kNN,NDCG@k,12472,0.7902286169051119,
2026-08-07_031430_redundancy_2wikimultihopqa__chunking,2wikimultihopqa,chunking,overlap,0.75,kNN,Recall@k,12472,0.7695838678640154,
2026-08-07_031430_redundancy_2wikimultihopqa__chunking,2wikimultihopqa,chunking,overlap,0.75,kNN,S-Recall@k,12472,0.8742783835792175,
2026-08-07_031430_redundancy_2wikimultihopqa__chunking,2wikimultihopqa,chunking,overlap,0.75,kNN,Vendi,12472,2.6294409241085255,
2026-08-07_031430_redundancy_2wikimultihopqa__chunking,2wikimultihopqa,chunking,overlap,0.75,kNN,alpha-NDCG@k,12472,0.8761542822515896,
