Method,EM,F1,Hallucination Rate,RunParams
kNN,0.341,0.453,0.083,"{""alpha_grid"": null, ""alpha_json"": null, ""alpha_objective"": ""f1"", ""coarse_to_fine"": null, ""config"": ""/home/guillaume/Code/Relative-Distance-Selection-for-RAG/implementation/config.yaml"", ""dataset"": ""hotpotqa_fullwiki"", ""device"": ""cuda"", ""include_rds"": false, ""max_samples"": null, ""metric"": ""cosine"", ""run_generation"": true, ""script"": ""evaluate.py"", ""split"": ""validation"", ""top_k"": 5, ""top_m"": 100}"
MMR(λ=0.3),0.233,0.324,0.095,"{""alpha_grid"": null, ""alpha_json"": null, ""alpha_objective"": ""f1"", ""coarse_to_fine"": null, ""config"": ""/home/guillaume/Code/Relative-Distance-Selection-for-RAG/implementation/config.yaml"", ""dataset"": ""hotpotqa_fullwiki"", ""device"": ""cuda"", ""include_rds"": false, ""max_samples"": null, ""metric"": ""cosine"", ""run_generation"": true, ""script"": ""evaluate.py"", ""split"": ""validation"", ""top_k"": 5, ""top_m"": 100}"
MMR(λ=0.5),0.257,0.353,0.088,"{""alpha_grid"": null, ""alpha_json"": null, ""alpha_objective"": ""f1"", ""coarse_to_fine"": null, ""config"": ""/home/guillaume/Code/Relative-Distance-Selection-for-RAG/implementation/config.yaml"", ""dataset"": ""hotpotqa_fullwiki"", ""device"": ""cuda"", ""include_rds"": false, ""max_samples"": null, ""metric"": ""cosine"", ""run_generation"": true, ""script"": ""evaluate.py"", ""split"": ""validation"", ""top_k"": 5, ""top_m"": 100}"
MMR(λ=0.7),0.310,0.416,0.083,"{""alpha_grid"": null, ""alpha_json"": null, ""alpha_objective"": ""f1"", ""coarse_to_fine"": null, ""config"": ""/home/guillaume/Code/Relative-Distance-Selection-for-RAG/implementation/config.yaml"", ""dataset"": ""hotpotqa_fullwiki"", ""device"": ""cuda"", ""include_rds"": false, ""max_samples"": null, ""metric"": ""cosine"", ""run_generation"": true, ""script"": ""evaluate.py"", ""split"": ""validation"", ""top_k"": 5, ""top_m"": 100}"
Maxmin,0.236,0.327,0.105,"{""alpha_grid"": null, ""alpha_json"": null, ""alpha_objective"": ""f1"", ""coarse_to_fine"": null, ""config"": ""/home/guillaume/Code/Relative-Distance-Selection-for-RAG/implementation/config.yaml"", ""dataset"": ""hotpotqa_fullwiki"", ""device"": ""cuda"", ""include_rds"": false, ""max_samples"": null, ""metric"": ""cosine"", ""run_generation"": true, ""script"": ""evaluate.py"", ""split"": ""validation"", ""top_k"": 5, ""top_m"": 100}"
Greedy-DPP,0.296,0.400,0.083,"{""alpha_grid"": null, ""alpha_json"": null, ""alpha_objective"": ""f1"", ""coarse_to_fine"": null, ""config"": ""/home/guillaume/Code/Relative-Distance-Selection-for-RAG/implementation/config.yaml"", ""dataset"": ""hotpotqa_fullwiki"", ""device"": ""cuda"", ""include_rds"": false, ""max_samples"": null, ""metric"": ""cosine"", ""run_generation"": true, ""script"": ""evaluate.py"", ""split"": ""validation"", ""top_k"": 5, ""top_m"": 100}"
RNG-Score(α=-1.0),0.341,0.453,0.083,"{""alpha_grid"": null, ""alpha_json"": null, ""alpha_objective"": ""f1"", ""coarse_to_fine"": null, ""config"": ""/home/guillaume/Code/Relative-Distance-Selection-for-RAG/implementation/config.yaml"", ""dataset"": ""hotpotqa_fullwiki"", ""device"": ""cuda"", ""include_rds"": false, ""max_samples"": null, ""metric"": ""cosine"", ""run_generation"": true, ""script"": ""evaluate.py"", ""split"": ""validation"", ""top_k"": 5, ""top_m"": 100}"
RNG-Score(α=-0.95),0.341,0.453,0.083,"{""alpha_grid"": null, ""alpha_json"": null, ""alpha_objective"": ""f1"", ""coarse_to_fine"": null, ""config"": ""/home/guillaume/Code/Relative-Distance-Selection-for-RAG/implementation/config.yaml"", ""dataset"": ""hotpotqa_fullwiki"", ""device"": ""cuda"", ""include_rds"": false, ""max_samples"": null, ""metric"": ""cosine"", ""run_generation"": true, ""script"": ""evaluate.py"", ""split"": ""validation"", ""top_k"": 5, ""top_m"": 100}"
RNG-Score(α=-0.9),0.341,0.453,0.083,"{""alpha_grid"": null, ""alpha_json"": null, ""alpha_objective"": ""f1"", ""coarse_to_fine"": null, ""config"": ""/home/guillaume/Code/Relative-Distance-Selection-for-RAG/implementation/config.yaml"", ""dataset"": ""hotpotqa_fullwiki"", ""device"": ""cuda"", ""include_rds"": false, ""max_samples"": null, ""metric"": ""cosine"", ""run_generation"": true, ""script"": ""evaluate.py"", ""split"": ""validation"", ""top_k"": 5, ""top_m"": 100}"
RNG-Score(α=-0.85),0.341,0.453,0.083,"{""alpha_grid"": null, ""alpha_json"": null, ""alpha_objective"": ""f1"", ""coarse_to_fine"": null, ""config"": ""/home/guillaume/Code/Relative-Distance-Selection-for-RAG/implementation/config.yaml"", ""dataset"": ""hotpotqa_fullwiki"", ""device"": ""cuda"", ""include_rds"": false, ""max_samples"": null, ""metric"": ""cosine"", ""run_generation"": true, ""script"": ""evaluate.py"", ""split"": ""validation"", ""top_k"": 5, ""top_m"": 100}"
RNG-Score(α=-0.8),0.341,0.453,0.083,"{""alpha_grid"": null, ""alpha_json"": null, ""alpha_objective"": ""f1"", ""coarse_to_fine"": null, ""config"": ""/home/guillaume/Code/Relative-Distance-Selection-for-RAG/implementation/config.yaml"", ""dataset"": ""hotpotqa_fullwiki"", ""device"": ""cuda"", ""include_rds"": false, ""max_samples"": null, ""metric"": ""cosine"", ""run_generation"": true, ""script"": ""evaluate.py"", ""split"": ""validation"", ""top_k"": 5, ""top_m"": 100}"
RNG-Score(α=-0.75),0.341,0.453,0.083,"{""alpha_grid"": null, ""alpha_json"": null, ""alpha_objective"": ""f1"", ""coarse_to_fine"": null, ""config"": ""/home/guillaume/Code/Relative-Distance-Selection-for-RAG/implementation/config.yaml"", ""dataset"": ""hotpotqa_fullwiki"", ""device"": ""cuda"", ""include_rds"": false, ""max_samples"": null, ""metric"": ""cosine"", ""run_generation"": true, ""script"": ""evaluate.py"", ""split"": ""validation"", ""top_k"": 5, ""top_m"": 100}"
RNG-Score(α=-0.7),0.341,0.453,0.083,"{""alpha_grid"": null, ""alpha_json"": null, ""alpha_objective"": ""f1"", ""coarse_to_fine"": null, ""config"": ""/home/guillaume/Code/Relative-Distance-Selection-for-RAG/implementation/config.yaml"", ""dataset"": ""hotpotqa_fullwiki"", ""device"": ""cuda"", ""include_rds"": false, ""max_samples"": null, ""metric"": ""cosine"", ""run_generation"": true, ""script"": ""evaluate.py"", ""split"": ""validation"", ""top_k"": 5, ""top_m"": 100}"
RNG-Score(α=-0.65),0.341,0.453,0.083,"{""alpha_grid"": null, ""alpha_json"": null, ""alpha_objective"": ""f1"", ""coarse_to_fine"": null, ""config"": ""/home/guillaume/Code/Relative-Distance-Selection-for-RAG/implementation/config.yaml"", ""dataset"": ""hotpotqa_fullwiki"", ""device"": ""cuda"", ""include_rds"": false, ""max_samples"": null, ""metric"": ""cosine"", ""run_generation"": true, ""script"": ""evaluate.py"", ""split"": ""validation"", ""top_k"": 5, ""top_m"": 100}"
RNG-Score(α=-0.6),0.341,0.453,0.083,"{""alpha_grid"": null, ""alpha_json"": null, ""alpha_objective"": ""f1"", ""coarse_to_fine"": null, ""config"": ""/home/guillaume/Code/Relative-Distance-Selection-for-RAG/implementation/config.yaml"", ""dataset"": ""hotpotqa_fullwiki"", ""device"": ""cuda"", ""include_rds"": false, ""max_samples"": null, ""metric"": ""cosine"", ""run_generation"": true, ""script"": ""evaluate.py"", ""split"": ""validation"", ""top_k"": 5, ""top_m"": 100}"
RNG-Score(α=-0.55),0.341,0.453,0.083,"{""alpha_grid"": null, ""alpha_json"": null, ""alpha_objective"": ""f1"", ""coarse_to_fine"": null, ""config"": ""/home/guillaume/Code/Relative-Distance-Selection-for-RAG/implementation/config.yaml"", ""dataset"": ""hotpotqa_fullwiki"", ""device"": ""cuda"", ""include_rds"": false, ""max_samples"": null, ""metric"": ""cosine"", ""run_generation"": true, ""script"": ""evaluate.py"", ""split"": ""validation"", ""top_k"": 5, ""top_m"": 100}"
RNG-Score(α=-0.5),0.341,0.453,0.083,"{""alpha_grid"": null, ""alpha_json"": null, ""alpha_objective"": ""f1"", ""coarse_to_fine"": null, ""config"": ""/home/guillaume/Code/Relative-Distance-Selection-for-RAG/implementation/config.yaml"", ""dataset"": ""hotpotqa_fullwiki"", ""device"": ""cuda"", ""include_rds"": false, ""max_samples"": null, ""metric"": ""cosine"", ""run_generation"": true, ""script"": ""evaluate.py"", ""split"": ""validation"", ""top_k"": 5, ""top_m"": 100}"
RNG-Score(α=-0.45),0.341,0.453,0.083,"{""alpha_grid"": null, ""alpha_json"": null, ""alpha_objective"": ""f1"", ""coarse_to_fine"": null, ""config"": ""/home/guillaume/Code/Relative-Distance-Selection-for-RAG/implementation/config.yaml"", ""dataset"": ""hotpotqa_fullwiki"", ""device"": ""cuda"", ""include_rds"": false, ""max_samples"": null, ""metric"": ""cosine"", ""run_generation"": true, ""script"": ""evaluate.py"", ""split"": ""validation"", ""top_k"": 5, ""top_m"": 100}"
RNG-Score(α=-0.4),0.341,0.454,0.083,"{""alpha_grid"": null, ""alpha_json"": null, ""alpha_objective"": ""f1"", ""coarse_to_fine"": null, ""config"": ""/home/guillaume/Code/Relative-Distance-Selection-for-RAG/implementation/config.yaml"", ""dataset"": ""hotpotqa_fullwiki"", ""device"": ""cuda"", ""include_rds"": false, ""max_samples"": null, ""metric"": ""cosine"", ""run_generation"": true, ""script"": ""evaluate.py"", ""split"": ""validation"", ""top_k"": 5, ""top_m"": 100}"
RNG-Score(α=-0.35),0.341,0.453,0.083,"{""alpha_grid"": null, ""alpha_json"": null, ""alpha_objective"": ""f1"", ""coarse_to_fine"": null, ""config"": ""/home/guillaume/Code/Relative-Distance-Selection-for-RAG/implementation/config.yaml"", ""dataset"": ""hotpotqa_fullwiki"", ""device"": ""cuda"", ""include_rds"": false, ""max_samples"": null, ""metric"": ""cosine"", ""run_generation"": true, ""script"": ""evaluate.py"", ""split"": ""validation"", ""top_k"": 5, ""top_m"": 100}"
RNG-Score(α=-0.3),0.341,0.454,0.083,"{""alpha_grid"": null, ""alpha_json"": null, ""alpha_objective"": ""f1"", ""coarse_to_fine"": null, ""config"": ""/home/guillaume/Code/Relative-Distance-Selection-for-RAG/implementation/config.yaml"", ""dataset"": ""hotpotqa_fullwiki"", ""device"": ""cuda"", ""include_rds"": false, ""max_samples"": null, ""metric"": ""cosine"", ""run_generation"": true, ""script"": ""evaluate.py"", ""split"": ""validation"", ""top_k"": 5, ""top_m"": 100}"
RNG-Score(α=-0.25),0.339,0.452,0.082,"{""alpha_grid"": null, ""alpha_json"": null, ""alpha_objective"": ""f1"", ""coarse_to_fine"": null, ""config"": ""/home/guillaume/Code/Relative-Distance-Selection-for-RAG/implementation/config.yaml"", ""dataset"": ""hotpotqa_fullwiki"", ""device"": ""cuda"", ""include_rds"": false, ""max_samples"": null, ""metric"": ""cosine"", ""run_generation"": true, ""script"": ""evaluate.py"", ""split"": ""validation"", ""top_k"": 5, ""top_m"": 100}"
RNG-Score(α=-0.2),0.339,0.450,0.082,"{""alpha_grid"": null, ""alpha_json"": null, ""alpha_objective"": ""f1"", ""coarse_to_fine"": null, ""config"": ""/home/guillaume/Code/Relative-Distance-Selection-for-RAG/implementation/config.yaml"", ""dataset"": ""hotpotqa_fullwiki"", ""device"": ""cuda"", ""include_rds"": false, ""max_samples"": null, ""metric"": ""cosine"", ""run_generation"": true, ""script"": ""evaluate.py"", ""split"": ""validation"", ""top_k"": 5, ""top_m"": 100}"
RNG-Score(α=-0.15),0.333,0.443,0.083,"{""alpha_grid"": null, ""alpha_json"": null, ""alpha_objective"": ""f1"", ""coarse_to_fine"": null, ""config"": ""/home/guillaume/Code/Relative-Distance-Selection-for-RAG/implementation/config.yaml"", ""dataset"": ""hotpotqa_fullwiki"", ""device"": ""cuda"", ""include_rds"": false, ""max_samples"": null, ""metric"": ""cosine"", ""run_generation"": true, ""script"": ""evaluate.py"", ""split"": ""validation"", ""top_k"": 5, ""top_m"": 100}"
RNG-Score(α=-0.1),0.330,0.440,0.082,"{""alpha_grid"": null, ""alpha_json"": null, ""alpha_objective"": ""f1"", ""coarse_to_fine"": null, ""config"": ""/home/guillaume/Code/Relative-Distance-Selection-for-RAG/implementation/config.yaml"", ""dataset"": ""hotpotqa_fullwiki"", ""device"": ""cuda"", ""include_rds"": false, ""max_samples"": null, ""metric"": ""cosine"", ""run_generation"": true, ""script"": ""evaluate.py"", ""split"": ""validation"", ""top_k"": 5, ""top_m"": 100}"
RNG-Score(α=-0.05),0.326,0.436,0.080,"{""alpha_grid"": null, ""alpha_json"": null, ""alpha_objective"": ""f1"", ""coarse_to_fine"": null, ""config"": ""/home/guillaume/Code/Relative-Distance-Selection-for-RAG/implementation/config.yaml"", ""dataset"": ""hotpotqa_fullwiki"", ""device"": ""cuda"", ""include_rds"": false, ""max_samples"": null, ""metric"": ""cosine"", ""run_generation"": true, ""script"": ""evaluate.py"", ""split"": ""validation"", ""top_k"": 5, ""top_m"": 100}"
RNG-Score(α=0.0),0.327,0.438,0.080,"{""alpha_grid"": null, ""alpha_json"": null, ""alpha_objective"": ""f1"", ""coarse_to_fine"": null, ""config"": ""/home/guillaume/Code/Relative-Distance-Selection-for-RAG/implementation/config.yaml"", ""dataset"": ""hotpotqa_fullwiki"", ""device"": ""cuda"", ""include_rds"": false, ""max_samples"": null, ""metric"": ""cosine"", ""run_generation"": true, ""script"": ""evaluate.py"", ""split"": ""validation"", ""top_k"": 5, ""top_m"": 100}"
RNG-Score(α=0.05),0.331,0.442,0.079,"{""alpha_grid"": null, ""alpha_json"": null, ""alpha_objective"": ""f1"", ""coarse_to_fine"": null, ""config"": ""/home/guillaume/Code/Relative-Distance-Selection-for-RAG/implementation/config.yaml"", ""dataset"": ""hotpotqa_fullwiki"", ""device"": ""cuda"", ""include_rds"": false, ""max_samples"": null, ""metric"": ""cosine"", ""run_generation"": true, ""script"": ""evaluate.py"", ""split"": ""validation"", ""top_k"": 5, ""top_m"": 100}"
RNG-Score(α=0.1),0.335,0.448,0.081,"{""alpha_grid"": null, ""alpha_json"": null, ""alpha_objective"": ""f1"", ""coarse_to_fine"": null, ""config"": ""/home/guillaume/Code/Relative-Distance-Selection-for-RAG/implementation/config.yaml"", ""dataset"": ""hotpotqa_fullwiki"", ""device"": ""cuda"", ""include_rds"": false, ""max_samples"": null, ""metric"": ""cosine"", ""run_generation"": true, ""script"": ""evaluate.py"", ""split"": ""validation"", ""top_k"": 5, ""top_m"": 100}"
RNG-Score(α=0.15),0.338,0.451,0.081,"{""alpha_grid"": null, ""alpha_json"": null, ""alpha_objective"": ""f1"", ""coarse_to_fine"": null, ""config"": ""/home/guillaume/Code/Relative-Distance-Selection-for-RAG/implementation/config.yaml"", ""dataset"": ""hotpotqa_fullwiki"", ""device"": ""cuda"", ""include_rds"": false, ""max_samples"": null, ""metric"": ""cosine"", ""run_generation"": true, ""script"": ""evaluate.py"", ""split"": ""validation"", ""top_k"": 5, ""top_m"": 100}"
RNG-Score(α=0.2),0.343,0.456,0.081,"{""alpha_grid"": null, ""alpha_json"": null, ""alpha_objective"": ""f1"", ""coarse_to_fine"": null, ""config"": ""/home/guillaume/Code/Relative-Distance-Selection-for-RAG/implementation/config.yaml"", ""dataset"": ""hotpotqa_fullwiki"", ""device"": ""cuda"", ""include_rds"": false, ""max_samples"": null, ""metric"": ""cosine"", ""run_generation"": true, ""script"": ""evaluate.py"", ""split"": ""validation"", ""top_k"": 5, ""top_m"": 100}"
RNG-Score(α=0.25),0.344,0.456,0.081,"{""alpha_grid"": null, ""alpha_json"": null, ""alpha_objective"": ""f1"", ""coarse_to_fine"": null, ""config"": ""/home/guillaume/Code/Relative-Distance-Selection-for-RAG/implementation/config.yaml"", ""dataset"": ""hotpotqa_fullwiki"", ""device"": ""cuda"", ""include_rds"": false, ""max_samples"": null, ""metric"": ""cosine"", ""run_generation"": true, ""script"": ""evaluate.py"", ""split"": ""validation"", ""top_k"": 5, ""top_m"": 100}"
RNG-Score(α=0.3),0.343,0.455,0.081,"{""alpha_grid"": null, ""alpha_json"": null, ""alpha_objective"": ""f1"", ""coarse_to_fine"": null, ""config"": ""/home/guillaume/Code/Relative-Distance-Selection-for-RAG/implementation/config.yaml"", ""dataset"": ""hotpotqa_fullwiki"", ""device"": ""cuda"", ""include_rds"": false, ""max_samples"": null, ""metric"": ""cosine"", ""run_generation"": true, ""script"": ""evaluate.py"", ""split"": ""validation"", ""top_k"": 5, ""top_m"": 100}"
RNG-Score(α=0.35),0.343,0.455,0.082,"{""alpha_grid"": null, ""alpha_json"": null, ""alpha_objective"": ""f1"", ""coarse_to_fine"": null, ""config"": ""/home/guillaume/Code/Relative-Distance-Selection-for-RAG/implementation/config.yaml"", ""dataset"": ""hotpotqa_fullwiki"", ""device"": ""cuda"", ""include_rds"": false, ""max_samples"": null, ""metric"": ""cosine"", ""run_generation"": true, ""script"": ""evaluate.py"", ""split"": ""validation"", ""top_k"": 5, ""top_m"": 100}"
RNG-Score(α=0.4),0.344,0.456,0.082,"{""alpha_grid"": null, ""alpha_json"": null, ""alpha_objective"": ""f1"", ""coarse_to_fine"": null, ""config"": ""/home/guillaume/Code/Relative-Distance-Selection-for-RAG/implementation/config.yaml"", ""dataset"": ""hotpotqa_fullwiki"", ""device"": ""cuda"", ""include_rds"": false, ""max_samples"": null, ""metric"": ""cosine"", ""run_generation"": true, ""script"": ""evaluate.py"", ""split"": ""validation"", ""top_k"": 5, ""top_m"": 100}"
RNG-Score(α=0.45),0.343,0.455,0.082,"{""alpha_grid"": null, ""alpha_json"": null, ""alpha_objective"": ""f1"", ""coarse_to_fine"": null, ""config"": ""/home/guillaume/Code/Relative-Distance-Selection-for-RAG/implementation/config.yaml"", ""dataset"": ""hotpotqa_fullwiki"", ""device"": ""cuda"", ""include_rds"": false, ""max_samples"": null, ""metric"": ""cosine"", ""run_generation"": true, ""script"": ""evaluate.py"", ""split"": ""validation"", ""top_k"": 5, ""top_m"": 100}"
RNG-Score(α=0.5),0.343,0.455,0.082,"{""alpha_grid"": null, ""alpha_json"": null, ""alpha_objective"": ""f1"", ""coarse_to_fine"": null, ""config"": ""/home/guillaume/Code/Relative-Distance-Selection-for-RAG/implementation/config.yaml"", ""dataset"": ""hotpotqa_fullwiki"", ""device"": ""cuda"", ""include_rds"": false, ""max_samples"": null, ""metric"": ""cosine"", ""run_generation"": true, ""script"": ""evaluate.py"", ""split"": ""validation"", ""top_k"": 5, ""top_m"": 100}"
RNG-Score(α=0.55),0.343,0.456,0.082,"{""alpha_grid"": null, ""alpha_json"": null, ""alpha_objective"": ""f1"", ""coarse_to_fine"": null, ""config"": ""/home/guillaume/Code/Relative-Distance-Selection-for-RAG/implementation/config.yaml"", ""dataset"": ""hotpotqa_fullwiki"", ""device"": ""cuda"", ""include_rds"": false, ""max_samples"": null, ""metric"": ""cosine"", ""run_generation"": true, ""script"": ""evaluate.py"", ""split"": ""validation"", ""top_k"": 5, ""top_m"": 100}"
RNG-Score(α=0.6),0.343,0.455,0.082,"{""alpha_grid"": null, ""alpha_json"": null, ""alpha_objective"": ""f1"", ""coarse_to_fine"": null, ""config"": ""/home/guillaume/Code/Relative-Distance-Selection-for-RAG/implementation/config.yaml"", ""dataset"": ""hotpotqa_fullwiki"", ""device"": ""cuda"", ""include_rds"": false, ""max_samples"": null, ""metric"": ""cosine"", ""run_generation"": true, ""script"": ""evaluate.py"", ""split"": ""validation"", ""top_k"": 5, ""top_m"": 100}"
RNG-Score(α=0.65),0.342,0.454,0.083,"{""alpha_grid"": null, ""alpha_json"": null, ""alpha_objective"": ""f1"", ""coarse_to_fine"": null, ""config"": ""/home/guillaume/Code/Relative-Distance-Selection-for-RAG/implementation/config.yaml"", ""dataset"": ""hotpotqa_fullwiki"", ""device"": ""cuda"", ""include_rds"": false, ""max_samples"": null, ""metric"": ""cosine"", ""run_generation"": true, ""script"": ""evaluate.py"", ""split"": ""validation"", ""top_k"": 5, ""top_m"": 100}"
RNG-Score(α=0.7),0.342,0.454,0.083,"{""alpha_grid"": null, ""alpha_json"": null, ""alpha_objective"": ""f1"", ""coarse_to_fine"": null, ""config"": ""/home/guillaume/Code/Relative-Distance-Selection-for-RAG/implementation/config.yaml"", ""dataset"": ""hotpotqa_fullwiki"", ""device"": ""cuda"", ""include_rds"": false, ""max_samples"": null, ""metric"": ""cosine"", ""run_generation"": true, ""script"": ""evaluate.py"", ""split"": ""validation"", ""top_k"": 5, ""top_m"": 100}"
RNG-Score(α=0.75),0.341,0.454,0.083,"{""alpha_grid"": null, ""alpha_json"": null, ""alpha_objective"": ""f1"", ""coarse_to_fine"": null, ""config"": ""/home/guillaume/Code/Relative-Distance-Selection-for-RAG/implementation/config.yaml"", ""dataset"": ""hotpotqa_fullwiki"", ""device"": ""cuda"", ""include_rds"": false, ""max_samples"": null, ""metric"": ""cosine"", ""run_generation"": true, ""script"": ""evaluate.py"", ""split"": ""validation"", ""top_k"": 5, ""top_m"": 100}"
RNG-Score(α=0.8),0.341,0.454,0.083,"{""alpha_grid"": null, ""alpha_json"": null, ""alpha_objective"": ""f1"", ""coarse_to_fine"": null, ""config"": ""/home/guillaume/Code/Relative-Distance-Selection-for-RAG/implementation/config.yaml"", ""dataset"": ""hotpotqa_fullwiki"", ""device"": ""cuda"", ""include_rds"": false, ""max_samples"": null, ""metric"": ""cosine"", ""run_generation"": true, ""script"": ""evaluate.py"", ""split"": ""validation"", ""top_k"": 5, ""top_m"": 100}"
RNG-Score(α=0.85),0.341,0.454,0.083,"{""alpha_grid"": null, ""alpha_json"": null, ""alpha_objective"": ""f1"", ""coarse_to_fine"": null, ""config"": ""/home/guillaume/Code/Relative-Distance-Selection-for-RAG/implementation/config.yaml"", ""dataset"": ""hotpotqa_fullwiki"", ""device"": ""cuda"", ""include_rds"": false, ""max_samples"": null, ""metric"": ""cosine"", ""run_generation"": true, ""script"": ""evaluate.py"", ""split"": ""validation"", ""top_k"": 5, ""top_m"": 100}"
RNG-Score(α=0.9),0.341,0.453,0.083,"{""alpha_grid"": null, ""alpha_json"": null, ""alpha_objective"": ""f1"", ""coarse_to_fine"": null, ""config"": ""/home/guillaume/Code/Relative-Distance-Selection-for-RAG/implementation/config.yaml"", ""dataset"": ""hotpotqa_fullwiki"", ""device"": ""cuda"", ""include_rds"": false, ""max_samples"": null, ""metric"": ""cosine"", ""run_generation"": true, ""script"": ""evaluate.py"", ""split"": ""validation"", ""top_k"": 5, ""top_m"": 100}"
RNG-Score(α=0.95),0.341,0.453,0.083,"{""alpha_grid"": null, ""alpha_json"": null, ""alpha_objective"": ""f1"", ""coarse_to_fine"": null, ""config"": ""/home/guillaume/Code/Relative-Distance-Selection-for-RAG/implementation/config.yaml"", ""dataset"": ""hotpotqa_fullwiki"", ""device"": ""cuda"", ""include_rds"": false, ""max_samples"": null, ""metric"": ""cosine"", ""run_generation"": true, ""script"": ""evaluate.py"", ""split"": ""validation"", ""top_k"": 5, ""top_m"": 100}"
RNG-Score(α=1.0),0.341,0.453,0.083,"{""alpha_grid"": null, ""alpha_json"": null, ""alpha_objective"": ""f1"", ""coarse_to_fine"": null, ""config"": ""/home/guillaume/Code/Relative-Distance-Selection-for-RAG/implementation/config.yaml"", ""dataset"": ""hotpotqa_fullwiki"", ""device"": ""cuda"", ""include_rds"": false, ""max_samples"": null, ""metric"": ""cosine"", ""run_generation"": true, ""script"": ""evaluate.py"", ""split"": ""validation"", ""top_k"": 5, ""top_m"": 100}"
RNG-Score(α=1.05),0.341,0.453,0.083,"{""alpha_grid"": null, ""alpha_json"": null, ""alpha_objective"": ""f1"", ""coarse_to_fine"": null, ""config"": ""/home/guillaume/Code/Relative-Distance-Selection-for-RAG/implementation/config.yaml"", ""dataset"": ""hotpotqa_fullwiki"", ""device"": ""cuda"", ""include_rds"": false, ""max_samples"": null, ""metric"": ""cosine"", ""run_generation"": true, ""script"": ""evaluate.py"", ""split"": ""validation"", ""top_k"": 5, ""top_m"": 100}"
RNG-Score(α=1.1),0.341,0.453,0.083,"{""alpha_grid"": null, ""alpha_json"": null, ""alpha_objective"": ""f1"", ""coarse_to_fine"": null, ""config"": ""/home/guillaume/Code/Relative-Distance-Selection-for-RAG/implementation/config.yaml"", ""dataset"": ""hotpotqa_fullwiki"", ""device"": ""cuda"", ""include_rds"": false, ""max_samples"": null, ""metric"": ""cosine"", ""run_generation"": true, ""script"": ""evaluate.py"", ""split"": ""validation"", ""top_k"": 5, ""top_m"": 100}"
RNG-Score(α=1.15),0.341,0.453,0.083,"{""alpha_grid"": null, ""alpha_json"": null, ""alpha_objective"": ""f1"", ""coarse_to_fine"": null, ""config"": ""/home/guillaume/Code/Relative-Distance-Selection-for-RAG/implementation/config.yaml"", ""dataset"": ""hotpotqa_fullwiki"", ""device"": ""cuda"", ""include_rds"": false, ""max_samples"": null, ""metric"": ""cosine"", ""run_generation"": true, ""script"": ""evaluate.py"", ""split"": ""validation"", ""top_k"": 5, ""top_m"": 100}"
RNG-Score(α=1.2),0.341,0.453,0.083,"{""alpha_grid"": null, ""alpha_json"": null, ""alpha_objective"": ""f1"", ""coarse_to_fine"": null, ""config"": ""/home/guillaume/Code/Relative-Distance-Selection-for-RAG/implementation/config.yaml"", ""dataset"": ""hotpotqa_fullwiki"", ""device"": ""cuda"", ""include_rds"": false, ""max_samples"": null, ""metric"": ""cosine"", ""run_generation"": true, ""script"": ""evaluate.py"", ""split"": ""validation"", ""top_k"": 5, ""top_m"": 100}"
RNG-Score(α=1.25),0.341,0.453,0.083,"{""alpha_grid"": null, ""alpha_json"": null, ""alpha_objective"": ""f1"", ""coarse_to_fine"": null, ""config"": ""/home/guillaume/Code/Relative-Distance-Selection-for-RAG/implementation/config.yaml"", ""dataset"": ""hotpotqa_fullwiki"", ""device"": ""cuda"", ""include_rds"": false, ""max_samples"": null, ""metric"": ""cosine"", ""run_generation"": true, ""script"": ""evaluate.py"", ""split"": ""validation"", ""top_k"": 5, ""top_m"": 100}"
Seg-Score(α=-1.0),0.341,0.453,0.083,"{""alpha_grid"": null, ""alpha_json"": null, ""alpha_objective"": ""f1"", ""coarse_to_fine"": null, ""config"": ""/home/guillaume/Code/Relative-Distance-Selection-for-RAG/implementation/config.yaml"", ""dataset"": ""hotpotqa_fullwiki"", ""device"": ""cuda"", ""include_rds"": false, ""max_samples"": null, ""metric"": ""cosine"", ""run_generation"": true, ""script"": ""evaluate.py"", ""split"": ""validation"", ""top_k"": 5, ""top_m"": 100}"
Seg-Score(α=-0.95),0.341,0.453,0.083,"{""alpha_grid"": null, ""alpha_json"": null, ""alpha_objective"": ""f1"", ""coarse_to_fine"": null, ""config"": ""/home/guillaume/Code/Relative-Distance-Selection-for-RAG/implementation/config.yaml"", ""dataset"": ""hotpotqa_fullwiki"", ""device"": ""cuda"", ""include_rds"": false, ""max_samples"": null, ""metric"": ""cosine"", ""run_generation"": true, ""script"": ""evaluate.py"", ""split"": ""validation"", ""top_k"": 5, ""top_m"": 100}"
Seg-Score(α=-0.9),0.341,0.453,0.083,"{""alpha_grid"": null, ""alpha_json"": null, ""alpha_objective"": ""f1"", ""coarse_to_fine"": null, ""config"": ""/home/guillaume/Code/Relative-Distance-Selection-for-RAG/implementation/config.yaml"", ""dataset"": ""hotpotqa_fullwiki"", ""device"": ""cuda"", ""include_rds"": false, ""max_samples"": null, ""metric"": ""cosine"", ""run_generation"": true, ""script"": ""evaluate.py"", ""split"": ""validation"", ""top_k"": 5, ""top_m"": 100}"
Seg-Score(α=-0.85),0.341,0.453,0.083,"{""alpha_grid"": null, ""alpha_json"": null, ""alpha_objective"": ""f1"", ""coarse_to_fine"": null, ""config"": ""/home/guillaume/Code/Relative-Distance-Selection-for-RAG/implementation/config.yaml"", ""dataset"": ""hotpotqa_fullwiki"", ""device"": ""cuda"", ""include_rds"": false, ""max_samples"": null, ""metric"": ""cosine"", ""run_generation"": true, ""script"": ""evaluate.py"", ""split"": ""validation"", ""top_k"": 5, ""top_m"": 100}"
Seg-Score(α=-0.8),0.341,0.453,0.083,"{""alpha_grid"": null, ""alpha_json"": null, ""alpha_objective"": ""f1"", ""coarse_to_fine"": null, ""config"": ""/home/guillaume/Code/Relative-Distance-Selection-for-RAG/implementation/config.yaml"", ""dataset"": ""hotpotqa_fullwiki"", ""device"": ""cuda"", ""include_rds"": false, ""max_samples"": null, ""metric"": ""cosine"", ""run_generation"": true, ""script"": ""evaluate.py"", ""split"": ""validation"", ""top_k"": 5, ""top_m"": 100}"
Seg-Score(α=-0.75),0.341,0.453,0.083,"{""alpha_grid"": null, ""alpha_json"": null, ""alpha_objective"": ""f1"", ""coarse_to_fine"": null, ""config"": ""/home/guillaume/Code/Relative-Distance-Selection-for-RAG/implementation/config.yaml"", ""dataset"": ""hotpotqa_fullwiki"", ""device"": ""cuda"", ""include_rds"": false, ""max_samples"": null, ""metric"": ""cosine"", ""run_generation"": true, ""script"": ""evaluate.py"", ""split"": ""validation"", ""top_k"": 5, ""top_m"": 100}"
Seg-Score(α=-0.7),0.341,0.453,0.083,"{""alpha_grid"": null, ""alpha_json"": null, ""alpha_objective"": ""f1"", ""coarse_to_fine"": null, ""config"": ""/home/guillaume/Code/Relative-Distance-Selection-for-RAG/implementation/config.yaml"", ""dataset"": ""hotpotqa_fullwiki"", ""device"": ""cuda"", ""include_rds"": false, ""max_samples"": null, ""metric"": ""cosine"", ""run_generation"": true, ""script"": ""evaluate.py"", ""split"": ""validation"", ""top_k"": 5, ""top_m"": 100}"
Seg-Score(α=-0.65),0.341,0.453,0.083,"{""alpha_grid"": null, ""alpha_json"": null, ""alpha_objective"": ""f1"", ""coarse_to_fine"": null, ""config"": ""/home/guillaume/Code/Relative-Distance-Selection-for-RAG/implementation/config.yaml"", ""dataset"": ""hotpotqa_fullwiki"", ""device"": ""cuda"", ""include_rds"": false, ""max_samples"": null, ""metric"": ""cosine"", ""run_generation"": true, ""script"": ""evaluate.py"", ""split"": ""validation"", ""top_k"": 5, ""top_m"": 100}"
Seg-Score(α=-0.6),0.341,0.453,0.083,"{""alpha_grid"": null, ""alpha_json"": null, ""alpha_objective"": ""f1"", ""coarse_to_fine"": null, ""config"": ""/home/guillaume/Code/Relative-Distance-Selection-for-RAG/implementation/config.yaml"", ""dataset"": ""hotpotqa_fullwiki"", ""device"": ""cuda"", ""include_rds"": false, ""max_samples"": null, ""metric"": ""cosine"", ""run_generation"": true, ""script"": ""evaluate.py"", ""split"": ""validation"", ""top_k"": 5, ""top_m"": 100}"
Seg-Score(α=-0.55),0.341,0.453,0.083,"{""alpha_grid"": null, ""alpha_json"": null, ""alpha_objective"": ""f1"", ""coarse_to_fine"": null, ""config"": ""/home/guillaume/Code/Relative-Distance-Selection-for-RAG/implementation/config.yaml"", ""dataset"": ""hotpotqa_fullwiki"", ""device"": ""cuda"", ""include_rds"": false, ""max_samples"": null, ""metric"": ""cosine"", ""run_generation"": true, ""script"": ""evaluate.py"", ""split"": ""validation"", ""top_k"": 5, ""top_m"": 100}"
Seg-Score(α=-0.5),0.341,0.453,0.083,"{""alpha_grid"": null, ""alpha_json"": null, ""alpha_objective"": ""f1"", ""coarse_to_fine"": null, ""config"": ""/home/guillaume/Code/Relative-Distance-Selection-for-RAG/implementation/config.yaml"", ""dataset"": ""hotpotqa_fullwiki"", ""device"": ""cuda"", ""include_rds"": false, ""max_samples"": null, ""metric"": ""cosine"", ""run_generation"": true, ""script"": ""evaluate.py"", ""split"": ""validation"", ""top_k"": 5, ""top_m"": 100}"
Seg-Score(α=-0.45),0.341,0.453,0.083,"{""alpha_grid"": null, ""alpha_json"": null, ""alpha_objective"": ""f1"", ""coarse_to_fine"": null, ""config"": ""/home/guillaume/Code/Relative-Distance-Selection-for-RAG/implementation/config.yaml"", ""dataset"": ""hotpotqa_fullwiki"", ""device"": ""cuda"", ""include_rds"": false, ""max_samples"": null, ""metric"": ""cosine"", ""run_generation"": true, ""script"": ""evaluate.py"", ""split"": ""validation"", ""top_k"": 5, ""top_m"": 100}"
Seg-Score(α=-0.4),0.341,0.453,0.083,"{""alpha_grid"": null, ""alpha_json"": null, ""alpha_objective"": ""f1"", ""coarse_to_fine"": null, ""config"": ""/home/guillaume/Code/Relative-Distance-Selection-for-RAG/implementation/config.yaml"", ""dataset"": ""hotpotqa_fullwiki"", ""device"": ""cuda"", ""include_rds"": false, ""max_samples"": null, ""metric"": ""cosine"", ""run_generation"": true, ""script"": ""evaluate.py"", ""split"": ""validation"", ""top_k"": 5, ""top_m"": 100}"
Seg-Score(α=-0.35),0.340,0.453,0.083,"{""alpha_grid"": null, ""alpha_json"": null, ""alpha_objective"": ""f1"", ""coarse_to_fine"": null, ""config"": ""/home/guillaume/Code/Relative-Distance-Selection-for-RAG/implementation/config.yaml"", ""dataset"": ""hotpotqa_fullwiki"", ""device"": ""cuda"", ""include_rds"": false, ""max_samples"": null, ""metric"": ""cosine"", ""run_generation"": true, ""script"": ""evaluate.py"", ""split"": ""validation"", ""top_k"": 5, ""top_m"": 100}"
Seg-Score(α=-0.3),0.340,0.453,0.083,"{""alpha_grid"": null, ""alpha_json"": null, ""alpha_objective"": ""f1"", ""coarse_to_fine"": null, ""config"": ""/home/guillaume/Code/Relative-Distance-Selection-for-RAG/implementation/config.yaml"", ""dataset"": ""hotpotqa_fullwiki"", ""device"": ""cuda"", ""include_rds"": false, ""max_samples"": null, ""metric"": ""cosine"", ""run_generation"": true, ""script"": ""evaluate.py"", ""split"": ""validation"", ""top_k"": 5, ""top_m"": 100}"
Seg-Score(α=-0.25),0.340,0.452,0.082,"{""alpha_grid"": null, ""alpha_json"": null, ""alpha_objective"": ""f1"", ""coarse_to_fine"": null, ""config"": ""/home/guillaume/Code/Relative-Distance-Selection-for-RAG/implementation/config.yaml"", ""dataset"": ""hotpotqa_fullwiki"", ""device"": ""cuda"", ""include_rds"": false, ""max_samples"": null, ""metric"": ""cosine"", ""run_generation"": true, ""script"": ""evaluate.py"", ""split"": ""validation"", ""top_k"": 5, ""top_m"": 100}"
Seg-Score(α=-0.2),0.337,0.447,0.083,"{""alpha_grid"": null, ""alpha_json"": null, ""alpha_objective"": ""f1"", ""coarse_to_fine"": null, ""config"": ""/home/guillaume/Code/Relative-Distance-Selection-for-RAG/implementation/config.yaml"", ""dataset"": ""hotpotqa_fullwiki"", ""device"": ""cuda"", ""include_rds"": false, ""max_samples"": null, ""metric"": ""cosine"", ""run_generation"": true, ""script"": ""evaluate.py"", ""split"": ""validation"", ""top_k"": 5, ""top_m"": 100}"
Seg-Score(α=-0.15),0.333,0.442,0.082,"{""alpha_grid"": null, ""alpha_json"": null, ""alpha_objective"": ""f1"", ""coarse_to_fine"": null, ""config"": ""/home/guillaume/Code/Relative-Distance-Selection-for-RAG/implementation/config.yaml"", ""dataset"": ""hotpotqa_fullwiki"", ""device"": ""cuda"", ""include_rds"": false, ""max_samples"": null, ""metric"": ""cosine"", ""run_generation"": true, ""script"": ""evaluate.py"", ""split"": ""validation"", ""top_k"": 5, ""top_m"": 100}"
Seg-Score(α=-0.1),0.324,0.433,0.082,"{""alpha_grid"": null, ""alpha_json"": null, ""alpha_objective"": ""f1"", ""coarse_to_fine"": null, ""config"": ""/home/guillaume/Code/Relative-Distance-Selection-for-RAG/implementation/config.yaml"", ""dataset"": ""hotpotqa_fullwiki"", ""device"": ""cuda"", ""include_rds"": false, ""max_samples"": null, ""metric"": ""cosine"", ""run_generation"": true, ""script"": ""evaluate.py"", ""split"": ""validation"", ""top_k"": 5, ""top_m"": 100}"
Seg-Score(α=-0.05),0.319,0.428,0.081,"{""alpha_grid"": null, ""alpha_json"": null, ""alpha_objective"": ""f1"", ""coarse_to_fine"": null, ""config"": ""/home/guillaume/Code/Relative-Distance-Selection-for-RAG/implementation/config.yaml"", ""dataset"": ""hotpotqa_fullwiki"", ""device"": ""cuda"", ""include_rds"": false, ""max_samples"": null, ""metric"": ""cosine"", ""run_generation"": true, ""script"": ""evaluate.py"", ""split"": ""validation"", ""top_k"": 5, ""top_m"": 100}"
Seg-Score(α=0.0),0.326,0.435,0.080,"{""alpha_grid"": null, ""alpha_json"": null, ""alpha_objective"": ""f1"", ""coarse_to_fine"": null, ""config"": ""/home/guillaume/Code/Relative-Distance-Selection-for-RAG/implementation/config.yaml"", ""dataset"": ""hotpotqa_fullwiki"", ""device"": ""cuda"", ""include_rds"": false, ""max_samples"": null, ""metric"": ""cosine"", ""run_generation"": true, ""script"": ""evaluate.py"", ""split"": ""validation"", ""top_k"": 5, ""top_m"": 100}"
Seg-Score(α=0.05),0.332,0.444,0.080,"{""alpha_grid"": null, ""alpha_json"": null, ""alpha_objective"": ""f1"", ""coarse_to_fine"": null, ""config"": ""/home/guillaume/Code/Relative-Distance-Selection-for-RAG/implementation/config.yaml"", ""dataset"": ""hotpotqa_fullwiki"", ""device"": ""cuda"", ""include_rds"": false, ""max_samples"": null, ""metric"": ""cosine"", ""run_generation"": true, ""script"": ""evaluate.py"", ""split"": ""validation"", ""top_k"": 5, ""top_m"": 100}"
Seg-Score(α=0.1),0.338,0.450,0.080,"{""alpha_grid"": null, ""alpha_json"": null, ""alpha_objective"": ""f1"", ""coarse_to_fine"": null, ""config"": ""/home/guillaume/Code/Relative-Distance-Selection-for-RAG/implementation/config.yaml"", ""dataset"": ""hotpotqa_fullwiki"", ""device"": ""cuda"", ""include_rds"": false, ""max_samples"": null, ""metric"": ""cosine"", ""run_generation"": true, ""script"": ""evaluate.py"", ""split"": ""validation"", ""top_k"": 5, ""top_m"": 100}"
Seg-Score(α=0.15),0.341,0.453,0.081,"{""alpha_grid"": null, ""alpha_json"": null, ""alpha_objective"": ""f1"", ""coarse_to_fine"": null, ""config"": ""/home/guillaume/Code/Relative-Distance-Selection-for-RAG/implementation/config.yaml"", ""dataset"": ""hotpotqa_fullwiki"", ""device"": ""cuda"", ""include_rds"": false, ""max_samples"": null, ""metric"": ""cosine"", ""run_generation"": true, ""script"": ""evaluate.py"", ""split"": ""validation"", ""top_k"": 5, ""top_m"": 100}"
Seg-Score(α=0.2),0.343,0.455,0.081,"{""alpha_grid"": null, ""alpha_json"": null, ""alpha_objective"": ""f1"", ""coarse_to_fine"": null, ""config"": ""/home/guillaume/Code/Relative-Distance-Selection-for-RAG/implementation/config.yaml"", ""dataset"": ""hotpotqa_fullwiki"", ""device"": ""cuda"", ""include_rds"": false, ""max_samples"": null, ""metric"": ""cosine"", ""run_generation"": true, ""script"": ""evaluate.py"", ""split"": ""validation"", ""top_k"": 5, ""top_m"": 100}"
Seg-Score(α=0.25),0.342,0.455,0.081,"{""alpha_grid"": null, ""alpha_json"": null, ""alpha_objective"": ""f1"", ""coarse_to_fine"": null, ""config"": ""/home/guillaume/Code/Relative-Distance-Selection-for-RAG/implementation/config.yaml"", ""dataset"": ""hotpotqa_fullwiki"", ""device"": ""cuda"", ""include_rds"": false, ""max_samples"": null, ""metric"": ""cosine"", ""run_generation"": true, ""script"": ""evaluate.py"", ""split"": ""validation"", ""top_k"": 5, ""top_m"": 100}"
Seg-Score(α=0.3),0.343,0.455,0.082,"{""alpha_grid"": null, ""alpha_json"": null, ""alpha_objective"": ""f1"", ""coarse_to_fine"": null, ""config"": ""/home/guillaume/Code/Relative-Distance-Selection-for-RAG/implementation/config.yaml"", ""dataset"": ""hotpotqa_fullwiki"", ""device"": ""cuda"", ""include_rds"": false, ""max_samples"": null, ""metric"": ""cosine"", ""run_generation"": true, ""script"": ""evaluate.py"", ""split"": ""validation"", ""top_k"": 5, ""top_m"": 100}"
Seg-Score(α=0.35),0.343,0.455,0.082,"{""alpha_grid"": null, ""alpha_json"": null, ""alpha_objective"": ""f1"", ""coarse_to_fine"": null, ""config"": ""/home/guillaume/Code/Relative-Distance-Selection-for-RAG/implementation/config.yaml"", ""dataset"": ""hotpotqa_fullwiki"", ""device"": ""cuda"", ""include_rds"": false, ""max_samples"": null, ""metric"": ""cosine"", ""run_generation"": true, ""script"": ""evaluate.py"", ""split"": ""validation"", ""top_k"": 5, ""top_m"": 100}"
Seg-Score(α=0.4),0.343,0.455,0.082,"{""alpha_grid"": null, ""alpha_json"": null, ""alpha_objective"": ""f1"", ""coarse_to_fine"": null, ""config"": ""/home/guillaume/Code/Relative-Distance-Selection-for-RAG/implementation/config.yaml"", ""dataset"": ""hotpotqa_fullwiki"", ""device"": ""cuda"", ""include_rds"": false, ""max_samples"": null, ""metric"": ""cosine"", ""run_generation"": true, ""script"": ""evaluate.py"", ""split"": ""validation"", ""top_k"": 5, ""top_m"": 100}"
Seg-Score(α=0.45),0.343,0.455,0.082,"{""alpha_grid"": null, ""alpha_json"": null, ""alpha_objective"": ""f1"", ""coarse_to_fine"": null, ""config"": ""/home/guillaume/Code/Relative-Distance-Selection-for-RAG/implementation/config.yaml"", ""dataset"": ""hotpotqa_fullwiki"", ""device"": ""cuda"", ""include_rds"": false, ""max_samples"": null, ""metric"": ""cosine"", ""run_generation"": true, ""script"": ""evaluate.py"", ""split"": ""validation"", ""top_k"": 5, ""top_m"": 100}"
Seg-Score(α=0.5),0.343,0.455,0.082,"{""alpha_grid"": null, ""alpha_json"": null, ""alpha_objective"": ""f1"", ""coarse_to_fine"": null, ""config"": ""/home/guillaume/Code/Relative-Distance-Selection-for-RAG/implementation/config.yaml"", ""dataset"": ""hotpotqa_fullwiki"", ""device"": ""cuda"", ""include_rds"": false, ""max_samples"": null, ""metric"": ""cosine"", ""run_generation"": true, ""script"": ""evaluate.py"", ""split"": ""validation"", ""top_k"": 5, ""top_m"": 100}"
Seg-Score(α=0.55),0.343,0.455,0.082,"{""alpha_grid"": null, ""alpha_json"": null, ""alpha_objective"": ""f1"", ""coarse_to_fine"": null, ""config"": ""/home/guillaume/Code/Relative-Distance-Selection-for-RAG/implementation/config.yaml"", ""dataset"": ""hotpotqa_fullwiki"", ""device"": ""cuda"", ""include_rds"": false, ""max_samples"": null, ""metric"": ""cosine"", ""run_generation"": true, ""script"": ""evaluate.py"", ""split"": ""validation"", ""top_k"": 5, ""top_m"": 100}"
Seg-Score(α=0.6),0.342,0.455,0.083,"{""alpha_grid"": null, ""alpha_json"": null, ""alpha_objective"": ""f1"", ""coarse_to_fine"": null, ""config"": ""/home/guillaume/Code/Relative-Distance-Selection-for-RAG/implementation/config.yaml"", ""dataset"": ""hotpotqa_fullwiki"", ""device"": ""cuda"", ""include_rds"": false, ""max_samples"": null, ""metric"": ""cosine"", ""run_generation"": true, ""script"": ""evaluate.py"", ""split"": ""validation"", ""top_k"": 5, ""top_m"": 100}"
Seg-Score(α=0.65),0.342,0.454,0.083,"{""alpha_grid"": null, ""alpha_json"": null, ""alpha_objective"": ""f1"", ""coarse_to_fine"": null, ""config"": ""/home/guillaume/Code/Relative-Distance-Selection-for-RAG/implementation/config.yaml"", ""dataset"": ""hotpotqa_fullwiki"", ""device"": ""cuda"", ""include_rds"": false, ""max_samples"": null, ""metric"": ""cosine"", ""run_generation"": true, ""script"": ""evaluate.py"", ""split"": ""validation"", ""top_k"": 5, ""top_m"": 100}"
Seg-Score(α=0.7),0.342,0.454,0.083,"{""alpha_grid"": null, ""alpha_json"": null, ""alpha_objective"": ""f1"", ""coarse_to_fine"": null, ""config"": ""/home/guillaume/Code/Relative-Distance-Selection-for-RAG/implementation/config.yaml"", ""dataset"": ""hotpotqa_fullwiki"", ""device"": ""cuda"", ""include_rds"": false, ""max_samples"": null, ""metric"": ""cosine"", ""run_generation"": true, ""script"": ""evaluate.py"", ""split"": ""validation"", ""top_k"": 5, ""top_m"": 100}"
Seg-Score(α=0.75),0.341,0.453,0.083,"{""alpha_grid"": null, ""alpha_json"": null, ""alpha_objective"": ""f1"", ""coarse_to_fine"": null, ""config"": ""/home/guillaume/Code/Relative-Distance-Selection-for-RAG/implementation/config.yaml"", ""dataset"": ""hotpotqa_fullwiki"", ""device"": ""cuda"", ""include_rds"": false, ""max_samples"": null, ""metric"": ""cosine"", ""run_generation"": true, ""script"": ""evaluate.py"", ""split"": ""validation"", ""top_k"": 5, ""top_m"": 100}"
Seg-Score(α=0.8),0.341,0.454,0.083,"{""alpha_grid"": null, ""alpha_json"": null, ""alpha_objective"": ""f1"", ""coarse_to_fine"": null, ""config"": ""/home/guillaume/Code/Relative-Distance-Selection-for-RAG/implementation/config.yaml"", ""dataset"": ""hotpotqa_fullwiki"", ""device"": ""cuda"", ""include_rds"": false, ""max_samples"": null, ""metric"": ""cosine"", ""run_generation"": true, ""script"": ""evaluate.py"", ""split"": ""validation"", ""top_k"": 5, ""top_m"": 100}"
Seg-Score(α=0.85),0.341,0.454,0.083,"{""alpha_grid"": null, ""alpha_json"": null, ""alpha_objective"": ""f1"", ""coarse_to_fine"": null, ""config"": ""/home/guillaume/Code/Relative-Distance-Selection-for-RAG/implementation/config.yaml"", ""dataset"": ""hotpotqa_fullwiki"", ""device"": ""cuda"", ""include_rds"": false, ""max_samples"": null, ""metric"": ""cosine"", ""run_generation"": true, ""script"": ""evaluate.py"", ""split"": ""validation"", ""top_k"": 5, ""top_m"": 100}"
Seg-Score(α=0.9),0.341,0.453,0.083,"{""alpha_grid"": null, ""alpha_json"": null, ""alpha_objective"": ""f1"", ""coarse_to_fine"": null, ""config"": ""/home/guillaume/Code/Relative-Distance-Selection-for-RAG/implementation/config.yaml"", ""dataset"": ""hotpotqa_fullwiki"", ""device"": ""cuda"", ""include_rds"": false, ""max_samples"": null, ""metric"": ""cosine"", ""run_generation"": true, ""script"": ""evaluate.py"", ""split"": ""validation"", ""top_k"": 5, ""top_m"": 100}"
Seg-Score(α=0.95),0.341,0.453,0.083,"{""alpha_grid"": null, ""alpha_json"": null, ""alpha_objective"": ""f1"", ""coarse_to_fine"": null, ""config"": ""/home/guillaume/Code/Relative-Distance-Selection-for-RAG/implementation/config.yaml"", ""dataset"": ""hotpotqa_fullwiki"", ""device"": ""cuda"", ""include_rds"": false, ""max_samples"": null, ""metric"": ""cosine"", ""run_generation"": true, ""script"": ""evaluate.py"", ""split"": ""validation"", ""top_k"": 5, ""top_m"": 100}"
Seg-Score(α=1.0),0.341,0.453,0.083,"{""alpha_grid"": null, ""alpha_json"": null, ""alpha_objective"": ""f1"", ""coarse_to_fine"": null, ""config"": ""/home/guillaume/Code/Relative-Distance-Selection-for-RAG/implementation/config.yaml"", ""dataset"": ""hotpotqa_fullwiki"", ""device"": ""cuda"", ""include_rds"": false, ""max_samples"": null, ""metric"": ""cosine"", ""run_generation"": true, ""script"": ""evaluate.py"", ""split"": ""validation"", ""top_k"": 5, ""top_m"": 100}"
Seg-Score(α=1.05),0.341,0.453,0.083,"{""alpha_grid"": null, ""alpha_json"": null, ""alpha_objective"": ""f1"", ""coarse_to_fine"": null, ""config"": ""/home/guillaume/Code/Relative-Distance-Selection-for-RAG/implementation/config.yaml"", ""dataset"": ""hotpotqa_fullwiki"", ""device"": ""cuda"", ""include_rds"": false, ""max_samples"": null, ""metric"": ""cosine"", ""run_generation"": true, ""script"": ""evaluate.py"", ""split"": ""validation"", ""top_k"": 5, ""top_m"": 100}"
Seg-Score(α=1.1),0.341,0.453,0.083,"{""alpha_grid"": null, ""alpha_json"": null, ""alpha_objective"": ""f1"", ""coarse_to_fine"": null, ""config"": ""/home/guillaume/Code/Relative-Distance-Selection-for-RAG/implementation/config.yaml"", ""dataset"": ""hotpotqa_fullwiki"", ""device"": ""cuda"", ""include_rds"": false, ""max_samples"": null, ""metric"": ""cosine"", ""run_generation"": true, ""script"": ""evaluate.py"", ""split"": ""validation"", ""top_k"": 5, ""top_m"": 100}"
Seg-Score(α=1.15),0.341,0.453,0.083,"{""alpha_grid"": null, ""alpha_json"": null, ""alpha_objective"": ""f1"", ""coarse_to_fine"": null, ""config"": ""/home/guillaume/Code/Relative-Distance-Selection-for-RAG/implementation/config.yaml"", ""dataset"": ""hotpotqa_fullwiki"", ""device"": ""cuda"", ""include_rds"": false, ""max_samples"": null, ""metric"": ""cosine"", ""run_generation"": true, ""script"": ""evaluate.py"", ""split"": ""validation"", ""top_k"": 5, ""top_m"": 100}"
Seg-Score(α=1.2),0.341,0.453,0.083,"{""alpha_grid"": null, ""alpha_json"": null, ""alpha_objective"": ""f1"", ""coarse_to_fine"": null, ""config"": ""/home/guillaume/Code/Relative-Distance-Selection-for-RAG/implementation/config.yaml"", ""dataset"": ""hotpotqa_fullwiki"", ""device"": ""cuda"", ""include_rds"": false, ""max_samples"": null, ""metric"": ""cosine"", ""run_generation"": true, ""script"": ""evaluate.py"", ""split"": ""validation"", ""top_k"": 5, ""top_m"": 100}"
Seg-Score(α=1.25),0.341,0.453,0.083,"{""alpha_grid"": null, ""alpha_json"": null, ""alpha_objective"": ""f1"", ""coarse_to_fine"": null, ""config"": ""/home/guillaume/Code/Relative-Distance-Selection-for-RAG/implementation/config.yaml"", ""dataset"": ""hotpotqa_fullwiki"", ""device"": ""cuda"", ""include_rds"": false, ""max_samples"": null, ""metric"": ""cosine"", ""run_generation"": true, ""script"": ""evaluate.py"", ""split"": ""validation"", ""top_k"": 5, ""top_m"": 100}"
