rho,Family,kNN,best member,best,worst member,worst,regret(best),regret(worst)
0.0,MMR,0.8206,MMR(0.9),0.8219,MMR(0.3),0.6681,-0.0012,0.1525
0.0,RNG,0.8206,RNG(0.2),0.8469,RNG(-0.1),0.8131,-0.0262,0.0075
0.0,Seg,0.8206,Seg(0.2),0.84,Seg(-0.2),0.8075,-0.0194,0.0131
0.0,Maxmin,0.8206,Maxmin,0.6787,Maxmin,0.6787,0.1419,0.1419
0.0,Greedy-DPP,0.8206,Greedy-DPP,0.8256,Greedy-DPP,0.8256,-0.005,-0.005
0.025,MMR,0.8206,MMR(0.9),0.8219,MMR(0.3),0.6681,-0.0012,0.1525
0.025,RNG,0.8206,RNG(0.2),0.8469,RNG(-0.1),0.8131,-0.0262,0.0075
0.025,Seg,0.8206,Seg(0.2),0.84,Seg(-0.2),0.8075,-0.0194,0.0131
0.025,Maxmin,0.8206,Maxmin,0.6787,Maxmin,0.6787,0.1419,0.1419
0.025,Greedy-DPP,0.8206,Greedy-DPP,0.8256,Greedy-DPP,0.8256,-0.005,-0.005
0.05,MMR,0.8206,MMR(0.9),0.8219,MMR(0.3),0.6681,-0.0012,0.1525
0.05,RNG,0.8206,RNG(0.2),0.8469,RNG(-0.1),0.8131,-0.0262,0.0075
0.05,Seg,0.8206,Seg(0.2),0.84,Seg(-0.2),0.8075,-0.0194,0.0131
0.05,Maxmin,0.8206,Maxmin,0.6787,Maxmin,0.6787,0.1419,0.1419
0.05,Greedy-DPP,0.8206,Greedy-DPP,0.8256,Greedy-DPP,0.8256,-0.005,-0.005
0.1,MMR,0.805,MMR(0.7),0.8163,MMR(0.3),0.6687,-0.0112,0.1363
0.1,RNG,0.805,RNG(0.2),0.8344,RNG(-0.1),0.805,-0.0294,0.0
0.1,Seg,0.805,Seg(0.1),0.825,Seg(-0.2),0.8006,-0.02,0.0044
0.1,Maxmin,0.805,Maxmin,0.6606,Maxmin,0.6606,0.1444,0.1444
0.1,Greedy-DPP,0.805,Greedy-DPP,0.8237,Greedy-DPP,0.8237,-0.0187,-0.0187
0.15,MMR,0.7931,MMR(0.7),0.815,MMR(0.3),0.6744,-0.0219,0.1188
0.15,RNG,0.7931,RNG(0.2),0.825,RNG(1),0.7975,-0.0319,-0.0044
0.15,Seg,0.7931,Seg(0.2),0.8194,Seg(-0.05),0.7925,-0.0262,0.0006
0.15,Maxmin,0.7931,Maxmin,0.6512,Maxmin,0.6512,0.1419,0.1419
0.15,Greedy-DPP,0.7931,Greedy-DPP,0.83,Greedy-DPP,0.83,-0.0369,-0.0369
0.25,MMR,0.7925,MMR(0.7),0.8156,MMR(0.3),0.6756,-0.0231,0.1169
0.25,RNG,0.7925,RNG(0.2),0.8225,RNG(1),0.7969,-0.03,-0.0044
0.25,Seg,0.7925,Seg(0.2),0.8187,Seg(-0.05),0.7931,-0.0262,-0.0006
0.25,Maxmin,0.7925,Maxmin,0.6512,Maxmin,0.6512,0.1412,0.1412
0.25,Greedy-DPP,0.7925,Greedy-DPP,0.8319,Greedy-DPP,0.8319,-0.0394,-0.0394
0.5,MMR,0.7488,MMR(0.7),0.8063,MMR(0.3),0.6756,-0.0575,0.0731
0.5,RNG,0.7488,RNG(-0.05),0.7856,RNG(1),0.7588,-0.0369,-0.01
0.5,Seg,0.7488,Seg(0.2),0.7788,Seg(1),0.7562,-0.03,-0.0075
0.5,Maxmin,0.7488,Maxmin,0.6381,Maxmin,0.6381,0.1106,0.1106
0.5,Greedy-DPP,0.7488,Greedy-DPP,0.8356,Greedy-DPP,0.8356,-0.0869,-0.0869
1.0,MMR,0.6419,MMR(0.7),0.7806,MMR(0.3),0.6856,-0.1388,-0.0438
1.0,RNG,0.6419,RNG(-0.05),0.7556,RNG(1),0.6781,-0.1138,-0.0363
1.0,Seg,0.6419,Seg(-0.1),0.75,Seg(1),0.6681,-0.1081,-0.0262
1.0,Maxmin,0.6419,Maxmin,0.6244,Maxmin,0.6244,0.0175,0.0175
1.0,Greedy-DPP,0.6419,Greedy-DPP,0.8413,Greedy-DPP,0.8413,-0.1994,-0.1994
