rho,PoolRedundancy,Method,Recall@k,NDCG@k,MRR,alpha-NDCG@k,S-Recall@k,ERR-IA@k,APD,Vendi,p(S-Recall@k vs kNN),RunParams
0.0,0.0014,kNN,0.8206,0.7793,0.8932,0.7794,0.8206,0.5736,0.6098,3.6691,,"{""alpha_grid"": [-0.3, -0.2, -0.1, -0.05, 0.0, 0.05, 0.1, 0.2, 0.3, 0.5, 1.0], ""chunk_window"": 60, ""dataset"": ""hotpotqa"", ""device"": ""cpu"", ""dup_noise"": ""light"", ""dup_target"": ""mixed"", ""encode_cache"": true, ""encoder_model"": ""sentence-transformers/all-MiniLM-L6-v2"", ""experiment"": ""redundancy"", ""lambda_grid"": [0.3, 0.5, 0.7, 0.9], ""max_samples"": 1000, ""metric"": ""cosine"", ""objective"": ""S-Recall@k"", ""overlap_grid"": [0.0, 0.25, 0.5, 0.75], ""rho_grid"": [0.0, 0.025, 0.05, 0.1, 0.15, 0.25, 0.5, 1.0], ""script"": ""evaluate_redundancy.py"", ""seed"": 0, ""split"": ""validation"", ""top_k"": 5, ""top_m"": 100, ""val_fraction"": 0.2}"
0.0,0.0014,Maxmin,0.6787,0.6708,0.8836,0.6707,0.6787,0.5041,0.7555,4.1532,0.0,"{""alpha_grid"": [-0.3, -0.2, -0.1, -0.05, 0.0, 0.05, 0.1, 0.2, 0.3, 0.5, 1.0], ""chunk_window"": 60, ""dataset"": ""hotpotqa"", ""device"": ""cpu"", ""dup_noise"": ""light"", ""dup_target"": ""mixed"", ""encode_cache"": true, ""encoder_model"": ""sentence-transformers/all-MiniLM-L6-v2"", ""experiment"": ""redundancy"", ""lambda_grid"": [0.3, 0.5, 0.7, 0.9], ""max_samples"": 1000, ""metric"": ""cosine"", ""objective"": ""S-Recall@k"", ""overlap_grid"": [0.0, 0.25, 0.5, 0.75], ""rho_grid"": [0.0, 0.025, 0.05, 0.1, 0.15, 0.25, 0.5, 1.0], ""script"": ""evaluate_redundancy.py"", ""seed"": 0, ""split"": ""validation"", ""top_k"": 5, ""top_m"": 100, ""val_fraction"": 0.2}"
0.0,0.0014,Greedy-DPP,0.8256,0.783,0.8969,0.7828,0.8256,0.576,0.6503,3.8845,0.48387,"{""alpha_grid"": [-0.3, -0.2, -0.1, -0.05, 0.0, 0.05, 0.1, 0.2, 0.3, 0.5, 1.0], ""chunk_window"": 60, ""dataset"": ""hotpotqa"", ""device"": ""cpu"", ""dup_noise"": ""light"", ""dup_target"": ""mixed"", ""encode_cache"": true, ""encoder_model"": ""sentence-transformers/all-MiniLM-L6-v2"", ""experiment"": ""redundancy"", ""lambda_grid"": [0.3, 0.5, 0.7, 0.9], ""max_samples"": 1000, ""metric"": ""cosine"", ""objective"": ""S-Recall@k"", ""overlap_grid"": [0.0, 0.25, 0.5, 0.75], ""rho_grid"": [0.0, 0.025, 0.05, 0.1, 0.15, 0.25, 0.5, 1.0], ""script"": ""evaluate_redundancy.py"", ""seed"": 0, ""split"": ""validation"", ""top_k"": 5, ""top_m"": 100, ""val_fraction"": 0.2}"
0.0,0.0014,MMR* [MMR(0.9)],0.8219,0.7824,0.8957,0.7824,0.8219,0.5763,0.6198,3.723,0.7456,"{""alpha_grid"": [-0.3, -0.2, -0.1, -0.05, 0.0, 0.05, 0.1, 0.2, 0.3, 0.5, 1.0], ""chunk_window"": 60, ""dataset"": ""hotpotqa"", ""device"": ""cpu"", ""dup_noise"": ""light"", ""dup_target"": ""mixed"", ""encode_cache"": true, ""encoder_model"": ""sentence-transformers/all-MiniLM-L6-v2"", ""experiment"": ""redundancy"", ""lambda_grid"": [0.3, 0.5, 0.7, 0.9], ""max_samples"": 1000, ""metric"": ""cosine"", ""objective"": ""S-Recall@k"", ""overlap_grid"": [0.0, 0.25, 0.5, 0.75], ""rho_grid"": [0.0, 0.025, 0.05, 0.1, 0.15, 0.25, 0.5, 1.0], ""script"": ""evaluate_redundancy.py"", ""seed"": 0, ""split"": ""validation"", ""top_k"": 5, ""top_m"": 100, ""val_fraction"": 0.2}"
0.0,0.0014,RNG* [RNG(0.2)],0.8469,0.7973,0.8996,0.7973,0.8469,0.5844,0.6504,3.8247,0.00011,"{""alpha_grid"": [-0.3, -0.2, -0.1, -0.05, 0.0, 0.05, 0.1, 0.2, 0.3, 0.5, 1.0], ""chunk_window"": 60, ""dataset"": ""hotpotqa"", ""device"": ""cpu"", ""dup_noise"": ""light"", ""dup_target"": ""mixed"", ""encode_cache"": true, ""encoder_model"": ""sentence-transformers/all-MiniLM-L6-v2"", ""experiment"": ""redundancy"", ""lambda_grid"": [0.3, 0.5, 0.7, 0.9], ""max_samples"": 1000, ""metric"": ""cosine"", ""objective"": ""S-Recall@k"", ""overlap_grid"": [0.0, 0.25, 0.5, 0.75], ""rho_grid"": [0.0, 0.025, 0.05, 0.1, 0.15, 0.25, 0.5, 1.0], ""script"": ""evaluate_redundancy.py"", ""seed"": 0, ""split"": ""validation"", ""top_k"": 5, ""top_m"": 100, ""val_fraction"": 0.2}"
0.0,0.0014,Seg* [Seg(0.3)],0.8363,0.7908,0.8964,0.7908,0.8363,0.5808,0.6272,3.7346,0.00137,"{""alpha_grid"": [-0.3, -0.2, -0.1, -0.05, 0.0, 0.05, 0.1, 0.2, 0.3, 0.5, 1.0], ""chunk_window"": 60, ""dataset"": ""hotpotqa"", ""device"": ""cpu"", ""dup_noise"": ""light"", ""dup_target"": ""mixed"", ""encode_cache"": true, ""encoder_model"": ""sentence-transformers/all-MiniLM-L6-v2"", ""experiment"": ""redundancy"", ""lambda_grid"": [0.3, 0.5, 0.7, 0.9], ""max_samples"": 1000, ""metric"": ""cosine"", ""objective"": ""S-Recall@k"", ""overlap_grid"": [0.0, 0.25, 0.5, 0.75], ""rho_grid"": [0.0, 0.025, 0.05, 0.1, 0.15, 0.25, 0.5, 1.0], ""script"": ""evaluate_redundancy.py"", ""seed"": 0, ""split"": ""validation"", ""top_k"": 5, ""top_m"": 100, ""val_fraction"": 0.2}"
0.025,0.0014,kNN,0.8206,0.7793,0.8932,0.7794,0.8206,0.5736,0.6098,3.6691,,"{""alpha_grid"": [-0.3, -0.2, -0.1, -0.05, 0.0, 0.05, 0.1, 0.2, 0.3, 0.5, 1.0], ""chunk_window"": 60, ""dataset"": ""hotpotqa"", ""device"": ""cpu"", ""dup_noise"": ""light"", ""dup_target"": ""mixed"", ""encode_cache"": true, ""encoder_model"": ""sentence-transformers/all-MiniLM-L6-v2"", ""experiment"": ""redundancy"", ""lambda_grid"": [0.3, 0.5, 0.7, 0.9], ""max_samples"": 1000, ""metric"": ""cosine"", ""objective"": ""S-Recall@k"", ""overlap_grid"": [0.0, 0.25, 0.5, 0.75], ""rho_grid"": [0.0, 0.025, 0.05, 0.1, 0.15, 0.25, 0.5, 1.0], ""script"": ""evaluate_redundancy.py"", ""seed"": 0, ""split"": ""validation"", ""top_k"": 5, ""top_m"": 100, ""val_fraction"": 0.2}"
0.025,0.0014,Maxmin,0.6787,0.6708,0.8836,0.6707,0.6787,0.5041,0.7555,4.1532,0.0,"{""alpha_grid"": [-0.3, -0.2, -0.1, -0.05, 0.0, 0.05, 0.1, 0.2, 0.3, 0.5, 1.0], ""chunk_window"": 60, ""dataset"": ""hotpotqa"", ""device"": ""cpu"", ""dup_noise"": ""light"", ""dup_target"": ""mixed"", ""encode_cache"": true, ""encoder_model"": ""sentence-transformers/all-MiniLM-L6-v2"", ""experiment"": ""redundancy"", ""lambda_grid"": [0.3, 0.5, 0.7, 0.9], ""max_samples"": 1000, ""metric"": ""cosine"", ""objective"": ""S-Recall@k"", ""overlap_grid"": [0.0, 0.25, 0.5, 0.75], ""rho_grid"": [0.0, 0.025, 0.05, 0.1, 0.15, 0.25, 0.5, 1.0], ""script"": ""evaluate_redundancy.py"", ""seed"": 0, ""split"": ""validation"", ""top_k"": 5, ""top_m"": 100, ""val_fraction"": 0.2}"
0.025,0.0014,Greedy-DPP,0.8256,0.783,0.8969,0.7828,0.8256,0.576,0.6503,3.8845,0.48387,"{""alpha_grid"": [-0.3, -0.2, -0.1, -0.05, 0.0, 0.05, 0.1, 0.2, 0.3, 0.5, 1.0], ""chunk_window"": 60, ""dataset"": ""hotpotqa"", ""device"": ""cpu"", ""dup_noise"": ""light"", ""dup_target"": ""mixed"", ""encode_cache"": true, ""encoder_model"": ""sentence-transformers/all-MiniLM-L6-v2"", ""experiment"": ""redundancy"", ""lambda_grid"": [0.3, 0.5, 0.7, 0.9], ""max_samples"": 1000, ""metric"": ""cosine"", ""objective"": ""S-Recall@k"", ""overlap_grid"": [0.0, 0.25, 0.5, 0.75], ""rho_grid"": [0.0, 0.025, 0.05, 0.1, 0.15, 0.25, 0.5, 1.0], ""script"": ""evaluate_redundancy.py"", ""seed"": 0, ""split"": ""validation"", ""top_k"": 5, ""top_m"": 100, ""val_fraction"": 0.2}"
0.025,0.0014,MMR* [MMR(0.9)],0.8219,0.7824,0.8957,0.7824,0.8219,0.5763,0.6198,3.723,0.7456,"{""alpha_grid"": [-0.3, -0.2, -0.1, -0.05, 0.0, 0.05, 0.1, 0.2, 0.3, 0.5, 1.0], ""chunk_window"": 60, ""dataset"": ""hotpotqa"", ""device"": ""cpu"", ""dup_noise"": ""light"", ""dup_target"": ""mixed"", ""encode_cache"": true, ""encoder_model"": ""sentence-transformers/all-MiniLM-L6-v2"", ""experiment"": ""redundancy"", ""lambda_grid"": [0.3, 0.5, 0.7, 0.9], ""max_samples"": 1000, ""metric"": ""cosine"", ""objective"": ""S-Recall@k"", ""overlap_grid"": [0.0, 0.25, 0.5, 0.75], ""rho_grid"": [0.0, 0.025, 0.05, 0.1, 0.15, 0.25, 0.5, 1.0], ""script"": ""evaluate_redundancy.py"", ""seed"": 0, ""split"": ""validation"", ""top_k"": 5, ""top_m"": 100, ""val_fraction"": 0.2}"
0.025,0.0014,RNG* [RNG(0.2)],0.8469,0.7973,0.8996,0.7973,0.8469,0.5844,0.6504,3.8247,0.00011,"{""alpha_grid"": [-0.3, -0.2, -0.1, -0.05, 0.0, 0.05, 0.1, 0.2, 0.3, 0.5, 1.0], ""chunk_window"": 60, ""dataset"": ""hotpotqa"", ""device"": ""cpu"", ""dup_noise"": ""light"", ""dup_target"": ""mixed"", ""encode_cache"": true, ""encoder_model"": ""sentence-transformers/all-MiniLM-L6-v2"", ""experiment"": ""redundancy"", ""lambda_grid"": [0.3, 0.5, 0.7, 0.9], ""max_samples"": 1000, ""metric"": ""cosine"", ""objective"": ""S-Recall@k"", ""overlap_grid"": [0.0, 0.25, 0.5, 0.75], ""rho_grid"": [0.0, 0.025, 0.05, 0.1, 0.15, 0.25, 0.5, 1.0], ""script"": ""evaluate_redundancy.py"", ""seed"": 0, ""split"": ""validation"", ""top_k"": 5, ""top_m"": 100, ""val_fraction"": 0.2}"
0.025,0.0014,Seg* [Seg(0.3)],0.8363,0.7908,0.8964,0.7908,0.8363,0.5808,0.6272,3.7346,0.00137,"{""alpha_grid"": [-0.3, -0.2, -0.1, -0.05, 0.0, 0.05, 0.1, 0.2, 0.3, 0.5, 1.0], ""chunk_window"": 60, ""dataset"": ""hotpotqa"", ""device"": ""cpu"", ""dup_noise"": ""light"", ""dup_target"": ""mixed"", ""encode_cache"": true, ""encoder_model"": ""sentence-transformers/all-MiniLM-L6-v2"", ""experiment"": ""redundancy"", ""lambda_grid"": [0.3, 0.5, 0.7, 0.9], ""max_samples"": 1000, ""metric"": ""cosine"", ""objective"": ""S-Recall@k"", ""overlap_grid"": [0.0, 0.25, 0.5, 0.75], ""rho_grid"": [0.0, 0.025, 0.05, 0.1, 0.15, 0.25, 0.5, 1.0], ""script"": ""evaluate_redundancy.py"", ""seed"": 0, ""split"": ""validation"", ""top_k"": 5, ""top_m"": 100, ""val_fraction"": 0.2}"
0.05,0.0014,kNN,0.8206,0.7793,0.8932,0.7794,0.8206,0.5736,0.6098,3.6691,,"{""alpha_grid"": [-0.3, -0.2, -0.1, -0.05, 0.0, 0.05, 0.1, 0.2, 0.3, 0.5, 1.0], ""chunk_window"": 60, ""dataset"": ""hotpotqa"", ""device"": ""cpu"", ""dup_noise"": ""light"", ""dup_target"": ""mixed"", ""encode_cache"": true, ""encoder_model"": ""sentence-transformers/all-MiniLM-L6-v2"", ""experiment"": ""redundancy"", ""lambda_grid"": [0.3, 0.5, 0.7, 0.9], ""max_samples"": 1000, ""metric"": ""cosine"", ""objective"": ""S-Recall@k"", ""overlap_grid"": [0.0, 0.25, 0.5, 0.75], ""rho_grid"": [0.0, 0.025, 0.05, 0.1, 0.15, 0.25, 0.5, 1.0], ""script"": ""evaluate_redundancy.py"", ""seed"": 0, ""split"": ""validation"", ""top_k"": 5, ""top_m"": 100, ""val_fraction"": 0.2}"
0.05,0.0014,Maxmin,0.6787,0.6708,0.8836,0.6707,0.6787,0.5041,0.7555,4.1532,0.0,"{""alpha_grid"": [-0.3, -0.2, -0.1, -0.05, 0.0, 0.05, 0.1, 0.2, 0.3, 0.5, 1.0], ""chunk_window"": 60, ""dataset"": ""hotpotqa"", ""device"": ""cpu"", ""dup_noise"": ""light"", ""dup_target"": ""mixed"", ""encode_cache"": true, ""encoder_model"": ""sentence-transformers/all-MiniLM-L6-v2"", ""experiment"": ""redundancy"", ""lambda_grid"": [0.3, 0.5, 0.7, 0.9], ""max_samples"": 1000, ""metric"": ""cosine"", ""objective"": ""S-Recall@k"", ""overlap_grid"": [0.0, 0.25, 0.5, 0.75], ""rho_grid"": [0.0, 0.025, 0.05, 0.1, 0.15, 0.25, 0.5, 1.0], ""script"": ""evaluate_redundancy.py"", ""seed"": 0, ""split"": ""validation"", ""top_k"": 5, ""top_m"": 100, ""val_fraction"": 0.2}"
0.05,0.0014,Greedy-DPP,0.8256,0.783,0.8969,0.7828,0.8256,0.576,0.6503,3.8845,0.48387,"{""alpha_grid"": [-0.3, -0.2, -0.1, -0.05, 0.0, 0.05, 0.1, 0.2, 0.3, 0.5, 1.0], ""chunk_window"": 60, ""dataset"": ""hotpotqa"", ""device"": ""cpu"", ""dup_noise"": ""light"", ""dup_target"": ""mixed"", ""encode_cache"": true, ""encoder_model"": ""sentence-transformers/all-MiniLM-L6-v2"", ""experiment"": ""redundancy"", ""lambda_grid"": [0.3, 0.5, 0.7, 0.9], ""max_samples"": 1000, ""metric"": ""cosine"", ""objective"": ""S-Recall@k"", ""overlap_grid"": [0.0, 0.25, 0.5, 0.75], ""rho_grid"": [0.0, 0.025, 0.05, 0.1, 0.15, 0.25, 0.5, 1.0], ""script"": ""evaluate_redundancy.py"", ""seed"": 0, ""split"": ""validation"", ""top_k"": 5, ""top_m"": 100, ""val_fraction"": 0.2}"
0.05,0.0014,MMR* [MMR(0.9)],0.8219,0.7824,0.8957,0.7824,0.8219,0.5763,0.6198,3.723,0.7456,"{""alpha_grid"": [-0.3, -0.2, -0.1, -0.05, 0.0, 0.05, 0.1, 0.2, 0.3, 0.5, 1.0], ""chunk_window"": 60, ""dataset"": ""hotpotqa"", ""device"": ""cpu"", ""dup_noise"": ""light"", ""dup_target"": ""mixed"", ""encode_cache"": true, ""encoder_model"": ""sentence-transformers/all-MiniLM-L6-v2"", ""experiment"": ""redundancy"", ""lambda_grid"": [0.3, 0.5, 0.7, 0.9], ""max_samples"": 1000, ""metric"": ""cosine"", ""objective"": ""S-Recall@k"", ""overlap_grid"": [0.0, 0.25, 0.5, 0.75], ""rho_grid"": [0.0, 0.025, 0.05, 0.1, 0.15, 0.25, 0.5, 1.0], ""script"": ""evaluate_redundancy.py"", ""seed"": 0, ""split"": ""validation"", ""top_k"": 5, ""top_m"": 100, ""val_fraction"": 0.2}"
0.05,0.0014,RNG* [RNG(0.2)],0.8469,0.7973,0.8996,0.7973,0.8469,0.5844,0.6504,3.8247,0.00011,"{""alpha_grid"": [-0.3, -0.2, -0.1, -0.05, 0.0, 0.05, 0.1, 0.2, 0.3, 0.5, 1.0], ""chunk_window"": 60, ""dataset"": ""hotpotqa"", ""device"": ""cpu"", ""dup_noise"": ""light"", ""dup_target"": ""mixed"", ""encode_cache"": true, ""encoder_model"": ""sentence-transformers/all-MiniLM-L6-v2"", ""experiment"": ""redundancy"", ""lambda_grid"": [0.3, 0.5, 0.7, 0.9], ""max_samples"": 1000, ""metric"": ""cosine"", ""objective"": ""S-Recall@k"", ""overlap_grid"": [0.0, 0.25, 0.5, 0.75], ""rho_grid"": [0.0, 0.025, 0.05, 0.1, 0.15, 0.25, 0.5, 1.0], ""script"": ""evaluate_redundancy.py"", ""seed"": 0, ""split"": ""validation"", ""top_k"": 5, ""top_m"": 100, ""val_fraction"": 0.2}"
0.05,0.0014,Seg* [Seg(0.3)],0.8363,0.7908,0.8964,0.7908,0.8363,0.5808,0.6272,3.7346,0.00137,"{""alpha_grid"": [-0.3, -0.2, -0.1, -0.05, 0.0, 0.05, 0.1, 0.2, 0.3, 0.5, 1.0], ""chunk_window"": 60, ""dataset"": ""hotpotqa"", ""device"": ""cpu"", ""dup_noise"": ""light"", ""dup_target"": ""mixed"", ""encode_cache"": true, ""encoder_model"": ""sentence-transformers/all-MiniLM-L6-v2"", ""experiment"": ""redundancy"", ""lambda_grid"": [0.3, 0.5, 0.7, 0.9], ""max_samples"": 1000, ""metric"": ""cosine"", ""objective"": ""S-Recall@k"", ""overlap_grid"": [0.0, 0.25, 0.5, 0.75], ""rho_grid"": [0.0, 0.025, 0.05, 0.1, 0.15, 0.25, 0.5, 1.0], ""script"": ""evaluate_redundancy.py"", ""seed"": 0, ""split"": ""validation"", ""top_k"": 5, ""top_m"": 100, ""val_fraction"": 0.2}"
0.1,0.0189,kNN,0.805,0.7664,0.892,0.7701,0.805,0.565,0.579,3.3758,,"{""alpha_grid"": [-0.3, -0.2, -0.1, -0.05, 0.0, 0.05, 0.1, 0.2, 0.3, 0.5, 1.0], ""chunk_window"": 60, ""dataset"": ""hotpotqa"", ""device"": ""cpu"", ""dup_noise"": ""light"", ""dup_target"": ""mixed"", ""encode_cache"": true, ""encoder_model"": ""sentence-transformers/all-MiniLM-L6-v2"", ""experiment"": ""redundancy"", ""lambda_grid"": [0.3, 0.5, 0.7, 0.9], ""max_samples"": 1000, ""metric"": ""cosine"", ""objective"": ""S-Recall@k"", ""overlap_grid"": [0.0, 0.25, 0.5, 0.75], ""rho_grid"": [0.0, 0.025, 0.05, 0.1, 0.15, 0.25, 0.5, 1.0], ""script"": ""evaluate_redundancy.py"", ""seed"": 0, ""split"": ""validation"", ""top_k"": 5, ""top_m"": 100, ""val_fraction"": 0.2}"
0.1,0.0189,Maxmin,0.6606,0.6623,0.8839,0.6528,0.6606,0.5006,0.7433,3.9569,0.0,"{""alpha_grid"": [-0.3, -0.2, -0.1, -0.05, 0.0, 0.05, 0.1, 0.2, 0.3, 0.5, 1.0], ""chunk_window"": 60, ""dataset"": ""hotpotqa"", ""device"": ""cpu"", ""dup_noise"": ""light"", ""dup_target"": ""mixed"", ""encode_cache"": true, ""encoder_model"": ""sentence-transformers/all-MiniLM-L6-v2"", ""experiment"": ""redundancy"", ""lambda_grid"": [0.3, 0.5, 0.7, 0.9], ""max_samples"": 1000, ""metric"": ""cosine"", ""objective"": ""S-Recall@k"", ""overlap_grid"": [0.0, 0.25, 0.5, 0.75], ""rho_grid"": [0.0, 0.025, 0.05, 0.1, 0.15, 0.25, 0.5, 1.0], ""script"": ""evaluate_redundancy.py"", ""seed"": 0, ""split"": ""validation"", ""top_k"": 5, ""top_m"": 100, ""val_fraction"": 0.2}"
0.1,0.0189,Greedy-DPP,0.8237,0.7829,0.8984,0.7613,0.8237,0.5765,0.6494,3.8803,0.01401,"{""alpha_grid"": [-0.3, -0.2, -0.1, -0.05, 0.0, 0.05, 0.1, 0.2, 0.3, 0.5, 1.0], ""chunk_window"": 60, ""dataset"": ""hotpotqa"", ""device"": ""cpu"", ""dup_noise"": ""light"", ""dup_target"": ""mixed"", ""encode_cache"": true, ""encoder_model"": ""sentence-transformers/all-MiniLM-L6-v2"", ""experiment"": ""redundancy"", ""lambda_grid"": [0.3, 0.5, 0.7, 0.9], ""max_samples"": 1000, ""metric"": ""cosine"", ""objective"": ""S-Recall@k"", ""overlap_grid"": [0.0, 0.25, 0.5, 0.75], ""rho_grid"": [0.0, 0.025, 0.05, 0.1, 0.15, 0.25, 0.5, 1.0], ""script"": ""evaluate_redundancy.py"", ""seed"": 0, ""split"": ""validation"", ""top_k"": 5, ""top_m"": 100, ""val_fraction"": 0.2}"
0.1,0.0189,MMR* [MMR(0.9)],0.8113,0.7742,0.896,0.7742,0.8113,0.5711,0.5981,3.5301,0.11385,"{""alpha_grid"": [-0.3, -0.2, -0.1, -0.05, 0.0, 0.05, 0.1, 0.2, 0.3, 0.5, 1.0], ""chunk_window"": 60, ""dataset"": ""hotpotqa"", ""device"": ""cpu"", ""dup_noise"": ""light"", ""dup_target"": ""mixed"", ""encode_cache"": true, ""encoder_model"": ""sentence-transformers/all-MiniLM-L6-v2"", ""experiment"": ""redundancy"", ""lambda_grid"": [0.3, 0.5, 0.7, 0.9], ""max_samples"": 1000, ""metric"": ""cosine"", ""objective"": ""S-Recall@k"", ""overlap_grid"": [0.0, 0.25, 0.5, 0.75], ""rho_grid"": [0.0, 0.025, 0.05, 0.1, 0.15, 0.25, 0.5, 1.0], ""script"": ""evaluate_redundancy.py"", ""seed"": 0, ""split"": ""validation"", ""top_k"": 5, ""top_m"": 100, ""val_fraction"": 0.2}"
0.1,0.0189,RNG* [RNG(0.2)],0.8344,0.789,0.9005,0.7872,0.8344,0.5796,0.6317,3.6401,2e-05,"{""alpha_grid"": [-0.3, -0.2, -0.1, -0.05, 0.0, 0.05, 0.1, 0.2, 0.3, 0.5, 1.0], ""chunk_window"": 60, ""dataset"": ""hotpotqa"", ""device"": ""cpu"", ""dup_noise"": ""light"", ""dup_target"": ""mixed"", ""encode_cache"": true, ""encoder_model"": ""sentence-transformers/all-MiniLM-L6-v2"", ""experiment"": ""redundancy"", ""lambda_grid"": [0.3, 0.5, 0.7, 0.9], ""max_samples"": 1000, ""metric"": ""cosine"", ""objective"": ""S-Recall@k"", ""overlap_grid"": [0.0, 0.25, 0.5, 0.75], ""rho_grid"": [0.0, 0.025, 0.05, 0.1, 0.15, 0.25, 0.5, 1.0], ""script"": ""evaluate_redundancy.py"", ""seed"": 0, ""split"": ""validation"", ""top_k"": 5, ""top_m"": 100, ""val_fraction"": 0.2}"
0.1,0.0189,Seg* [Seg(0.1)],0.825,0.7834,0.9009,0.7824,0.825,0.5766,0.6299,3.6269,0.00435,"{""alpha_grid"": [-0.3, -0.2, -0.1, -0.05, 0.0, 0.05, 0.1, 0.2, 0.3, 0.5, 1.0], ""chunk_window"": 60, ""dataset"": ""hotpotqa"", ""device"": ""cpu"", ""dup_noise"": ""light"", ""dup_target"": ""mixed"", ""encode_cache"": true, ""encoder_model"": ""sentence-transformers/all-MiniLM-L6-v2"", ""experiment"": ""redundancy"", ""lambda_grid"": [0.3, 0.5, 0.7, 0.9], ""max_samples"": 1000, ""metric"": ""cosine"", ""objective"": ""S-Recall@k"", ""overlap_grid"": [0.0, 0.25, 0.5, 0.75], ""rho_grid"": [0.0, 0.025, 0.05, 0.1, 0.15, 0.25, 0.5, 1.0], ""script"": ""evaluate_redundancy.py"", ""seed"": 0, ""split"": ""validation"", ""top_k"": 5, ""top_m"": 100, ""val_fraction"": 0.2}"
0.15,0.0321,kNN,0.7931,0.7477,0.895,0.758,0.7931,0.5493,0.5245,2.925,,"{""alpha_grid"": [-0.3, -0.2, -0.1, -0.05, 0.0, 0.05, 0.1, 0.2, 0.3, 0.5, 1.0], ""chunk_window"": 60, ""dataset"": ""hotpotqa"", ""device"": ""cpu"", ""dup_noise"": ""light"", ""dup_target"": ""mixed"", ""encode_cache"": true, ""encoder_model"": ""sentence-transformers/all-MiniLM-L6-v2"", ""experiment"": ""redundancy"", ""lambda_grid"": [0.3, 0.5, 0.7, 0.9], ""max_samples"": 1000, ""metric"": ""cosine"", ""objective"": ""S-Recall@k"", ""overlap_grid"": [0.0, 0.25, 0.5, 0.75], ""rho_grid"": [0.0, 0.025, 0.05, 0.1, 0.15, 0.25, 0.5, 1.0], ""script"": ""evaluate_redundancy.py"", ""seed"": 0, ""split"": ""validation"", ""top_k"": 5, ""top_m"": 100, ""val_fraction"": 0.2}"
0.15,0.0321,Maxmin,0.6512,0.6593,0.8863,0.6056,0.6512,0.5003,0.728,3.7114,0.0,"{""alpha_grid"": [-0.3, -0.2, -0.1, -0.05, 0.0, 0.05, 0.1, 0.2, 0.3, 0.5, 1.0], ""chunk_window"": 60, ""dataset"": ""hotpotqa"", ""device"": ""cpu"", ""dup_noise"": ""light"", ""dup_target"": ""mixed"", ""encode_cache"": true, ""encoder_model"": ""sentence-transformers/all-MiniLM-L6-v2"", ""experiment"": ""redundancy"", ""lambda_grid"": [0.3, 0.5, 0.7, 0.9], ""max_samples"": 1000, ""metric"": ""cosine"", ""objective"": ""S-Recall@k"", ""overlap_grid"": [0.0, 0.25, 0.5, 0.75], ""rho_grid"": [0.0, 0.025, 0.05, 0.1, 0.15, 0.25, 0.5, 1.0], ""script"": ""evaluate_redundancy.py"", ""seed"": 0, ""split"": ""validation"", ""top_k"": 5, ""top_m"": 100, ""val_fraction"": 0.2}"
0.15,0.0321,Greedy-DPP,0.83,0.7883,0.902,0.6733,0.83,0.5802,0.6496,3.879,0.0,"{""alpha_grid"": [-0.3, -0.2, -0.1, -0.05, 0.0, 0.05, 0.1, 0.2, 0.3, 0.5, 1.0], ""chunk_window"": 60, ""dataset"": ""hotpotqa"", ""device"": ""cpu"", ""dup_noise"": ""light"", ""dup_target"": ""mixed"", ""encode_cache"": true, ""encoder_model"": ""sentence-transformers/all-MiniLM-L6-v2"", ""experiment"": ""redundancy"", ""lambda_grid"": [0.3, 0.5, 0.7, 0.9], ""max_samples"": 1000, ""metric"": ""cosine"", ""objective"": ""S-Recall@k"", ""overlap_grid"": [0.0, 0.25, 0.5, 0.75], ""rho_grid"": [0.0, 0.025, 0.05, 0.1, 0.15, 0.25, 0.5, 1.0], ""script"": ""evaluate_redundancy.py"", ""seed"": 0, ""split"": ""validation"", ""top_k"": 5, ""top_m"": 100, ""val_fraction"": 0.2}"
0.15,0.0321,MMR* [MMR(0.7)],0.815,0.7778,0.9059,0.7083,0.815,0.5739,0.6207,3.5973,0.00731,"{""alpha_grid"": [-0.3, -0.2, -0.1, -0.05, 0.0, 0.05, 0.1, 0.2, 0.3, 0.5, 1.0], ""chunk_window"": 60, ""dataset"": ""hotpotqa"", ""device"": ""cpu"", ""dup_noise"": ""light"", ""dup_target"": ""mixed"", ""encode_cache"": true, ""encoder_model"": ""sentence-transformers/all-MiniLM-L6-v2"", ""experiment"": ""redundancy"", ""lambda_grid"": [0.3, 0.5, 0.7, 0.9], ""max_samples"": 1000, ""metric"": ""cosine"", ""objective"": ""S-Recall@k"", ""overlap_grid"": [0.0, 0.25, 0.5, 0.75], ""rho_grid"": [0.0, 0.025, 0.05, 0.1, 0.15, 0.25, 0.5, 1.0], ""script"": ""evaluate_redundancy.py"", ""seed"": 0, ""split"": ""validation"", ""top_k"": 5, ""top_m"": 100, ""val_fraction"": 0.2}"
0.15,0.0321,RNG* [RNG(-0.2)],0.8031,0.7622,0.897,0.7255,0.8031,0.5612,0.5727,3.3046,0.04193,"{""alpha_grid"": [-0.3, -0.2, -0.1, -0.05, 0.0, 0.05, 0.1, 0.2, 0.3, 0.5, 1.0], ""chunk_window"": 60, ""dataset"": ""hotpotqa"", ""device"": ""cpu"", ""dup_noise"": ""light"", ""dup_target"": ""mixed"", ""encode_cache"": true, ""encoder_model"": ""sentence-transformers/all-MiniLM-L6-v2"", ""experiment"": ""redundancy"", ""lambda_grid"": [0.3, 0.5, 0.7, 0.9], ""max_samples"": 1000, ""metric"": ""cosine"", ""objective"": ""S-Recall@k"", ""overlap_grid"": [0.0, 0.25, 0.5, 0.75], ""rho_grid"": [0.0, 0.025, 0.05, 0.1, 0.15, 0.25, 0.5, 1.0], ""script"": ""evaluate_redundancy.py"", ""seed"": 0, ""split"": ""validation"", ""top_k"": 5, ""top_m"": 100, ""val_fraction"": 0.2}"
0.15,0.0321,Seg* [Seg(0.3)],0.81,0.7657,0.8988,0.7633,0.81,0.5629,0.5495,3.0445,0.00027,"{""alpha_grid"": [-0.3, -0.2, -0.1, -0.05, 0.0, 0.05, 0.1, 0.2, 0.3, 0.5, 1.0], ""chunk_window"": 60, ""dataset"": ""hotpotqa"", ""device"": ""cpu"", ""dup_noise"": ""light"", ""dup_target"": ""mixed"", ""encode_cache"": true, ""encoder_model"": ""sentence-transformers/all-MiniLM-L6-v2"", ""experiment"": ""redundancy"", ""lambda_grid"": [0.3, 0.5, 0.7, 0.9], ""max_samples"": 1000, ""metric"": ""cosine"", ""objective"": ""S-Recall@k"", ""overlap_grid"": [0.0, 0.25, 0.5, 0.75], ""rho_grid"": [0.0, 0.025, 0.05, 0.1, 0.15, 0.25, 0.5, 1.0], ""script"": ""evaluate_redundancy.py"", ""seed"": 0, ""split"": ""validation"", ""top_k"": 5, ""top_m"": 100, ""val_fraction"": 0.2}"
0.25,0.0322,kNN,0.7925,0.7465,0.8934,0.7575,0.7925,0.5482,0.5249,2.9244,,"{""alpha_grid"": [-0.3, -0.2, -0.1, -0.05, 0.0, 0.05, 0.1, 0.2, 0.3, 0.5, 1.0], ""chunk_window"": 60, ""dataset"": ""hotpotqa"", ""device"": ""cpu"", ""dup_noise"": ""light"", ""dup_target"": ""mixed"", ""encode_cache"": true, ""encoder_model"": ""sentence-transformers/all-MiniLM-L6-v2"", ""experiment"": ""redundancy"", ""lambda_grid"": [0.3, 0.5, 0.7, 0.9], ""max_samples"": 1000, ""metric"": ""cosine"", ""objective"": ""S-Recall@k"", ""overlap_grid"": [0.0, 0.25, 0.5, 0.75], ""rho_grid"": [0.0, 0.025, 0.05, 0.1, 0.15, 0.25, 0.5, 1.0], ""script"": ""evaluate_redundancy.py"", ""seed"": 0, ""split"": ""validation"", ""top_k"": 5, ""top_m"": 100, ""val_fraction"": 0.2}"
0.25,0.0322,Maxmin,0.6512,0.6585,0.8853,0.604,0.6512,0.4994,0.7277,3.7151,0.0,"{""alpha_grid"": [-0.3, -0.2, -0.1, -0.05, 0.0, 0.05, 0.1, 0.2, 0.3, 0.5, 1.0], ""chunk_window"": 60, ""dataset"": ""hotpotqa"", ""device"": ""cpu"", ""dup_noise"": ""light"", ""dup_target"": ""mixed"", ""encode_cache"": true, ""encoder_model"": ""sentence-transformers/all-MiniLM-L6-v2"", ""experiment"": ""redundancy"", ""lambda_grid"": [0.3, 0.5, 0.7, 0.9], ""max_samples"": 1000, ""metric"": ""cosine"", ""objective"": ""S-Recall@k"", ""overlap_grid"": [0.0, 0.25, 0.5, 0.75], ""rho_grid"": [0.0, 0.025, 0.05, 0.1, 0.15, 0.25, 0.5, 1.0], ""script"": ""evaluate_redundancy.py"", ""seed"": 0, ""split"": ""validation"", ""top_k"": 5, ""top_m"": 100, ""val_fraction"": 0.2}"
0.25,0.0322,Greedy-DPP,0.8319,0.7886,0.9007,0.6727,0.8319,0.58,0.6497,3.8794,0.0,"{""alpha_grid"": [-0.3, -0.2, -0.1, -0.05, 0.0, 0.05, 0.1, 0.2, 0.3, 0.5, 1.0], ""chunk_window"": 60, ""dataset"": ""hotpotqa"", ""device"": ""cpu"", ""dup_noise"": ""light"", ""dup_target"": ""mixed"", ""encode_cache"": true, ""encoder_model"": ""sentence-transformers/all-MiniLM-L6-v2"", ""experiment"": ""redundancy"", ""lambda_grid"": [0.3, 0.5, 0.7, 0.9], ""max_samples"": 1000, ""metric"": ""cosine"", ""objective"": ""S-Recall@k"", ""overlap_grid"": [0.0, 0.25, 0.5, 0.75], ""rho_grid"": [0.0, 0.025, 0.05, 0.1, 0.15, 0.25, 0.5, 1.0], ""script"": ""evaluate_redundancy.py"", ""seed"": 0, ""split"": ""validation"", ""top_k"": 5, ""top_m"": 100, ""val_fraction"": 0.2}"
0.25,0.0322,MMR* [MMR(0.7)],0.8156,0.7777,0.9046,0.7074,0.8156,0.5735,0.6211,3.6005,0.00461,"{""alpha_grid"": [-0.3, -0.2, -0.1, -0.05, 0.0, 0.05, 0.1, 0.2, 0.3, 0.5, 1.0], ""chunk_window"": 60, ""dataset"": ""hotpotqa"", ""device"": ""cpu"", ""dup_noise"": ""light"", ""dup_target"": ""mixed"", ""encode_cache"": true, ""encoder_model"": ""sentence-transformers/all-MiniLM-L6-v2"", ""experiment"": ""redundancy"", ""lambda_grid"": [0.3, 0.5, 0.7, 0.9], ""max_samples"": 1000, ""metric"": ""cosine"", ""objective"": ""S-Recall@k"", ""overlap_grid"": [0.0, 0.25, 0.5, 0.75], ""rho_grid"": [0.0, 0.025, 0.05, 0.1, 0.15, 0.25, 0.5, 1.0], ""script"": ""evaluate_redundancy.py"", ""seed"": 0, ""split"": ""validation"", ""top_k"": 5, ""top_m"": 100, ""val_fraction"": 0.2}"
0.25,0.0322,RNG* [RNG(-0.2)],0.8037,0.7615,0.895,0.7242,0.8037,0.5603,0.5732,3.306,0.02014,"{""alpha_grid"": [-0.3, -0.2, -0.1, -0.05, 0.0, 0.05, 0.1, 0.2, 0.3, 0.5, 1.0], ""chunk_window"": 60, ""dataset"": ""hotpotqa"", ""device"": ""cpu"", ""dup_noise"": ""light"", ""dup_target"": ""mixed"", ""encode_cache"": true, ""encoder_model"": ""sentence-transformers/all-MiniLM-L6-v2"", ""experiment"": ""redundancy"", ""lambda_grid"": [0.3, 0.5, 0.7, 0.9], ""max_samples"": 1000, ""metric"": ""cosine"", ""objective"": ""S-Recall@k"", ""overlap_grid"": [0.0, 0.25, 0.5, 0.75], ""rho_grid"": [0.0, 0.025, 0.05, 0.1, 0.15, 0.25, 0.5, 1.0], ""script"": ""evaluate_redundancy.py"", ""seed"": 0, ""split"": ""validation"", ""top_k"": 5, ""top_m"": 100, ""val_fraction"": 0.2}"
0.25,0.0322,Seg* [Seg(0.1)],0.8081,0.7678,0.9014,0.7495,0.8081,0.5655,0.5877,3.2207,0.02535,"{""alpha_grid"": [-0.3, -0.2, -0.1, -0.05, 0.0, 0.05, 0.1, 0.2, 0.3, 0.5, 1.0], ""chunk_window"": 60, ""dataset"": ""hotpotqa"", ""device"": ""cpu"", ""dup_noise"": ""light"", ""dup_target"": ""mixed"", ""encode_cache"": true, ""encoder_model"": ""sentence-transformers/all-MiniLM-L6-v2"", ""experiment"": ""redundancy"", ""lambda_grid"": [0.3, 0.5, 0.7, 0.9], ""max_samples"": 1000, ""metric"": ""cosine"", ""objective"": ""S-Recall@k"", ""overlap_grid"": [0.0, 0.25, 0.5, 0.75], ""rho_grid"": [0.0, 0.025, 0.05, 0.1, 0.15, 0.25, 0.5, 1.0], ""script"": ""evaluate_redundancy.py"", ""seed"": 0, ""split"": ""validation"", ""top_k"": 5, ""top_m"": 100, ""val_fraction"": 0.2}"
0.5,0.0577,kNN,0.7488,0.7081,0.8934,0.7268,0.7488,0.522,0.427,2.3306,,"{""alpha_grid"": [-0.3, -0.2, -0.1, -0.05, 0.0, 0.05, 0.1, 0.2, 0.3, 0.5, 1.0], ""chunk_window"": 60, ""dataset"": ""hotpotqa"", ""device"": ""cpu"", ""dup_noise"": ""light"", ""dup_target"": ""mixed"", ""encode_cache"": true, ""encoder_model"": ""sentence-transformers/all-MiniLM-L6-v2"", ""experiment"": ""redundancy"", ""lambda_grid"": [0.3, 0.5, 0.7, 0.9], ""max_samples"": 1000, ""metric"": ""cosine"", ""objective"": ""S-Recall@k"", ""overlap_grid"": [0.0, 0.25, 0.5, 0.75], ""rho_grid"": [0.0, 0.025, 0.05, 0.1, 0.15, 0.25, 0.5, 1.0], ""script"": ""evaluate_redundancy.py"", ""seed"": 0, ""split"": ""validation"", ""top_k"": 5, ""top_m"": 100, ""val_fraction"": 0.2}"
0.5,0.0577,Maxmin,0.6381,0.6543,0.8906,0.5636,0.6381,0.4991,0.6951,3.3079,0.0,"{""alpha_grid"": [-0.3, -0.2, -0.1, -0.05, 0.0, 0.05, 0.1, 0.2, 0.3, 0.5, 1.0], ""chunk_window"": 60, ""dataset"": ""hotpotqa"", ""device"": ""cpu"", ""dup_noise"": ""light"", ""dup_target"": ""mixed"", ""encode_cache"": true, ""encoder_model"": ""sentence-transformers/all-MiniLM-L6-v2"", ""experiment"": ""redundancy"", ""lambda_grid"": [0.3, 0.5, 0.7, 0.9], ""max_samples"": 1000, ""metric"": ""cosine"", ""objective"": ""S-Recall@k"", ""overlap_grid"": [0.0, 0.25, 0.5, 0.75], ""rho_grid"": [0.0, 0.025, 0.05, 0.1, 0.15, 0.25, 0.5, 1.0], ""script"": ""evaluate_redundancy.py"", ""seed"": 0, ""split"": ""validation"", ""top_k"": 5, ""top_m"": 100, ""val_fraction"": 0.2}"
0.5,0.0577,Greedy-DPP,0.8356,0.795,0.9069,0.6078,0.8356,0.5855,0.6455,3.8695,0.0,"{""alpha_grid"": [-0.3, -0.2, -0.1, -0.05, 0.0, 0.05, 0.1, 0.2, 0.3, 0.5, 1.0], ""chunk_window"": 60, ""dataset"": ""hotpotqa"", ""device"": ""cpu"", ""dup_noise"": ""light"", ""dup_target"": ""mixed"", ""encode_cache"": true, ""encoder_model"": ""sentence-transformers/all-MiniLM-L6-v2"", ""experiment"": ""redundancy"", ""lambda_grid"": [0.3, 0.5, 0.7, 0.9], ""max_samples"": 1000, ""metric"": ""cosine"", ""objective"": ""S-Recall@k"", ""overlap_grid"": [0.0, 0.25, 0.5, 0.75], ""rho_grid"": [0.0, 0.025, 0.05, 0.1, 0.15, 0.25, 0.5, 1.0], ""script"": ""evaluate_redundancy.py"", ""seed"": 0, ""split"": ""validation"", ""top_k"": 5, ""top_m"": 100, ""val_fraction"": 0.2}"
0.5,0.0577,MMR* [MMR(0.7)],0.8063,0.7735,0.9096,0.6644,0.8063,0.5721,0.5766,3.2995,0.0,"{""alpha_grid"": [-0.3, -0.2, -0.1, -0.05, 0.0, 0.05, 0.1, 0.2, 0.3, 0.5, 1.0], ""chunk_window"": 60, ""dataset"": ""hotpotqa"", ""device"": ""cpu"", ""dup_noise"": ""light"", ""dup_target"": ""mixed"", ""encode_cache"": true, ""encoder_model"": ""sentence-transformers/all-MiniLM-L6-v2"", ""experiment"": ""redundancy"", ""lambda_grid"": [0.3, 0.5, 0.7, 0.9], ""max_samples"": 1000, ""metric"": ""cosine"", ""objective"": ""S-Recall@k"", ""overlap_grid"": [0.0, 0.25, 0.5, 0.75], ""rho_grid"": [0.0, 0.025, 0.05, 0.1, 0.15, 0.25, 0.5, 1.0], ""script"": ""evaluate_redundancy.py"", ""seed"": 0, ""split"": ""validation"", ""top_k"": 5, ""top_m"": 100, ""val_fraction"": 0.2}"
0.5,0.0577,RNG* [RNG(-0.3)],0.7781,0.7362,0.8967,0.704,0.7781,0.5422,0.4831,2.7159,0.0,"{""alpha_grid"": [-0.3, -0.2, -0.1, -0.05, 0.0, 0.05, 0.1, 0.2, 0.3, 0.5, 1.0], ""chunk_window"": 60, ""dataset"": ""hotpotqa"", ""device"": ""cpu"", ""dup_noise"": ""light"", ""dup_target"": ""mixed"", ""encode_cache"": true, ""encoder_model"": ""sentence-transformers/all-MiniLM-L6-v2"", ""experiment"": ""redundancy"", ""lambda_grid"": [0.3, 0.5, 0.7, 0.9], ""max_samples"": 1000, ""metric"": ""cosine"", ""objective"": ""S-Recall@k"", ""overlap_grid"": [0.0, 0.25, 0.5, 0.75], ""rho_grid"": [0.0, 0.025, 0.05, 0.1, 0.15, 0.25, 0.5, 1.0], ""script"": ""evaluate_redundancy.py"", ""seed"": 0, ""split"": ""validation"", ""top_k"": 5, ""top_m"": 100, ""val_fraction"": 0.2}"
0.5,0.0577,Seg* [Seg(-0.3)],0.7769,0.7363,0.8969,0.7001,0.7769,0.5426,0.489,2.7538,0.0,"{""alpha_grid"": [-0.3, -0.2, -0.1, -0.05, 0.0, 0.05, 0.1, 0.2, 0.3, 0.5, 1.0], ""chunk_window"": 60, ""dataset"": ""hotpotqa"", ""device"": ""cpu"", ""dup_noise"": ""light"", ""dup_target"": ""mixed"", ""encode_cache"": true, ""encoder_model"": ""sentence-transformers/all-MiniLM-L6-v2"", ""experiment"": ""redundancy"", ""lambda_grid"": [0.3, 0.5, 0.7, 0.9], ""max_samples"": 1000, ""metric"": ""cosine"", ""objective"": ""S-Recall@k"", ""overlap_grid"": [0.0, 0.25, 0.5, 0.75], ""rho_grid"": [0.0, 0.025, 0.05, 0.1, 0.15, 0.25, 0.5, 1.0], ""script"": ""evaluate_redundancy.py"", ""seed"": 0, ""split"": ""validation"", ""top_k"": 5, ""top_m"": 100, ""val_fraction"": 0.2}"
1.0,0.0934,kNN,0.6419,0.6427,0.8961,0.6857,0.6419,0.4867,0.239,1.6605,,"{""alpha_grid"": [-0.3, -0.2, -0.1, -0.05, 0.0, 0.05, 0.1, 0.2, 0.3, 0.5, 1.0], ""chunk_window"": 60, ""dataset"": ""hotpotqa"", ""device"": ""cpu"", ""dup_noise"": ""light"", ""dup_target"": ""mixed"", ""encode_cache"": true, ""encoder_model"": ""sentence-transformers/all-MiniLM-L6-v2"", ""experiment"": ""redundancy"", ""lambda_grid"": [0.3, 0.5, 0.7, 0.9], ""max_samples"": 1000, ""metric"": ""cosine"", ""objective"": ""S-Recall@k"", ""overlap_grid"": [0.0, 0.25, 0.5, 0.75], ""rho_grid"": [0.0, 0.025, 0.05, 0.1, 0.15, 0.25, 0.5, 1.0], ""script"": ""evaluate_redundancy.py"", ""seed"": 0, ""split"": ""validation"", ""top_k"": 5, ""top_m"": 100, ""val_fraction"": 0.2}"
1.0,0.0934,Maxmin,0.6244,0.6504,0.8947,0.5575,0.6244,0.4992,0.6457,2.9914,0.17559,"{""alpha_grid"": [-0.3, -0.2, -0.1, -0.05, 0.0, 0.05, 0.1, 0.2, 0.3, 0.5, 1.0], ""chunk_window"": 60, ""dataset"": ""hotpotqa"", ""device"": ""cpu"", ""dup_noise"": ""light"", ""dup_target"": ""mixed"", ""encode_cache"": true, ""encoder_model"": ""sentence-transformers/all-MiniLM-L6-v2"", ""experiment"": ""redundancy"", ""lambda_grid"": [0.3, 0.5, 0.7, 0.9], ""max_samples"": 1000, ""metric"": ""cosine"", ""objective"": ""S-Recall@k"", ""overlap_grid"": [0.0, 0.25, 0.5, 0.75], ""rho_grid"": [0.0, 0.025, 0.05, 0.1, 0.15, 0.25, 0.5, 1.0], ""script"": ""evaluate_redundancy.py"", ""seed"": 0, ""split"": ""validation"", ""top_k"": 5, ""top_m"": 100, ""val_fraction"": 0.2}"
1.0,0.0934,Greedy-DPP,0.8413,0.8004,0.9108,0.5978,0.8413,0.5895,0.6436,3.8607,0.0,"{""alpha_grid"": [-0.3, -0.2, -0.1, -0.05, 0.0, 0.05, 0.1, 0.2, 0.3, 0.5, 1.0], ""chunk_window"": 60, ""dataset"": ""hotpotqa"", ""device"": ""cpu"", ""dup_noise"": ""light"", ""dup_target"": ""mixed"", ""encode_cache"": true, ""encoder_model"": ""sentence-transformers/all-MiniLM-L6-v2"", ""experiment"": ""redundancy"", ""lambda_grid"": [0.3, 0.5, 0.7, 0.9], ""max_samples"": 1000, ""metric"": ""cosine"", ""objective"": ""S-Recall@k"", ""overlap_grid"": [0.0, 0.25, 0.5, 0.75], ""rho_grid"": [0.0, 0.025, 0.05, 0.1, 0.15, 0.25, 0.5, 1.0], ""script"": ""evaluate_redundancy.py"", ""seed"": 0, ""split"": ""validation"", ""top_k"": 5, ""top_m"": 100, ""val_fraction"": 0.2}"
1.0,0.0934,MMR* [MMR(0.7)],0.7806,0.7616,0.9135,0.6616,0.7806,0.5675,0.491,2.8955,0.0,"{""alpha_grid"": [-0.3, -0.2, -0.1, -0.05, 0.0, 0.05, 0.1, 0.2, 0.3, 0.5, 1.0], ""chunk_window"": 60, ""dataset"": ""hotpotqa"", ""device"": ""cpu"", ""dup_noise"": ""light"", ""dup_target"": ""mixed"", ""encode_cache"": true, ""encoder_model"": ""sentence-transformers/all-MiniLM-L6-v2"", ""experiment"": ""redundancy"", ""lambda_grid"": [0.3, 0.5, 0.7, 0.9], ""max_samples"": 1000, ""metric"": ""cosine"", ""objective"": ""S-Recall@k"", ""overlap_grid"": [0.0, 0.25, 0.5, 0.75], ""rho_grid"": [0.0, 0.025, 0.05, 0.1, 0.15, 0.25, 0.5, 1.0], ""script"": ""evaluate_redundancy.py"", ""seed"": 0, ""split"": ""validation"", ""top_k"": 5, ""top_m"": 100, ""val_fraction"": 0.2}"
1.0,0.0934,RNG* [RNG(-0.05)],0.7556,0.7299,0.908,0.6736,0.7556,0.5424,0.4855,2.7295,0.0,"{""alpha_grid"": [-0.3, -0.2, -0.1, -0.05, 0.0, 0.05, 0.1, 0.2, 0.3, 0.5, 1.0], ""chunk_window"": 60, ""dataset"": ""hotpotqa"", ""device"": ""cpu"", ""dup_noise"": ""light"", ""dup_target"": ""mixed"", ""encode_cache"": true, ""encoder_model"": ""sentence-transformers/all-MiniLM-L6-v2"", ""experiment"": ""redundancy"", ""lambda_grid"": [0.3, 0.5, 0.7, 0.9], ""max_samples"": 1000, ""metric"": ""cosine"", ""objective"": ""S-Recall@k"", ""overlap_grid"": [0.0, 0.25, 0.5, 0.75], ""rho_grid"": [0.0, 0.025, 0.05, 0.1, 0.15, 0.25, 0.5, 1.0], ""script"": ""evaluate_redundancy.py"", ""seed"": 0, ""split"": ""validation"", ""top_k"": 5, ""top_m"": 100, ""val_fraction"": 0.2}"
1.0,0.0934,Seg* [Seg(-0.2)],0.7431,0.7179,0.9024,0.6806,0.7431,0.5339,0.4175,2.4619,0.0,"{""alpha_grid"": [-0.3, -0.2, -0.1, -0.05, 0.0, 0.05, 0.1, 0.2, 0.3, 0.5, 1.0], ""chunk_window"": 60, ""dataset"": ""hotpotqa"", ""device"": ""cpu"", ""dup_noise"": ""light"", ""dup_target"": ""mixed"", ""encode_cache"": true, ""encoder_model"": ""sentence-transformers/all-MiniLM-L6-v2"", ""experiment"": ""redundancy"", ""lambda_grid"": [0.3, 0.5, 0.7, 0.9], ""max_samples"": 1000, ""metric"": ""cosine"", ""objective"": ""S-Recall@k"", ""overlap_grid"": [0.0, 0.25, 0.5, 0.75], ""rho_grid"": [0.0, 0.025, 0.05, 0.1, 0.15, 0.25, 0.5, 1.0], ""script"": ""evaluate_redundancy.py"", ""seed"": 0, ""split"": ""validation"", ""top_k"": 5, ""top_m"": 100, ""val_fraction"": 0.2}"
