rho,Method,Chosen,n_test,PoolRedundancy,Recall@k,NDCG@k,MRR,alpha-NDCG@k,S-Recall@k,ERR-IA@k,APD,Vendi,p(S-Recall@k vs kNN)
0.0,kNN,,10061,0.001,0.8967,0.8899,0.9895,0.8899,0.8967,0.6259,0.5424,3.4832,
0.0,Maxmin,,10061,0.001,0.6703,0.6962,0.9847,0.6961,0.6703,0.506,0.6353,3.8586,0.0
0.0,Greedy-DPP,,10061,0.001,0.8657,0.8624,0.9885,0.8624,0.8657,0.6077,0.5745,3.6542,0.0
0.0,MMR*,MMR(0.9),10061,0.001,0.89,0.8843,0.9896,0.8843,0.89,0.6224,0.549,3.5207,0.0
0.0,RNG*,RNG(1),10061,0.001,0.8971,0.8902,0.9895,0.8902,0.8971,0.626,0.543,3.4854,0.035888
0.0,Seg*,Seg(1),10061,0.001,0.897,0.8901,0.9895,0.8901,0.897,0.626,0.5428,3.4847,0.017069
0.1,kNN,,10061,0.0189,0.8817,0.8755,0.989,0.8782,0.8817,0.6167,0.5174,3.2423,
0.1,Maxmin,,10061,0.0189,0.6535,0.6867,0.9843,0.6781,0.6535,0.5018,0.6208,3.6467,0.0
0.1,Greedy-DPP,,10061,0.0189,0.8661,0.8625,0.9884,0.8399,0.8661,0.6077,0.5745,3.6544,0.0
0.1,MMR*,MMR(0.9),10061,0.0189,0.88,0.8753,0.9894,0.8743,0.88,0.617,0.532,3.3656,0.081123
0.1,RNG*,RNG(-0.3),10061,0.0189,0.8865,0.8807,0.9892,0.8755,0.8865,0.6201,0.5296,3.3496,0.0
0.1,Seg*,Seg(-0.3),10061,0.0189,0.8824,0.8786,0.9892,0.8726,0.8824,0.619,0.5323,3.3662,0.406531
0.25,kNN,,10061,0.032,0.8626,0.8431,0.9895,0.8608,0.8626,0.5913,0.4621,2.7723,
0.25,Maxmin,,10061,0.032,0.6518,0.6855,0.9851,0.6398,0.6518,0.5015,0.6037,3.4285,0.0
0.25,Greedy-DPP,,10061,0.032,0.8685,0.8644,0.9889,0.751,0.8685,0.6089,0.5745,3.6546,0.134362
0.25,MMR*,MMR(0.9),10061,0.032,0.8607,0.8525,0.9899,0.8517,0.8607,0.6009,0.4793,2.9016,0.019807
0.25,RNG*,RNG(-0.3),10061,0.032,0.8722,0.8595,0.9896,0.8361,0.8722,0.6038,0.4897,2.9974,0.0
0.25,Seg*,Seg(-0.3),10061,0.032,0.8695,0.8588,0.9896,0.8319,0.8695,0.6038,0.4936,3.0223,0.0
0.5,kNN,,10061,0.0559,0.8135,0.7886,0.9888,0.8306,0.8135,0.5536,0.3796,2.2299,
0.5,Maxmin,,10061,0.0559,0.6232,0.6696,0.9848,0.5984,0.6232,0.4945,0.5717,3.0522,0.0
0.5,Greedy-DPP,,10061,0.0559,0.8702,0.8659,0.9888,0.6889,0.8702,0.61,0.5746,3.6554,0.0
0.5,MMR*,MMR(0.7),10061,0.0559,0.822,0.8313,0.9894,0.7167,0.822,0.5905,0.5278,3.2486,0.122874
0.5,RNG*,RNG(-0.3),10061,0.0559,0.8402,0.8259,0.9892,0.8017,0.8402,0.5809,0.4341,2.5789,0.0
0.5,Seg*,Seg(-0.3),10061,0.0559,0.8402,0.8278,0.9892,0.7973,0.8402,0.5826,0.4399,2.6141,0.0
1.0,kNN,,10061,0.0876,0.6905,0.6988,0.9892,0.7703,0.6905,0.5029,0.2281,1.6216,
1.0,Maxmin,,10061,0.0876,0.5925,0.6539,0.9852,0.5917,0.5925,0.4882,0.5177,2.673,0.0
1.0,Greedy-DPP,,10061,0.0876,0.8725,0.8679,0.9894,0.6783,0.8725,0.6113,0.5746,3.6558,0.0
1.0,MMR*,MMR(0.7),10061,0.0876,0.802,0.821,0.9899,0.7107,0.802,0.5861,0.4848,3.0111,0.0
1.0,RNG*,RNG(-0.2),10061,0.0876,0.7974,0.8005,0.9897,0.7613,0.7974,0.5688,0.399,2.4139,0.0
1.0,Seg*,Seg(-0.2),10061,0.0876,0.7843,0.7934,0.9897,0.7538,0.7843,0.5654,0.407,2.4449,0.0
