Method,Chosen,seed,alpha-NDCG@k,Recall@k,NDCG@k,MRR,S-Recall@k,ERR-IA@k,APD,Vendi,oracle - fixed,oracle - kNN,% queries where oracle beats kNN,RunParams
kNN,kNN,0,0.7767,0.7629,0.7508,0.8801,0.8017,0.5929,0.5204,3.3822,,,,"{""alpha_grid"": [-0.3, -0.2, -0.1, -0.05, 0.0, 0.05, 0.1, 0.2, 0.3, 0.5, 1.0], ""batch_size"": 64, ""chunk_window"": 60, ""dataset"": ""hotpotqa_fullwiki"", ""device"": ""cuda"", ""dup_noise"": ""light"", ""dup_target"": ""mixed"", ""encode_cache"": true, ""encoder_model"": ""Qwen/Qwen3-Embedding-4B"", ""experiment"": ""both"", ""gen_max_samples"": 1000, ""gen_methods"": [], ""generator_model"": null, ""lambda_grid"": [0.3, 0.5, 0.7, 0.9], ""max_samples"": null, ""metric"": ""cosine"", ""objective"": ""alpha-NDCG@k"", ""overlap_grid"": [0.0, 0.25, 0.5, 0.75], ""rho_grid"": [0.0, 0.025, 0.05, 0.1, 0.15, 0.25, 0.5, 1.0], ""run_generation"": false, ""script"": ""evaluate_redundancy.py"", ""seed"": 0, ""seeds"": [0, 1, 2], ""single_subtopic"": false, ""split"": ""validation"", ""top_k"": 5, ""top_m"": 100, ""val_fraction"": 0.2}"
MMR fixed,MMR(0.9),0,0.7742,0.7563,0.7484,0.88,0.7953,0.5921,0.5361,3.468,,,,"{""alpha_grid"": [-0.3, -0.2, -0.1, -0.05, 0.0, 0.05, 0.1, 0.2, 0.3, 0.5, 1.0], ""batch_size"": 64, ""chunk_window"": 60, ""dataset"": ""hotpotqa_fullwiki"", ""device"": ""cuda"", ""dup_noise"": ""light"", ""dup_target"": ""mixed"", ""encode_cache"": true, ""encoder_model"": ""Qwen/Qwen3-Embedding-4B"", ""experiment"": ""both"", ""gen_max_samples"": 1000, ""gen_methods"": [], ""generator_model"": null, ""lambda_grid"": [0.3, 0.5, 0.7, 0.9], ""max_samples"": null, ""metric"": ""cosine"", ""objective"": ""alpha-NDCG@k"", ""overlap_grid"": [0.0, 0.25, 0.5, 0.75], ""rho_grid"": [0.0, 0.025, 0.05, 0.1, 0.15, 0.25, 0.5, 1.0], ""run_generation"": false, ""script"": ""evaluate_redundancy.py"", ""seed"": 0, ""seeds"": [0, 1, 2], ""single_subtopic"": false, ""split"": ""validation"", ""top_k"": 5, ""top_m"": 100, ""val_fraction"": 0.2}"
MMR oracle (per-query),MMR-oracle,0,0.7866,,,,,,,,,,,"{""alpha_grid"": [-0.3, -0.2, -0.1, -0.05, 0.0, 0.05, 0.1, 0.2, 0.3, 0.5, 1.0], ""batch_size"": 64, ""chunk_window"": 60, ""dataset"": ""hotpotqa_fullwiki"", ""device"": ""cuda"", ""dup_noise"": ""light"", ""dup_target"": ""mixed"", ""encode_cache"": true, ""encoder_model"": ""Qwen/Qwen3-Embedding-4B"", ""experiment"": ""both"", ""gen_max_samples"": 1000, ""gen_methods"": [], ""generator_model"": null, ""lambda_grid"": [0.3, 0.5, 0.7, 0.9], ""max_samples"": null, ""metric"": ""cosine"", ""objective"": ""alpha-NDCG@k"", ""overlap_grid"": [0.0, 0.25, 0.5, 0.75], ""rho_grid"": [0.0, 0.025, 0.05, 0.1, 0.15, 0.25, 0.5, 1.0], ""run_generation"": false, ""script"": ""evaluate_redundancy.py"", ""seed"": 0, ""seeds"": [0, 1, 2], ""single_subtopic"": false, ""split"": ""validation"", ""top_k"": 5, ""top_m"": 100, ""val_fraction"": 0.2}"
MMR headroom,,0,,,,,,,,,0.0124,0.0099,13.7,"{""alpha_grid"": [-0.3, -0.2, -0.1, -0.05, 0.0, 0.05, 0.1, 0.2, 0.3, 0.5, 1.0], ""batch_size"": 64, ""chunk_window"": 60, ""dataset"": ""hotpotqa_fullwiki"", ""device"": ""cuda"", ""dup_noise"": ""light"", ""dup_target"": ""mixed"", ""encode_cache"": true, ""encoder_model"": ""Qwen/Qwen3-Embedding-4B"", ""experiment"": ""both"", ""gen_max_samples"": 1000, ""gen_methods"": [], ""generator_model"": null, ""lambda_grid"": [0.3, 0.5, 0.7, 0.9], ""max_samples"": null, ""metric"": ""cosine"", ""objective"": ""alpha-NDCG@k"", ""overlap_grid"": [0.0, 0.25, 0.5, 0.75], ""rho_grid"": [0.0, 0.025, 0.05, 0.1, 0.15, 0.25, 0.5, 1.0], ""run_generation"": false, ""script"": ""evaluate_redundancy.py"", ""seed"": 0, ""seeds"": [0, 1, 2], ""single_subtopic"": false, ""split"": ""validation"", ""top_k"": 5, ""top_m"": 100, ""val_fraction"": 0.2}"
RNG fixed,RNG(0.3),0,0.7808,0.7652,0.7549,0.8805,0.8041,0.5964,0.5369,3.4515,,,,"{""alpha_grid"": [-0.3, -0.2, -0.1, -0.05, 0.0, 0.05, 0.1, 0.2, 0.3, 0.5, 1.0], ""batch_size"": 64, ""chunk_window"": 60, ""dataset"": ""hotpotqa_fullwiki"", ""device"": ""cuda"", ""dup_noise"": ""light"", ""dup_target"": ""mixed"", ""encode_cache"": true, ""encoder_model"": ""Qwen/Qwen3-Embedding-4B"", ""experiment"": ""both"", ""gen_max_samples"": 1000, ""gen_methods"": [], ""generator_model"": null, ""lambda_grid"": [0.3, 0.5, 0.7, 0.9], ""max_samples"": null, ""metric"": ""cosine"", ""objective"": ""alpha-NDCG@k"", ""overlap_grid"": [0.0, 0.25, 0.5, 0.75], ""rho_grid"": [0.0, 0.025, 0.05, 0.1, 0.15, 0.25, 0.5, 1.0], ""run_generation"": false, ""script"": ""evaluate_redundancy.py"", ""seed"": 0, ""seeds"": [0, 1, 2], ""single_subtopic"": false, ""split"": ""validation"", ""top_k"": 5, ""top_m"": 100, ""val_fraction"": 0.2}"
RNG oracle (per-query),RNG-oracle,0,0.7997,,,,,,,,,,,"{""alpha_grid"": [-0.3, -0.2, -0.1, -0.05, 0.0, 0.05, 0.1, 0.2, 0.3, 0.5, 1.0], ""batch_size"": 64, ""chunk_window"": 60, ""dataset"": ""hotpotqa_fullwiki"", ""device"": ""cuda"", ""dup_noise"": ""light"", ""dup_target"": ""mixed"", ""encode_cache"": true, ""encoder_model"": ""Qwen/Qwen3-Embedding-4B"", ""experiment"": ""both"", ""gen_max_samples"": 1000, ""gen_methods"": [], ""generator_model"": null, ""lambda_grid"": [0.3, 0.5, 0.7, 0.9], ""max_samples"": null, ""metric"": ""cosine"", ""objective"": ""alpha-NDCG@k"", ""overlap_grid"": [0.0, 0.25, 0.5, 0.75], ""rho_grid"": [0.0, 0.025, 0.05, 0.1, 0.15, 0.25, 0.5, 1.0], ""run_generation"": false, ""script"": ""evaluate_redundancy.py"", ""seed"": 0, ""seeds"": [0, 1, 2], ""single_subtopic"": false, ""split"": ""validation"", ""top_k"": 5, ""top_m"": 100, ""val_fraction"": 0.2}"
RNG headroom,,0,,,,,,,,,0.0189,0.023,15.9,"{""alpha_grid"": [-0.3, -0.2, -0.1, -0.05, 0.0, 0.05, 0.1, 0.2, 0.3, 0.5, 1.0], ""batch_size"": 64, ""chunk_window"": 60, ""dataset"": ""hotpotqa_fullwiki"", ""device"": ""cuda"", ""dup_noise"": ""light"", ""dup_target"": ""mixed"", ""encode_cache"": true, ""encoder_model"": ""Qwen/Qwen3-Embedding-4B"", ""experiment"": ""both"", ""gen_max_samples"": 1000, ""gen_methods"": [], ""generator_model"": null, ""lambda_grid"": [0.3, 0.5, 0.7, 0.9], ""max_samples"": null, ""metric"": ""cosine"", ""objective"": ""alpha-NDCG@k"", ""overlap_grid"": [0.0, 0.25, 0.5, 0.75], ""rho_grid"": [0.0, 0.025, 0.05, 0.1, 0.15, 0.25, 0.5, 1.0], ""run_generation"": false, ""script"": ""evaluate_redundancy.py"", ""seed"": 0, ""seeds"": [0, 1, 2], ""single_subtopic"": false, ""split"": ""validation"", ""top_k"": 5, ""top_m"": 100, ""val_fraction"": 0.2}"
Seg fixed,Seg(0.3),0,0.7805,0.7647,0.7545,0.8806,0.8037,0.5962,0.5325,3.4332,,,,"{""alpha_grid"": [-0.3, -0.2, -0.1, -0.05, 0.0, 0.05, 0.1, 0.2, 0.3, 0.5, 1.0], ""batch_size"": 64, ""chunk_window"": 60, ""dataset"": ""hotpotqa_fullwiki"", ""device"": ""cuda"", ""dup_noise"": ""light"", ""dup_target"": ""mixed"", ""encode_cache"": true, ""encoder_model"": ""Qwen/Qwen3-Embedding-4B"", ""experiment"": ""both"", ""gen_max_samples"": 1000, ""gen_methods"": [], ""generator_model"": null, ""lambda_grid"": [0.3, 0.5, 0.7, 0.9], ""max_samples"": null, ""metric"": ""cosine"", ""objective"": ""alpha-NDCG@k"", ""overlap_grid"": [0.0, 0.25, 0.5, 0.75], ""rho_grid"": [0.0, 0.025, 0.05, 0.1, 0.15, 0.25, 0.5, 1.0], ""run_generation"": false, ""script"": ""evaluate_redundancy.py"", ""seed"": 0, ""seeds"": [0, 1, 2], ""single_subtopic"": false, ""split"": ""validation"", ""top_k"": 5, ""top_m"": 100, ""val_fraction"": 0.2}"
Seg oracle (per-query),Seg-oracle,0,0.801,,,,,,,,,,,"{""alpha_grid"": [-0.3, -0.2, -0.1, -0.05, 0.0, 0.05, 0.1, 0.2, 0.3, 0.5, 1.0], ""batch_size"": 64, ""chunk_window"": 60, ""dataset"": ""hotpotqa_fullwiki"", ""device"": ""cuda"", ""dup_noise"": ""light"", ""dup_target"": ""mixed"", ""encode_cache"": true, ""encoder_model"": ""Qwen/Qwen3-Embedding-4B"", ""experiment"": ""both"", ""gen_max_samples"": 1000, ""gen_methods"": [], ""generator_model"": null, ""lambda_grid"": [0.3, 0.5, 0.7, 0.9], ""max_samples"": null, ""metric"": ""cosine"", ""objective"": ""alpha-NDCG@k"", ""overlap_grid"": [0.0, 0.25, 0.5, 0.75], ""rho_grid"": [0.0, 0.025, 0.05, 0.1, 0.15, 0.25, 0.5, 1.0], ""run_generation"": false, ""script"": ""evaluate_redundancy.py"", ""seed"": 0, ""seeds"": [0, 1, 2], ""single_subtopic"": false, ""split"": ""validation"", ""top_k"": 5, ""top_m"": 100, ""val_fraction"": 0.2}"
Seg headroom,,0,,,,,,,,,0.0205,0.0244,16.8,"{""alpha_grid"": [-0.3, -0.2, -0.1, -0.05, 0.0, 0.05, 0.1, 0.2, 0.3, 0.5, 1.0], ""batch_size"": 64, ""chunk_window"": 60, ""dataset"": ""hotpotqa_fullwiki"", ""device"": ""cuda"", ""dup_noise"": ""light"", ""dup_target"": ""mixed"", ""encode_cache"": true, ""encoder_model"": ""Qwen/Qwen3-Embedding-4B"", ""experiment"": ""both"", ""gen_max_samples"": 1000, ""gen_methods"": [], ""generator_model"": null, ""lambda_grid"": [0.3, 0.5, 0.7, 0.9], ""max_samples"": null, ""metric"": ""cosine"", ""objective"": ""alpha-NDCG@k"", ""overlap_grid"": [0.0, 0.25, 0.5, 0.75], ""rho_grid"": [0.0, 0.025, 0.05, 0.1, 0.15, 0.25, 0.5, 1.0], ""run_generation"": false, ""script"": ""evaluate_redundancy.py"", ""seed"": 0, ""seeds"": [0, 1, 2], ""single_subtopic"": false, ""split"": ""validation"", ""top_k"": 5, ""top_m"": 100, ""val_fraction"": 0.2}"
kNN,kNN,1,0.7768,0.7619,0.7506,0.8806,0.801,0.5933,0.5205,3.3828,,,,"{""alpha_grid"": [-0.3, -0.2, -0.1, -0.05, 0.0, 0.05, 0.1, 0.2, 0.3, 0.5, 1.0], ""batch_size"": 64, ""chunk_window"": 60, ""dataset"": ""hotpotqa_fullwiki"", ""device"": ""cuda"", ""dup_noise"": ""light"", ""dup_target"": ""mixed"", ""encode_cache"": true, ""encoder_model"": ""Qwen/Qwen3-Embedding-4B"", ""experiment"": ""both"", ""gen_max_samples"": 1000, ""gen_methods"": [], ""generator_model"": null, ""lambda_grid"": [0.3, 0.5, 0.7, 0.9], ""max_samples"": null, ""metric"": ""cosine"", ""objective"": ""alpha-NDCG@k"", ""overlap_grid"": [0.0, 0.25, 0.5, 0.75], ""rho_grid"": [0.0, 0.025, 0.05, 0.1, 0.15, 0.25, 0.5, 1.0], ""run_generation"": false, ""script"": ""evaluate_redundancy.py"", ""seed"": 0, ""seeds"": [0, 1, 2], ""single_subtopic"": false, ""split"": ""validation"", ""top_k"": 5, ""top_m"": 100, ""val_fraction"": 0.2}"
MMR fixed,MMR(0.9),1,0.7743,0.7555,0.7483,0.8806,0.7946,0.5926,0.5365,3.4693,,,,"{""alpha_grid"": [-0.3, -0.2, -0.1, -0.05, 0.0, 0.05, 0.1, 0.2, 0.3, 0.5, 1.0], ""batch_size"": 64, ""chunk_window"": 60, ""dataset"": ""hotpotqa_fullwiki"", ""device"": ""cuda"", ""dup_noise"": ""light"", ""dup_target"": ""mixed"", ""encode_cache"": true, ""encoder_model"": ""Qwen/Qwen3-Embedding-4B"", ""experiment"": ""both"", ""gen_max_samples"": 1000, ""gen_methods"": [], ""generator_model"": null, ""lambda_grid"": [0.3, 0.5, 0.7, 0.9], ""max_samples"": null, ""metric"": ""cosine"", ""objective"": ""alpha-NDCG@k"", ""overlap_grid"": [0.0, 0.25, 0.5, 0.75], ""rho_grid"": [0.0, 0.025, 0.05, 0.1, 0.15, 0.25, 0.5, 1.0], ""run_generation"": false, ""script"": ""evaluate_redundancy.py"", ""seed"": 0, ""seeds"": [0, 1, 2], ""single_subtopic"": false, ""split"": ""validation"", ""top_k"": 5, ""top_m"": 100, ""val_fraction"": 0.2}"
MMR oracle (per-query),MMR-oracle,1,0.7873,,,,,,,,,,,"{""alpha_grid"": [-0.3, -0.2, -0.1, -0.05, 0.0, 0.05, 0.1, 0.2, 0.3, 0.5, 1.0], ""batch_size"": 64, ""chunk_window"": 60, ""dataset"": ""hotpotqa_fullwiki"", ""device"": ""cuda"", ""dup_noise"": ""light"", ""dup_target"": ""mixed"", ""encode_cache"": true, ""encoder_model"": ""Qwen/Qwen3-Embedding-4B"", ""experiment"": ""both"", ""gen_max_samples"": 1000, ""gen_methods"": [], ""generator_model"": null, ""lambda_grid"": [0.3, 0.5, 0.7, 0.9], ""max_samples"": null, ""metric"": ""cosine"", ""objective"": ""alpha-NDCG@k"", ""overlap_grid"": [0.0, 0.25, 0.5, 0.75], ""rho_grid"": [0.0, 0.025, 0.05, 0.1, 0.15, 0.25, 0.5, 1.0], ""run_generation"": false, ""script"": ""evaluate_redundancy.py"", ""seed"": 0, ""seeds"": [0, 1, 2], ""single_subtopic"": false, ""split"": ""validation"", ""top_k"": 5, ""top_m"": 100, ""val_fraction"": 0.2}"
MMR headroom,,1,,,,,,,,,0.013,0.0106,14.1,"{""alpha_grid"": [-0.3, -0.2, -0.1, -0.05, 0.0, 0.05, 0.1, 0.2, 0.3, 0.5, 1.0], ""batch_size"": 64, ""chunk_window"": 60, ""dataset"": ""hotpotqa_fullwiki"", ""device"": ""cuda"", ""dup_noise"": ""light"", ""dup_target"": ""mixed"", ""encode_cache"": true, ""encoder_model"": ""Qwen/Qwen3-Embedding-4B"", ""experiment"": ""both"", ""gen_max_samples"": 1000, ""gen_methods"": [], ""generator_model"": null, ""lambda_grid"": [0.3, 0.5, 0.7, 0.9], ""max_samples"": null, ""metric"": ""cosine"", ""objective"": ""alpha-NDCG@k"", ""overlap_grid"": [0.0, 0.25, 0.5, 0.75], ""rho_grid"": [0.0, 0.025, 0.05, 0.1, 0.15, 0.25, 0.5, 1.0], ""run_generation"": false, ""script"": ""evaluate_redundancy.py"", ""seed"": 0, ""seeds"": [0, 1, 2], ""single_subtopic"": false, ""split"": ""validation"", ""top_k"": 5, ""top_m"": 100, ""val_fraction"": 0.2}"
RNG fixed,RNG(0.3),1,0.7809,0.7643,0.7548,0.8809,0.8034,0.5968,0.5371,3.4526,,,,"{""alpha_grid"": [-0.3, -0.2, -0.1, -0.05, 0.0, 0.05, 0.1, 0.2, 0.3, 0.5, 1.0], ""batch_size"": 64, ""chunk_window"": 60, ""dataset"": ""hotpotqa_fullwiki"", ""device"": ""cuda"", ""dup_noise"": ""light"", ""dup_target"": ""mixed"", ""encode_cache"": true, ""encoder_model"": ""Qwen/Qwen3-Embedding-4B"", ""experiment"": ""both"", ""gen_max_samples"": 1000, ""gen_methods"": [], ""generator_model"": null, ""lambda_grid"": [0.3, 0.5, 0.7, 0.9], ""max_samples"": null, ""metric"": ""cosine"", ""objective"": ""alpha-NDCG@k"", ""overlap_grid"": [0.0, 0.25, 0.5, 0.75], ""rho_grid"": [0.0, 0.025, 0.05, 0.1, 0.15, 0.25, 0.5, 1.0], ""run_generation"": false, ""script"": ""evaluate_redundancy.py"", ""seed"": 0, ""seeds"": [0, 1, 2], ""single_subtopic"": false, ""split"": ""validation"", ""top_k"": 5, ""top_m"": 100, ""val_fraction"": 0.2}"
RNG oracle (per-query),RNG-oracle,1,0.8007,,,,,,,,,,,"{""alpha_grid"": [-0.3, -0.2, -0.1, -0.05, 0.0, 0.05, 0.1, 0.2, 0.3, 0.5, 1.0], ""batch_size"": 64, ""chunk_window"": 60, ""dataset"": ""hotpotqa_fullwiki"", ""device"": ""cuda"", ""dup_noise"": ""light"", ""dup_target"": ""mixed"", ""encode_cache"": true, ""encoder_model"": ""Qwen/Qwen3-Embedding-4B"", ""experiment"": ""both"", ""gen_max_samples"": 1000, ""gen_methods"": [], ""generator_model"": null, ""lambda_grid"": [0.3, 0.5, 0.7, 0.9], ""max_samples"": null, ""metric"": ""cosine"", ""objective"": ""alpha-NDCG@k"", ""overlap_grid"": [0.0, 0.25, 0.5, 0.75], ""rho_grid"": [0.0, 0.025, 0.05, 0.1, 0.15, 0.25, 0.5, 1.0], ""run_generation"": false, ""script"": ""evaluate_redundancy.py"", ""seed"": 0, ""seeds"": [0, 1, 2], ""single_subtopic"": false, ""split"": ""validation"", ""top_k"": 5, ""top_m"": 100, ""val_fraction"": 0.2}"
RNG headroom,,1,,,,,,,,,0.0198,0.0239,16.2,"{""alpha_grid"": [-0.3, -0.2, -0.1, -0.05, 0.0, 0.05, 0.1, 0.2, 0.3, 0.5, 1.0], ""batch_size"": 64, ""chunk_window"": 60, ""dataset"": ""hotpotqa_fullwiki"", ""device"": ""cuda"", ""dup_noise"": ""light"", ""dup_target"": ""mixed"", ""encode_cache"": true, ""encoder_model"": ""Qwen/Qwen3-Embedding-4B"", ""experiment"": ""both"", ""gen_max_samples"": 1000, ""gen_methods"": [], ""generator_model"": null, ""lambda_grid"": [0.3, 0.5, 0.7, 0.9], ""max_samples"": null, ""metric"": ""cosine"", ""objective"": ""alpha-NDCG@k"", ""overlap_grid"": [0.0, 0.25, 0.5, 0.75], ""rho_grid"": [0.0, 0.025, 0.05, 0.1, 0.15, 0.25, 0.5, 1.0], ""run_generation"": false, ""script"": ""evaluate_redundancy.py"", ""seed"": 0, ""seeds"": [0, 1, 2], ""single_subtopic"": false, ""split"": ""validation"", ""top_k"": 5, ""top_m"": 100, ""val_fraction"": 0.2}"
Seg fixed,Seg(0.2),1,0.7803,0.7633,0.7543,0.8807,0.8022,0.5966,0.5423,3.4756,,,,"{""alpha_grid"": [-0.3, -0.2, -0.1, -0.05, 0.0, 0.05, 0.1, 0.2, 0.3, 0.5, 1.0], ""batch_size"": 64, ""chunk_window"": 60, ""dataset"": ""hotpotqa_fullwiki"", ""device"": ""cuda"", ""dup_noise"": ""light"", ""dup_target"": ""mixed"", ""encode_cache"": true, ""encoder_model"": ""Qwen/Qwen3-Embedding-4B"", ""experiment"": ""both"", ""gen_max_samples"": 1000, ""gen_methods"": [], ""generator_model"": null, ""lambda_grid"": [0.3, 0.5, 0.7, 0.9], ""max_samples"": null, ""metric"": ""cosine"", ""objective"": ""alpha-NDCG@k"", ""overlap_grid"": [0.0, 0.25, 0.5, 0.75], ""rho_grid"": [0.0, 0.025, 0.05, 0.1, 0.15, 0.25, 0.5, 1.0], ""run_generation"": false, ""script"": ""evaluate_redundancy.py"", ""seed"": 0, ""seeds"": [0, 1, 2], ""single_subtopic"": false, ""split"": ""validation"", ""top_k"": 5, ""top_m"": 100, ""val_fraction"": 0.2}"
Seg oracle (per-query),Seg-oracle,1,0.8024,,,,,,,,,,,"{""alpha_grid"": [-0.3, -0.2, -0.1, -0.05, 0.0, 0.05, 0.1, 0.2, 0.3, 0.5, 1.0], ""batch_size"": 64, ""chunk_window"": 60, ""dataset"": ""hotpotqa_fullwiki"", ""device"": ""cuda"", ""dup_noise"": ""light"", ""dup_target"": ""mixed"", ""encode_cache"": true, ""encoder_model"": ""Qwen/Qwen3-Embedding-4B"", ""experiment"": ""both"", ""gen_max_samples"": 1000, ""gen_methods"": [], ""generator_model"": null, ""lambda_grid"": [0.3, 0.5, 0.7, 0.9], ""max_samples"": null, ""metric"": ""cosine"", ""objective"": ""alpha-NDCG@k"", ""overlap_grid"": [0.0, 0.25, 0.5, 0.75], ""rho_grid"": [0.0, 0.025, 0.05, 0.1, 0.15, 0.25, 0.5, 1.0], ""run_generation"": false, ""script"": ""evaluate_redundancy.py"", ""seed"": 0, ""seeds"": [0, 1, 2], ""single_subtopic"": false, ""split"": ""validation"", ""top_k"": 5, ""top_m"": 100, ""val_fraction"": 0.2}"
Seg headroom,,1,,,,,,,,,0.0221,0.0256,17.1,"{""alpha_grid"": [-0.3, -0.2, -0.1, -0.05, 0.0, 0.05, 0.1, 0.2, 0.3, 0.5, 1.0], ""batch_size"": 64, ""chunk_window"": 60, ""dataset"": ""hotpotqa_fullwiki"", ""device"": ""cuda"", ""dup_noise"": ""light"", ""dup_target"": ""mixed"", ""encode_cache"": true, ""encoder_model"": ""Qwen/Qwen3-Embedding-4B"", ""experiment"": ""both"", ""gen_max_samples"": 1000, ""gen_methods"": [], ""generator_model"": null, ""lambda_grid"": [0.3, 0.5, 0.7, 0.9], ""max_samples"": null, ""metric"": ""cosine"", ""objective"": ""alpha-NDCG@k"", ""overlap_grid"": [0.0, 0.25, 0.5, 0.75], ""rho_grid"": [0.0, 0.025, 0.05, 0.1, 0.15, 0.25, 0.5, 1.0], ""run_generation"": false, ""script"": ""evaluate_redundancy.py"", ""seed"": 0, ""seeds"": [0, 1, 2], ""single_subtopic"": false, ""split"": ""validation"", ""top_k"": 5, ""top_m"": 100, ""val_fraction"": 0.2}"
kNN,kNN,2,0.7743,0.761,0.7487,0.8785,0.7995,0.5909,0.5194,3.3756,,,,"{""alpha_grid"": [-0.3, -0.2, -0.1, -0.05, 0.0, 0.05, 0.1, 0.2, 0.3, 0.5, 1.0], ""batch_size"": 64, ""chunk_window"": 60, ""dataset"": ""hotpotqa_fullwiki"", ""device"": ""cuda"", ""dup_noise"": ""light"", ""dup_target"": ""mixed"", ""encode_cache"": true, ""encoder_model"": ""Qwen/Qwen3-Embedding-4B"", ""experiment"": ""both"", ""gen_max_samples"": 1000, ""gen_methods"": [], ""generator_model"": null, ""lambda_grid"": [0.3, 0.5, 0.7, 0.9], ""max_samples"": null, ""metric"": ""cosine"", ""objective"": ""alpha-NDCG@k"", ""overlap_grid"": [0.0, 0.25, 0.5, 0.75], ""rho_grid"": [0.0, 0.025, 0.05, 0.1, 0.15, 0.25, 0.5, 1.0], ""run_generation"": false, ""script"": ""evaluate_redundancy.py"", ""seed"": 0, ""seeds"": [0, 1, 2], ""single_subtopic"": false, ""split"": ""validation"", ""top_k"": 5, ""top_m"": 100, ""val_fraction"": 0.2}"
MMR fixed,MMR(0.9),2,0.7712,0.7531,0.7457,0.8786,0.7916,0.5899,0.5353,3.4626,,,,"{""alpha_grid"": [-0.3, -0.2, -0.1, -0.05, 0.0, 0.05, 0.1, 0.2, 0.3, 0.5, 1.0], ""batch_size"": 64, ""chunk_window"": 60, ""dataset"": ""hotpotqa_fullwiki"", ""device"": ""cuda"", ""dup_noise"": ""light"", ""dup_target"": ""mixed"", ""encode_cache"": true, ""encoder_model"": ""Qwen/Qwen3-Embedding-4B"", ""experiment"": ""both"", ""gen_max_samples"": 1000, ""gen_methods"": [], ""generator_model"": null, ""lambda_grid"": [0.3, 0.5, 0.7, 0.9], ""max_samples"": null, ""metric"": ""cosine"", ""objective"": ""alpha-NDCG@k"", ""overlap_grid"": [0.0, 0.25, 0.5, 0.75], ""rho_grid"": [0.0, 0.025, 0.05, 0.1, 0.15, 0.25, 0.5, 1.0], ""run_generation"": false, ""script"": ""evaluate_redundancy.py"", ""seed"": 0, ""seeds"": [0, 1, 2], ""single_subtopic"": false, ""split"": ""validation"", ""top_k"": 5, ""top_m"": 100, ""val_fraction"": 0.2}"
MMR oracle (per-query),MMR-oracle,2,0.7836,,,,,,,,,,,"{""alpha_grid"": [-0.3, -0.2, -0.1, -0.05, 0.0, 0.05, 0.1, 0.2, 0.3, 0.5, 1.0], ""batch_size"": 64, ""chunk_window"": 60, ""dataset"": ""hotpotqa_fullwiki"", ""device"": ""cuda"", ""dup_noise"": ""light"", ""dup_target"": ""mixed"", ""encode_cache"": true, ""encoder_model"": ""Qwen/Qwen3-Embedding-4B"", ""experiment"": ""both"", ""gen_max_samples"": 1000, ""gen_methods"": [], ""generator_model"": null, ""lambda_grid"": [0.3, 0.5, 0.7, 0.9], ""max_samples"": null, ""metric"": ""cosine"", ""objective"": ""alpha-NDCG@k"", ""overlap_grid"": [0.0, 0.25, 0.5, 0.75], ""rho_grid"": [0.0, 0.025, 0.05, 0.1, 0.15, 0.25, 0.5, 1.0], ""run_generation"": false, ""script"": ""evaluate_redundancy.py"", ""seed"": 0, ""seeds"": [0, 1, 2], ""single_subtopic"": false, ""split"": ""validation"", ""top_k"": 5, ""top_m"": 100, ""val_fraction"": 0.2}"
MMR headroom,,2,,,,,,,,,0.0124,0.0093,13.7,"{""alpha_grid"": [-0.3, -0.2, -0.1, -0.05, 0.0, 0.05, 0.1, 0.2, 0.3, 0.5, 1.0], ""batch_size"": 64, ""chunk_window"": 60, ""dataset"": ""hotpotqa_fullwiki"", ""device"": ""cuda"", ""dup_noise"": ""light"", ""dup_target"": ""mixed"", ""encode_cache"": true, ""encoder_model"": ""Qwen/Qwen3-Embedding-4B"", ""experiment"": ""both"", ""gen_max_samples"": 1000, ""gen_methods"": [], ""generator_model"": null, ""lambda_grid"": [0.3, 0.5, 0.7, 0.9], ""max_samples"": null, ""metric"": ""cosine"", ""objective"": ""alpha-NDCG@k"", ""overlap_grid"": [0.0, 0.25, 0.5, 0.75], ""rho_grid"": [0.0, 0.025, 0.05, 0.1, 0.15, 0.25, 0.5, 1.0], ""run_generation"": false, ""script"": ""evaluate_redundancy.py"", ""seed"": 0, ""seeds"": [0, 1, 2], ""single_subtopic"": false, ""split"": ""validation"", ""top_k"": 5, ""top_m"": 100, ""val_fraction"": 0.2}"
RNG fixed,RNG(0.3),2,0.7776,0.7622,0.7521,0.8789,0.8007,0.5939,0.5363,3.4474,,,,"{""alpha_grid"": [-0.3, -0.2, -0.1, -0.05, 0.0, 0.05, 0.1, 0.2, 0.3, 0.5, 1.0], ""batch_size"": 64, ""chunk_window"": 60, ""dataset"": ""hotpotqa_fullwiki"", ""device"": ""cuda"", ""dup_noise"": ""light"", ""dup_target"": ""mixed"", ""encode_cache"": true, ""encoder_model"": ""Qwen/Qwen3-Embedding-4B"", ""experiment"": ""both"", ""gen_max_samples"": 1000, ""gen_methods"": [], ""generator_model"": null, ""lambda_grid"": [0.3, 0.5, 0.7, 0.9], ""max_samples"": null, ""metric"": ""cosine"", ""objective"": ""alpha-NDCG@k"", ""overlap_grid"": [0.0, 0.25, 0.5, 0.75], ""rho_grid"": [0.0, 0.025, 0.05, 0.1, 0.15, 0.25, 0.5, 1.0], ""run_generation"": false, ""script"": ""evaluate_redundancy.py"", ""seed"": 0, ""seeds"": [0, 1, 2], ""single_subtopic"": false, ""split"": ""validation"", ""top_k"": 5, ""top_m"": 100, ""val_fraction"": 0.2}"
RNG oracle (per-query),RNG-oracle,2,0.7976,,,,,,,,,,,"{""alpha_grid"": [-0.3, -0.2, -0.1, -0.05, 0.0, 0.05, 0.1, 0.2, 0.3, 0.5, 1.0], ""batch_size"": 64, ""chunk_window"": 60, ""dataset"": ""hotpotqa_fullwiki"", ""device"": ""cuda"", ""dup_noise"": ""light"", ""dup_target"": ""mixed"", ""encode_cache"": true, ""encoder_model"": ""Qwen/Qwen3-Embedding-4B"", ""experiment"": ""both"", ""gen_max_samples"": 1000, ""gen_methods"": [], ""generator_model"": null, ""lambda_grid"": [0.3, 0.5, 0.7, 0.9], ""max_samples"": null, ""metric"": ""cosine"", ""objective"": ""alpha-NDCG@k"", ""overlap_grid"": [0.0, 0.25, 0.5, 0.75], ""rho_grid"": [0.0, 0.025, 0.05, 0.1, 0.15, 0.25, 0.5, 1.0], ""run_generation"": false, ""script"": ""evaluate_redundancy.py"", ""seed"": 0, ""seeds"": [0, 1, 2], ""single_subtopic"": false, ""split"": ""validation"", ""top_k"": 5, ""top_m"": 100, ""val_fraction"": 0.2}"
RNG headroom,,2,,,,,,,,,0.02,0.0233,15.8,"{""alpha_grid"": [-0.3, -0.2, -0.1, -0.05, 0.0, 0.05, 0.1, 0.2, 0.3, 0.5, 1.0], ""batch_size"": 64, ""chunk_window"": 60, ""dataset"": ""hotpotqa_fullwiki"", ""device"": ""cuda"", ""dup_noise"": ""light"", ""dup_target"": ""mixed"", ""encode_cache"": true, ""encoder_model"": ""Qwen/Qwen3-Embedding-4B"", ""experiment"": ""both"", ""gen_max_samples"": 1000, ""gen_methods"": [], ""generator_model"": null, ""lambda_grid"": [0.3, 0.5, 0.7, 0.9], ""max_samples"": null, ""metric"": ""cosine"", ""objective"": ""alpha-NDCG@k"", ""overlap_grid"": [0.0, 0.25, 0.5, 0.75], ""rho_grid"": [0.0, 0.025, 0.05, 0.1, 0.15, 0.25, 0.5, 1.0], ""run_generation"": false, ""script"": ""evaluate_redundancy.py"", ""seed"": 0, ""seeds"": [0, 1, 2], ""single_subtopic"": false, ""split"": ""validation"", ""top_k"": 5, ""top_m"": 100, ""val_fraction"": 0.2}"
Seg fixed,Seg(0.3),2,0.7774,0.762,0.7519,0.879,0.8004,0.5938,0.5318,3.4281,,,,"{""alpha_grid"": [-0.3, -0.2, -0.1, -0.05, 0.0, 0.05, 0.1, 0.2, 0.3, 0.5, 1.0], ""batch_size"": 64, ""chunk_window"": 60, ""dataset"": ""hotpotqa_fullwiki"", ""device"": ""cuda"", ""dup_noise"": ""light"", ""dup_target"": ""mixed"", ""encode_cache"": true, ""encoder_model"": ""Qwen/Qwen3-Embedding-4B"", ""experiment"": ""both"", ""gen_max_samples"": 1000, ""gen_methods"": [], ""generator_model"": null, ""lambda_grid"": [0.3, 0.5, 0.7, 0.9], ""max_samples"": null, ""metric"": ""cosine"", ""objective"": ""alpha-NDCG@k"", ""overlap_grid"": [0.0, 0.25, 0.5, 0.75], ""rho_grid"": [0.0, 0.025, 0.05, 0.1, 0.15, 0.25, 0.5, 1.0], ""run_generation"": false, ""script"": ""evaluate_redundancy.py"", ""seed"": 0, ""seeds"": [0, 1, 2], ""single_subtopic"": false, ""split"": ""validation"", ""top_k"": 5, ""top_m"": 100, ""val_fraction"": 0.2}"
Seg oracle (per-query),Seg-oracle,2,0.7994,,,,,,,,,,,"{""alpha_grid"": [-0.3, -0.2, -0.1, -0.05, 0.0, 0.05, 0.1, 0.2, 0.3, 0.5, 1.0], ""batch_size"": 64, ""chunk_window"": 60, ""dataset"": ""hotpotqa_fullwiki"", ""device"": ""cuda"", ""dup_noise"": ""light"", ""dup_target"": ""mixed"", ""encode_cache"": true, ""encoder_model"": ""Qwen/Qwen3-Embedding-4B"", ""experiment"": ""both"", ""gen_max_samples"": 1000, ""gen_methods"": [], ""generator_model"": null, ""lambda_grid"": [0.3, 0.5, 0.7, 0.9], ""max_samples"": null, ""metric"": ""cosine"", ""objective"": ""alpha-NDCG@k"", ""overlap_grid"": [0.0, 0.25, 0.5, 0.75], ""rho_grid"": [0.0, 0.025, 0.05, 0.1, 0.15, 0.25, 0.5, 1.0], ""run_generation"": false, ""script"": ""evaluate_redundancy.py"", ""seed"": 0, ""seeds"": [0, 1, 2], ""single_subtopic"": false, ""split"": ""validation"", ""top_k"": 5, ""top_m"": 100, ""val_fraction"": 0.2}"
Seg headroom,,2,,,,,,,,,0.022,0.0251,16.8,"{""alpha_grid"": [-0.3, -0.2, -0.1, -0.05, 0.0, 0.05, 0.1, 0.2, 0.3, 0.5, 1.0], ""batch_size"": 64, ""chunk_window"": 60, ""dataset"": ""hotpotqa_fullwiki"", ""device"": ""cuda"", ""dup_noise"": ""light"", ""dup_target"": ""mixed"", ""encode_cache"": true, ""encoder_model"": ""Qwen/Qwen3-Embedding-4B"", ""experiment"": ""both"", ""gen_max_samples"": 1000, ""gen_methods"": [], ""generator_model"": null, ""lambda_grid"": [0.3, 0.5, 0.7, 0.9], ""max_samples"": null, ""metric"": ""cosine"", ""objective"": ""alpha-NDCG@k"", ""overlap_grid"": [0.0, 0.25, 0.5, 0.75], ""rho_grid"": [0.0, 0.025, 0.05, 0.1, 0.15, 0.25, 0.5, 1.0], ""run_generation"": false, ""script"": ""evaluate_redundancy.py"", ""seed"": 0, ""seeds"": [0, 1, 2], ""single_subtopic"": false, ""split"": ""validation"", ""top_k"": 5, ""top_m"": 100, ""val_fraction"": 0.2}"
