overlap,Method,Chosen,n_test,PoolRedundancy,Recall@k,NDCG@k,MRR,alpha-NDCG@k,S-Recall@k,ERR-IA@k,APD,Vendi,p(S-Recall@k vs kNN),seed
0.0,kNN,,10061,0.0006,0.8567,0.8546,0.9905,0.8438,0.8567,0.6038,0.5031,3.2779,,0
0.0,Maxmin,,10061,0.0006,0.6934,0.7136,0.9864,0.6651,0.6934,0.5165,0.636,3.8201,0.0,0
0.0,Greedy-DPP,,10061,0.0006,0.8435,0.8473,0.9898,0.8135,0.8435,0.6,0.5563,3.5526,0.0,0
0.0,Dedup*,Dedup(0.95),10061,0.0006,0.8579,0.8554,0.9905,0.8447,0.8579,0.6042,0.5046,3.2912,4e-06,0
0.0,MMR*,MMR(0.9),10061,0.0006,0.8549,0.8547,0.9905,0.8385,0.8549,0.6044,0.5136,3.3343,0.068798,0
0.0,VendiG*,VendiG(0.9),10061,0.0006,0.8566,0.8562,0.9906,0.8391,0.8566,0.6053,0.5181,3.3549,0.915826,0
0.0,RNG*,RNG(-0.3),10061,0.0006,0.8579,0.8554,0.9905,0.842,0.8579,0.6041,0.5092,3.3144,0.059414,0
0.25,kNN,,10061,0.0006,0.8398,0.8406,0.99,0.8359,0.8398,0.5953,0.4817,3.1502,,0
0.25,Maxmin,,10061,0.0006,0.6888,0.7114,0.986,0.6575,0.6888,0.5156,0.6291,3.7479,0.0,0
0.25,Greedy-DPP,,10061,0.0006,0.8453,0.8487,0.9896,0.8024,0.8453,0.6011,0.5533,3.5297,0.013805,0
0.25,Dedup*,Dedup(0.85),10061,0.0006,0.8424,0.8425,0.99,0.8358,0.8424,0.5964,0.4879,3.1892,0.000719,0
0.25,MMR*,MMR(0.9),10061,0.0006,0.8415,0.8445,0.9902,0.8314,0.8415,0.5985,0.4954,3.2256,0.092012,0
0.25,VendiG*,VendiG(0.9),10061,0.0006,0.8442,0.8468,0.9902,0.8322,0.8442,0.5999,0.5008,3.2507,8.9e-05,0
0.25,RNG*,RNG(-0.2),10061,0.0006,0.8473,0.8477,0.99,0.8225,0.8473,0.5993,0.5139,3.3284,5e-06,0
0.5,kNN,,10061,0.0006,0.8092,0.817,0.9902,0.8224,0.8092,0.5818,0.4478,2.9408,,0
0.5,Maxmin,,10061,0.0006,0.6839,0.7095,0.9864,0.6481,0.6839,0.5152,0.6194,3.6331,0.0,0
0.5,Greedy-DPP,,10061,0.0006,0.8449,0.8484,0.9899,0.7881,0.8449,0.601,0.5511,3.5179,0.0,0
0.5,Dedup*,Dedup(0.85),10061,0.0006,0.8351,0.836,0.9904,0.8203,0.8351,0.5927,0.4774,3.1208,0.0,0
0.5,MMR*,MMR(0.9),10061,0.0006,0.8167,0.8273,0.9905,0.8206,0.8167,0.5894,0.4674,3.0506,0.0,0
0.5,VendiG*,VendiG(0.9),10061,0.0006,0.8216,0.8311,0.9906,0.8221,0.8216,0.5915,0.4746,3.087,0.0,0
0.5,RNG*,RNG(-0.2),10061,0.0006,0.838,0.841,0.9903,0.8095,0.838,0.5957,0.5004,3.2427,0.0,0
0.75,kNN,,10061,0.0053,0.7701,0.7906,0.9892,0.8093,0.7701,0.5677,0.3927,2.6306,,0
0.75,Maxmin,,10061,0.0053,0.6683,0.7008,0.9855,0.6453,0.6684,0.5113,0.5975,3.433,0.0,0
0.75,Greedy-DPP,,10061,0.0053,0.8506,0.8526,0.9892,0.7806,0.8507,0.6034,0.5528,3.5286,0.0,0
0.75,Dedup*,Dedup(0.85),10061,0.0053,0.8398,0.8408,0.9897,0.8098,0.8399,0.5959,0.4778,3.1295,0.0,0
0.75,MMR*,MMR(0.7),10061,0.0053,0.8082,0.822,0.9897,0.7745,0.8083,0.586,0.5228,3.3444,0.0,0
0.75,VendiG*,VendiG(0.7),10061,0.0053,0.8241,0.8329,0.9894,0.7656,0.8242,0.5922,0.567,3.5816,0.0,0
0.75,RNG*,RNG(-0.2),10061,0.0053,0.8382,0.8425,0.9897,0.802,0.8382,0.5969,0.4934,3.1943,0.0,0
0.0,kNN,,10061,0.0006,0.8579,0.8558,0.9904,0.8449,0.8579,0.6042,0.5031,3.2787,,1
0.0,Maxmin,,10061,0.0006,0.6908,0.7123,0.9862,0.6641,0.6908,0.5158,0.6366,3.8239,0.0,1
0.0,Greedy-DPP,,10061,0.0006,0.8441,0.848,0.9896,0.814,0.8441,0.6001,0.556,3.5513,0.0,1
0.0,Dedup*,Dedup(0.95),10061,0.0006,0.8593,0.8567,0.9905,0.8459,0.8593,0.6046,0.5047,3.2918,0.0,1
0.0,MMR*,MMR(0.9),10061,0.0006,0.8559,0.8558,0.9905,0.8394,0.8559,0.6047,0.5136,3.3351,0.06334,1
0.0,VendiG*,VendiG(0.9),10061,0.0006,0.8576,0.8572,0.9905,0.84,0.8576,0.6056,0.5183,3.3565,0.902514,1
0.0,RNG*,RNG(0.5),10061,0.0006,0.8604,0.8587,0.9904,0.8451,0.8604,0.6061,0.5102,3.3069,7e-05,1
0.25,kNN,,10061,0.0006,0.8399,0.8412,0.99,0.8364,0.8399,0.5955,0.4818,3.1507,,1
0.25,Maxmin,,10061,0.0006,0.6872,0.7107,0.9856,0.6572,0.6872,0.5151,0.6298,3.7522,0.0,1
0.25,Greedy-DPP,,10061,0.0006,0.8452,0.8489,0.9894,0.8027,0.8452,0.6009,0.5527,3.5273,0.013191,1
0.25,Dedup*,Dedup(0.85),10061,0.0006,0.8431,0.8435,0.9899,0.8366,0.8431,0.5968,0.4878,3.1888,1.9e-05,1
0.25,MMR*,MMR(0.9),10061,0.0006,0.8423,0.8454,0.9901,0.832,0.8423,0.5988,0.4957,3.2269,0.010441,1
0.25,VendiG*,VendiG(0.9),10061,0.0006,0.8452,0.8477,0.9901,0.8327,0.8452,0.6001,0.5012,3.2527,1e-06,1
0.25,RNG*,RNG(-0.2),10061,0.0006,0.8481,0.8487,0.99,0.8234,0.8481,0.5998,0.5136,3.3269,0.0,1
0.5,kNN,,10061,0.0006,0.8095,0.8176,0.9897,0.8229,0.8095,0.5819,0.448,2.9417,,1
0.5,Maxmin,,10061,0.0006,0.6807,0.7077,0.9855,0.6468,0.6807,0.514,0.6198,3.6364,0.0,1
0.5,Greedy-DPP,,10061,0.0006,0.8444,0.8483,0.9893,0.7878,0.8444,0.6006,0.551,3.5172,0.0,1
0.5,Dedup*,Dedup(0.85),10061,0.0006,0.8356,0.8367,0.9898,0.8206,0.8356,0.5928,0.4775,3.1211,0.0,1
0.5,MMR*,MMR(0.7),10061,0.0006,0.8119,0.8234,0.9898,0.7787,0.8119,0.586,0.5331,3.4095,0.577876,1
0.5,VendiG*,VendiG(0.7),10061,0.0006,0.8187,0.8292,0.9896,0.7714,0.8187,0.5899,0.5678,3.585,3.6e-05,1
0.5,RNG*,RNG(-0.2),10061,0.0006,0.8392,0.8419,0.9898,0.81,0.8392,0.5958,0.5003,3.2427,0.0,1
0.75,kNN,,10061,0.0053,0.771,0.7917,0.989,0.8103,0.771,0.5681,0.3928,2.6313,,1
0.75,Maxmin,,10061,0.0053,0.6663,0.6997,0.9851,0.6446,0.6663,0.5105,0.5977,3.4358,0.0,1
0.75,Greedy-DPP,,10061,0.0053,0.8506,0.8528,0.9891,0.7806,0.8506,0.6032,0.5525,3.5277,0.0,1
0.75,Dedup*,Dedup(0.85),10061,0.0053,0.84,0.8415,0.9895,0.8103,0.84,0.5961,0.4777,3.1287,0.0,1
0.75,MMR*,MMR(0.7),10061,0.0053,0.8082,0.8221,0.9895,0.7744,0.8082,0.5857,0.5222,3.3422,0.0,1
0.75,VendiG*,VendiG(0.7),10061,0.0053,0.8241,0.8332,0.9893,0.7654,0.8241,0.592,0.5673,3.5829,0.0,1
0.75,RNG*,RNG(-0.2),10061,0.0053,0.8392,0.8436,0.9896,0.8028,0.8392,0.5972,0.4931,3.1933,0.0,1
0.0,kNN,,10061,0.0006,0.8561,0.854,0.9897,0.8423,0.8561,0.6036,0.5023,3.2749,,2
0.0,Maxmin,,10061,0.0006,0.6945,0.7142,0.9853,0.6652,0.6945,0.5169,0.6353,3.817,0.0,2
0.0,Greedy-DPP,,10061,0.0006,0.843,0.8467,0.9888,0.8118,0.843,0.5998,0.556,3.5516,0.0,2
0.0,Dedup*,Dedup(0.95),10061,0.0006,0.8574,0.8549,0.9898,0.8433,0.8574,0.6041,0.5039,3.288,1e-06,2
0.0,MMR*,MMR(0.9),10061,0.0006,0.8534,0.8536,0.9899,0.8365,0.8534,0.604,0.5132,3.3332,0.011239,2
0.0,VendiG*,VendiG(0.9),10061,0.0006,0.8549,0.8549,0.9898,0.8369,0.8549,0.6048,0.5177,3.3538,0.310589,2
0.0,RNG*,RNG(0.5),10061,0.0006,0.8585,0.8569,0.9898,0.8426,0.8585,0.6057,0.5093,3.3027,9.6e-05,2
0.25,kNN,,10061,0.0006,0.8386,0.8397,0.9893,0.8341,0.8386,0.5951,0.4813,3.1489,,2
0.25,Maxmin,,10061,0.0006,0.6912,0.7126,0.9848,0.6587,0.6912,0.5163,0.6285,3.7455,0.0,2
0.25,Greedy-DPP,,10061,0.0006,0.8449,0.8481,0.9888,0.8008,0.8449,0.6009,0.5528,3.5283,0.002559,2
0.25,Dedup*,Dedup(0.85),10061,0.0006,0.8419,0.8421,0.9892,0.8344,0.8419,0.5964,0.4872,3.1869,1.1e-05,2
0.25,MMR*,MMR(0.9),10061,0.0006,0.8401,0.8435,0.9895,0.8294,0.8401,0.5982,0.4954,3.226,0.106165,2
0.25,VendiG*,VendiG(0.9),10061,0.0006,0.8428,0.8457,0.9895,0.8303,0.8428,0.5996,0.5007,3.2503,0.000134,2
0.25,RNG*,RNG(-0.2),10061,0.0006,0.8471,0.8474,0.9893,0.8212,0.8471,0.5995,0.5133,3.3261,0.0,2
0.5,kNN,,10061,0.0006,0.8077,0.816,0.9894,0.8211,0.8077,0.5815,0.4471,2.9376,,2
0.5,Maxmin,,10061,0.0006,0.6843,0.7097,0.9852,0.648,0.6843,0.5153,0.6188,3.6318,0.0,2
0.5,Greedy-DPP,,10061,0.0006,0.8437,0.8474,0.989,0.786,0.8437,0.6006,0.5509,3.5175,0.0,2
0.5,Dedup*,Dedup(0.85),10061,0.0006,0.8344,0.8353,0.9896,0.8186,0.8344,0.5925,0.4771,3.1192,0.0,2
0.5,MMR*,MMR(0.9),10061,0.0006,0.8153,0.826,0.9897,0.8188,0.8153,0.5888,0.4671,3.0494,0.0,2
0.5,VendiG*,VendiG(0.9),10061,0.0006,0.82,0.8296,0.9897,0.8203,0.82,0.5908,0.4743,3.0854,0.0,2
0.5,RNG*,RNG(-0.2),10061,0.0006,0.8369,0.8401,0.9895,0.808,0.8369,0.5954,0.4997,3.2396,0.0,2
0.75,kNN,,10061,0.0053,0.7691,0.7899,0.9884,0.8083,0.7691,0.5675,0.3922,2.629,,2
0.75,Maxmin,,10061,0.0053,0.6703,0.7019,0.9843,0.6464,0.6703,0.5119,0.5967,3.4303,0.0,2
0.75,Greedy-DPP,,10061,0.0053,0.8502,0.852,0.9883,0.7789,0.8503,0.6032,0.5525,3.5279,0.0,2
0.75,Dedup*,Dedup(0.85),10061,0.0053,0.8389,0.8403,0.989,0.8086,0.8389,0.5958,0.4775,3.1281,0.0,2
0.75,MMR*,MMR(0.7),10061,0.0053,0.8072,0.8209,0.9888,0.7728,0.8073,0.5856,0.522,3.3415,0.0,2
0.75,VendiG*,VendiG(0.7),10061,0.0053,0.8248,0.8328,0.9885,0.7646,0.8248,0.5922,0.5666,3.5792,0.0,2
0.75,RNG*,RNG(-0.2),10061,0.0053,0.8381,0.8423,0.9889,0.8013,0.8381,0.597,0.493,3.1926,0.0,2
