overlap,Method,n_seeds,PoolRedundancy,PoolRedundancy_ci95,Recall@k,Recall@k_ci95,NDCG@k,NDCG@k_ci95,MRR,MRR_ci95,alpha-NDCG@k,alpha-NDCG@k_ci95,S-Recall@k,S-Recall@k_ci95,ERR-IA@k,ERR-IA@k_ci95,APD,APD_ci95,Vendi,Vendi_ci95,Chosen,p_median(vs kNN),p_max(vs kNN),RunParams
0.0,kNN,3,0.0006,0.0,0.8569,0.0023,0.8548,0.0023,0.9902,0.0011,0.8437,0.0032,0.8569,0.0023,0.6039,0.0008,0.5028,0.0011,3.2772,0.005,kNN,,,"{""alpha_grid"": [-2.0, -0.3, -0.2, -0.1, -0.05, 0.0, 0.05, 0.1, 0.2, 0.3, 0.5, 1.0], ""batch_size"": 64, ""chunk_window"": 60, ""dataset"": ""2wikimultihopqa"", ""dedup_grid"": [0.85, 0.9, 0.95], ""device"": ""cuda"", ""dup_noise"": ""light"", ""dup_target"": ""mixed"", ""encode_cache"": true, ""encoder_model"": ""BAAI/bge-m3"", ""experiment"": ""chunking"", ""gen_max_samples"": 1000, ""gen_methods"": [], ""generator_model"": null, ""lambda_grid"": [0.3, 0.5, 0.7, 0.9], ""max_samples"": null, ""metric"": ""cosine"", ""objective"": ""S-Recall@k"", ""overlap_grid"": [0.0, 0.25, 0.5, 0.75], ""rho_grid"": [0.0, 0.025, 0.05, 0.1, 0.15, 0.25, 0.5, 1.0], ""run_generation"": false, ""script"": ""evaluate_redundancy.py"", ""seed"": 0, ""seeds"": [0, 1, 2], ""single_subtopic"": false, ""split"": ""validation"", ""top_k"": 5, ""top_m"": 100, ""val_fraction"": 0.2}"
0.0,Maxmin,3,0.0006,0.0,0.6929,0.0047,0.7134,0.0024,0.986,0.0015,0.6648,0.0015,0.6929,0.0047,0.5164,0.0014,0.636,0.0016,3.8203,0.0086,Maxmin,0.0,0.0,"{""alpha_grid"": [-2.0, -0.3, -0.2, -0.1, -0.05, 0.0, 0.05, 0.1, 0.2, 0.3, 0.5, 1.0], ""batch_size"": 64, ""chunk_window"": 60, ""dataset"": ""2wikimultihopqa"", ""dedup_grid"": [0.85, 0.9, 0.95], ""device"": ""cuda"", ""dup_noise"": ""light"", ""dup_target"": ""mixed"", ""encode_cache"": true, ""encoder_model"": ""BAAI/bge-m3"", ""experiment"": ""chunking"", ""gen_max_samples"": 1000, ""gen_methods"": [], ""generator_model"": null, ""lambda_grid"": [0.3, 0.5, 0.7, 0.9], ""max_samples"": null, ""metric"": ""cosine"", ""objective"": ""S-Recall@k"", ""overlap_grid"": [0.0, 0.25, 0.5, 0.75], ""rho_grid"": [0.0, 0.025, 0.05, 0.1, 0.15, 0.25, 0.5, 1.0], ""run_generation"": false, ""script"": ""evaluate_redundancy.py"", ""seed"": 0, ""seeds"": [0, 1, 2], ""single_subtopic"": false, ""split"": ""validation"", ""top_k"": 5, ""top_m"": 100, ""val_fraction"": 0.2}"
0.0,Greedy-DPP,3,0.0006,0.0,0.8435,0.0014,0.8473,0.0016,0.9894,0.0013,0.8131,0.0029,0.8435,0.0014,0.6,0.0004,0.5561,0.0004,3.5518,0.0017,Greedy-DPP,0.0,0.0,"{""alpha_grid"": [-2.0, -0.3, -0.2, -0.1, -0.05, 0.0, 0.05, 0.1, 0.2, 0.3, 0.5, 1.0], ""batch_size"": 64, ""chunk_window"": 60, ""dataset"": ""2wikimultihopqa"", ""dedup_grid"": [0.85, 0.9, 0.95], ""device"": ""cuda"", ""dup_noise"": ""light"", ""dup_target"": ""mixed"", ""encode_cache"": true, ""encoder_model"": ""BAAI/bge-m3"", ""experiment"": ""chunking"", ""gen_max_samples"": 1000, ""gen_methods"": [], ""generator_model"": null, ""lambda_grid"": [0.3, 0.5, 0.7, 0.9], ""max_samples"": null, ""metric"": ""cosine"", ""objective"": ""S-Recall@k"", ""overlap_grid"": [0.0, 0.25, 0.5, 0.75], ""rho_grid"": [0.0, 0.025, 0.05, 0.1, 0.15, 0.25, 0.5, 1.0], ""run_generation"": false, ""script"": ""evaluate_redundancy.py"", ""seed"": 0, ""seeds"": [0, 1, 2], ""single_subtopic"": false, ""split"": ""validation"", ""top_k"": 5, ""top_m"": 100, ""val_fraction"": 0.2}"
0.0,Dedup*,3,0.0006,0.0,0.8582,0.0024,0.8557,0.0023,0.9903,0.001,0.8446,0.0032,0.8582,0.0024,0.6043,0.0007,0.5044,0.0011,3.2903,0.0051,Dedup(0.95),1e-06,4e-06,"{""alpha_grid"": [-2.0, -0.3, -0.2, -0.1, -0.05, 0.0, 0.05, 0.1, 0.2, 0.3, 0.5, 1.0], ""batch_size"": 64, ""chunk_window"": 60, ""dataset"": ""2wikimultihopqa"", ""dedup_grid"": [0.85, 0.9, 0.95], ""device"": ""cuda"", ""dup_noise"": ""light"", ""dup_target"": ""mixed"", ""encode_cache"": true, ""encoder_model"": ""BAAI/bge-m3"", ""experiment"": ""chunking"", ""gen_max_samples"": 1000, ""gen_methods"": [], ""generator_model"": null, ""lambda_grid"": [0.3, 0.5, 0.7, 0.9], ""max_samples"": null, ""metric"": ""cosine"", ""objective"": ""S-Recall@k"", ""overlap_grid"": [0.0, 0.25, 0.5, 0.75], ""rho_grid"": [0.0, 0.025, 0.05, 0.1, 0.15, 0.25, 0.5, 1.0], ""run_generation"": false, ""script"": ""evaluate_redundancy.py"", ""seed"": 0, ""seeds"": [0, 1, 2], ""single_subtopic"": false, ""split"": ""validation"", ""top_k"": 5, ""top_m"": 100, ""val_fraction"": 0.2}"
0.0,MMR*,3,0.0006,0.0,0.8547,0.0031,0.8547,0.0027,0.9903,0.0009,0.8381,0.0037,0.8547,0.0031,0.6044,0.0009,0.5135,0.0006,3.3342,0.0024,MMR(0.9),0.06334,0.068798,"{""alpha_grid"": [-2.0, -0.3, -0.2, -0.1, -0.05, 0.0, 0.05, 0.1, 0.2, 0.3, 0.5, 1.0], ""batch_size"": 64, ""chunk_window"": 60, ""dataset"": ""2wikimultihopqa"", ""dedup_grid"": [0.85, 0.9, 0.95], ""device"": ""cuda"", ""dup_noise"": ""light"", ""dup_target"": ""mixed"", ""encode_cache"": true, ""encoder_model"": ""BAAI/bge-m3"", ""experiment"": ""chunking"", ""gen_max_samples"": 1000, ""gen_methods"": [], ""generator_model"": null, ""lambda_grid"": [0.3, 0.5, 0.7, 0.9], ""max_samples"": null, ""metric"": ""cosine"", ""objective"": ""S-Recall@k"", ""overlap_grid"": [0.0, 0.25, 0.5, 0.75], ""rho_grid"": [0.0, 0.025, 0.05, 0.1, 0.15, 0.25, 0.5, 1.0], ""run_generation"": false, ""script"": ""evaluate_redundancy.py"", ""seed"": 0, ""seeds"": [0, 1, 2], ""single_subtopic"": false, ""split"": ""validation"", ""top_k"": 5, ""top_m"": 100, ""val_fraction"": 0.2}"
0.0,VendiG*,3,0.0006,0.0,0.8564,0.0034,0.8561,0.0029,0.9903,0.0011,0.8387,0.004,0.8564,0.0034,0.6052,0.001,0.518,0.0008,3.3551,0.0034,VendiG(0.9),0.902514,0.915826,"{""alpha_grid"": [-2.0, -0.3, -0.2, -0.1, -0.05, 0.0, 0.05, 0.1, 0.2, 0.3, 0.5, 1.0], ""batch_size"": 64, ""chunk_window"": 60, ""dataset"": ""2wikimultihopqa"", ""dedup_grid"": [0.85, 0.9, 0.95], ""device"": ""cuda"", ""dup_noise"": ""light"", ""dup_target"": ""mixed"", ""encode_cache"": true, ""encoder_model"": ""BAAI/bge-m3"", ""experiment"": ""chunking"", ""gen_max_samples"": 1000, ""gen_methods"": [], ""generator_model"": null, ""lambda_grid"": [0.3, 0.5, 0.7, 0.9], ""max_samples"": null, ""metric"": ""cosine"", ""objective"": ""S-Recall@k"", ""overlap_grid"": [0.0, 0.25, 0.5, 0.75], ""rho_grid"": [0.0, 0.025, 0.05, 0.1, 0.15, 0.25, 0.5, 1.0], ""run_generation"": false, ""script"": ""evaluate_redundancy.py"", ""seed"": 0, ""seeds"": [0, 1, 2], ""single_subtopic"": false, ""split"": ""validation"", ""top_k"": 5, ""top_m"": 100, ""val_fraction"": 0.2}"
0.0,RNG*,3,0.0006,0.0,0.8589,0.0032,0.857,0.0041,0.9902,0.0009,0.8432,0.0041,0.8589,0.0032,0.6053,0.0026,0.5096,0.0014,3.308,0.0147,RNG(-0.3);RNG(0.5),9.6e-05,0.059414,"{""alpha_grid"": [-2.0, -0.3, -0.2, -0.1, -0.05, 0.0, 0.05, 0.1, 0.2, 0.3, 0.5, 1.0], ""batch_size"": 64, ""chunk_window"": 60, ""dataset"": ""2wikimultihopqa"", ""dedup_grid"": [0.85, 0.9, 0.95], ""device"": ""cuda"", ""dup_noise"": ""light"", ""dup_target"": ""mixed"", ""encode_cache"": true, ""encoder_model"": ""BAAI/bge-m3"", ""experiment"": ""chunking"", ""gen_max_samples"": 1000, ""gen_methods"": [], ""generator_model"": null, ""lambda_grid"": [0.3, 0.5, 0.7, 0.9], ""max_samples"": null, ""metric"": ""cosine"", ""objective"": ""S-Recall@k"", ""overlap_grid"": [0.0, 0.25, 0.5, 0.75], ""rho_grid"": [0.0, 0.025, 0.05, 0.1, 0.15, 0.25, 0.5, 1.0], ""run_generation"": false, ""script"": ""evaluate_redundancy.py"", ""seed"": 0, ""seeds"": [0, 1, 2], ""single_subtopic"": false, ""split"": ""validation"", ""top_k"": 5, ""top_m"": 100, ""val_fraction"": 0.2}"
0.25,kNN,3,0.0006,0.0,0.8394,0.0018,0.8405,0.0019,0.9898,0.001,0.8355,0.003,0.8394,0.0018,0.5953,0.0005,0.4816,0.0007,3.1499,0.0023,kNN,,,"{""alpha_grid"": [-2.0, -0.3, -0.2, -0.1, -0.05, 0.0, 0.05, 0.1, 0.2, 0.3, 0.5, 1.0], ""batch_size"": 64, ""chunk_window"": 60, ""dataset"": ""2wikimultihopqa"", ""dedup_grid"": [0.85, 0.9, 0.95], ""device"": ""cuda"", ""dup_noise"": ""light"", ""dup_target"": ""mixed"", ""encode_cache"": true, ""encoder_model"": ""BAAI/bge-m3"", ""experiment"": ""chunking"", ""gen_max_samples"": 1000, ""gen_methods"": [], ""generator_model"": null, ""lambda_grid"": [0.3, 0.5, 0.7, 0.9], ""max_samples"": null, ""metric"": ""cosine"", ""objective"": ""S-Recall@k"", ""overlap_grid"": [0.0, 0.25, 0.5, 0.75], ""rho_grid"": [0.0, 0.025, 0.05, 0.1, 0.15, 0.25, 0.5, 1.0], ""run_generation"": false, ""script"": ""evaluate_redundancy.py"", ""seed"": 0, ""seeds"": [0, 1, 2], ""single_subtopic"": false, ""split"": ""validation"", ""top_k"": 5, ""top_m"": 100, ""val_fraction"": 0.2}"
0.25,Maxmin,3,0.0006,0.0,0.6891,0.005,0.7116,0.0024,0.9855,0.0015,0.6578,0.002,0.6891,0.005,0.5157,0.0015,0.6291,0.0016,3.7485,0.0084,Maxmin,0.0,0.0,"{""alpha_grid"": [-2.0, -0.3, -0.2, -0.1, -0.05, 0.0, 0.05, 0.1, 0.2, 0.3, 0.5, 1.0], ""batch_size"": 64, ""chunk_window"": 60, ""dataset"": ""2wikimultihopqa"", ""dedup_grid"": [0.85, 0.9, 0.95], ""device"": ""cuda"", ""dup_noise"": ""light"", ""dup_target"": ""mixed"", ""encode_cache"": true, ""encoder_model"": ""BAAI/bge-m3"", ""experiment"": ""chunking"", ""gen_max_samples"": 1000, ""gen_methods"": [], ""generator_model"": null, ""lambda_grid"": [0.3, 0.5, 0.7, 0.9], ""max_samples"": null, ""metric"": ""cosine"", ""objective"": ""S-Recall@k"", ""overlap_grid"": [0.0, 0.25, 0.5, 0.75], ""rho_grid"": [0.0, 0.025, 0.05, 0.1, 0.15, 0.25, 0.5, 1.0], ""run_generation"": false, ""script"": ""evaluate_redundancy.py"", ""seed"": 0, ""seeds"": [0, 1, 2], ""single_subtopic"": false, ""split"": ""validation"", ""top_k"": 5, ""top_m"": 100, ""val_fraction"": 0.2}"
0.25,Greedy-DPP,3,0.0006,0.0,0.8451,0.0005,0.8486,0.001,0.9893,0.001,0.802,0.0025,0.8451,0.0005,0.601,0.0003,0.5529,0.0008,3.5284,0.003,Greedy-DPP,0.013191,0.013805,"{""alpha_grid"": [-2.0, -0.3, -0.2, -0.1, -0.05, 0.0, 0.05, 0.1, 0.2, 0.3, 0.5, 1.0], ""batch_size"": 64, ""chunk_window"": 60, ""dataset"": ""2wikimultihopqa"", ""dedup_grid"": [0.85, 0.9, 0.95], ""device"": ""cuda"", ""dup_noise"": ""light"", ""dup_target"": ""mixed"", ""encode_cache"": true, ""encoder_model"": ""BAAI/bge-m3"", ""experiment"": ""chunking"", ""gen_max_samples"": 1000, ""gen_methods"": [], ""generator_model"": null, ""lambda_grid"": [0.3, 0.5, 0.7, 0.9], ""max_samples"": null, ""metric"": ""cosine"", ""objective"": ""S-Recall@k"", ""overlap_grid"": [0.0, 0.25, 0.5, 0.75], ""rho_grid"": [0.0, 0.025, 0.05, 0.1, 0.15, 0.25, 0.5, 1.0], ""run_generation"": false, ""script"": ""evaluate_redundancy.py"", ""seed"": 0, ""seeds"": [0, 1, 2], ""single_subtopic"": false, ""split"": ""validation"", ""top_k"": 5, ""top_m"": 100, ""val_fraction"": 0.2}"
0.25,Dedup*,3,0.0006,0.0,0.8425,0.0015,0.8427,0.0018,0.9897,0.0011,0.8356,0.0028,0.8425,0.0015,0.5965,0.0006,0.4876,0.0009,3.1883,0.0031,Dedup(0.85),1.9e-05,0.000719,"{""alpha_grid"": [-2.0, -0.3, -0.2, -0.1, -0.05, 0.0, 0.05, 0.1, 0.2, 0.3, 0.5, 1.0], ""batch_size"": 64, ""chunk_window"": 60, ""dataset"": ""2wikimultihopqa"", ""dedup_grid"": [0.85, 0.9, 0.95], ""device"": ""cuda"", ""dup_noise"": ""light"", ""dup_target"": ""mixed"", ""encode_cache"": true, ""encoder_model"": ""BAAI/bge-m3"", ""experiment"": ""chunking"", ""gen_max_samples"": 1000, ""gen_methods"": [], ""generator_model"": null, ""lambda_grid"": [0.3, 0.5, 0.7, 0.9], ""max_samples"": null, ""metric"": ""cosine"", ""objective"": ""S-Recall@k"", ""overlap_grid"": [0.0, 0.25, 0.5, 0.75], ""rho_grid"": [0.0, 0.025, 0.05, 0.1, 0.15, 0.25, 0.5, 1.0], ""run_generation"": false, ""script"": ""evaluate_redundancy.py"", ""seed"": 0, ""seeds"": [0, 1, 2], ""single_subtopic"": false, ""split"": ""validation"", ""top_k"": 5, ""top_m"": 100, ""val_fraction"": 0.2}"
0.25,MMR*,3,0.0006,0.0,0.8413,0.0028,0.8445,0.0024,0.9899,0.0009,0.8309,0.0034,0.8413,0.0028,0.5985,0.0007,0.4955,0.0004,3.2262,0.0017,MMR(0.9),0.092012,0.106165,"{""alpha_grid"": [-2.0, -0.3, -0.2, -0.1, -0.05, 0.0, 0.05, 0.1, 0.2, 0.3, 0.5, 1.0], ""batch_size"": 64, ""chunk_window"": 60, ""dataset"": ""2wikimultihopqa"", ""dedup_grid"": [0.85, 0.9, 0.95], ""device"": ""cuda"", ""dup_noise"": ""light"", ""dup_target"": ""mixed"", ""encode_cache"": true, ""encoder_model"": ""BAAI/bge-m3"", ""experiment"": ""chunking"", ""gen_max_samples"": 1000, ""gen_methods"": [], ""generator_model"": null, ""lambda_grid"": [0.3, 0.5, 0.7, 0.9], ""max_samples"": null, ""metric"": ""cosine"", ""objective"": ""S-Recall@k"", ""overlap_grid"": [0.0, 0.25, 0.5, 0.75], ""rho_grid"": [0.0, 0.025, 0.05, 0.1, 0.15, 0.25, 0.5, 1.0], ""run_generation"": false, ""script"": ""evaluate_redundancy.py"", ""seed"": 0, ""seeds"": [0, 1, 2], ""single_subtopic"": false, ""split"": ""validation"", ""top_k"": 5, ""top_m"": 100, ""val_fraction"": 0.2}"
0.25,VendiG*,3,0.0006,0.0,0.8441,0.003,0.8467,0.0025,0.9899,0.0009,0.8317,0.0031,0.8441,0.003,0.5999,0.0006,0.5009,0.0007,3.2512,0.0032,VendiG(0.9),8.9e-05,0.000134,"{""alpha_grid"": [-2.0, -0.3, -0.2, -0.1, -0.05, 0.0, 0.05, 0.1, 0.2, 0.3, 0.5, 1.0], ""batch_size"": 64, ""chunk_window"": 60, ""dataset"": ""2wikimultihopqa"", ""dedup_grid"": [0.85, 0.9, 0.95], ""device"": ""cuda"", ""dup_noise"": ""light"", ""dup_target"": ""mixed"", ""encode_cache"": true, ""encoder_model"": ""BAAI/bge-m3"", ""experiment"": ""chunking"", ""gen_max_samples"": 1000, ""gen_methods"": [], ""generator_model"": null, ""lambda_grid"": [0.3, 0.5, 0.7, 0.9], ""max_samples"": null, ""metric"": ""cosine"", ""objective"": ""S-Recall@k"", ""overlap_grid"": [0.0, 0.25, 0.5, 0.75], ""rho_grid"": [0.0, 0.025, 0.05, 0.1, 0.15, 0.25, 0.5, 1.0], ""run_generation"": false, ""script"": ""evaluate_redundancy.py"", ""seed"": 0, ""seeds"": [0, 1, 2], ""single_subtopic"": false, ""split"": ""validation"", ""top_k"": 5, ""top_m"": 100, ""val_fraction"": 0.2}"
0.25,RNG*,3,0.0006,0.0,0.8475,0.0013,0.8479,0.0017,0.9898,0.001,0.8224,0.0027,0.8475,0.0013,0.5995,0.0006,0.5136,0.0007,3.3271,0.0029,RNG(-0.2),0.0,5e-06,"{""alpha_grid"": [-2.0, -0.3, -0.2, -0.1, -0.05, 0.0, 0.05, 0.1, 0.2, 0.3, 0.5, 1.0], ""batch_size"": 64, ""chunk_window"": 60, ""dataset"": ""2wikimultihopqa"", ""dedup_grid"": [0.85, 0.9, 0.95], ""device"": ""cuda"", ""dup_noise"": ""light"", ""dup_target"": ""mixed"", ""encode_cache"": true, ""encoder_model"": ""BAAI/bge-m3"", ""experiment"": ""chunking"", ""gen_max_samples"": 1000, ""gen_methods"": [], ""generator_model"": null, ""lambda_grid"": [0.3, 0.5, 0.7, 0.9], ""max_samples"": null, ""metric"": ""cosine"", ""objective"": ""S-Recall@k"", ""overlap_grid"": [0.0, 0.25, 0.5, 0.75], ""rho_grid"": [0.0, 0.025, 0.05, 0.1, 0.15, 0.25, 0.5, 1.0], ""run_generation"": false, ""script"": ""evaluate_redundancy.py"", ""seed"": 0, ""seeds"": [0, 1, 2], ""single_subtopic"": false, ""split"": ""validation"", ""top_k"": 5, ""top_m"": 100, ""val_fraction"": 0.2}"
0.5,kNN,3,0.0006,0.0,0.8088,0.0024,0.8169,0.002,0.9898,0.001,0.8221,0.0023,0.8088,0.0024,0.5817,0.0005,0.4476,0.0012,2.94,0.0054,kNN,,,"{""alpha_grid"": [-2.0, -0.3, -0.2, -0.1, -0.05, 0.0, 0.05, 0.1, 0.2, 0.3, 0.5, 1.0], ""batch_size"": 64, ""chunk_window"": 60, ""dataset"": ""2wikimultihopqa"", ""dedup_grid"": [0.85, 0.9, 0.95], ""device"": ""cuda"", ""dup_noise"": ""light"", ""dup_target"": ""mixed"", ""encode_cache"": true, ""encoder_model"": ""BAAI/bge-m3"", ""experiment"": ""chunking"", ""gen_max_samples"": 1000, ""gen_methods"": [], ""generator_model"": null, ""lambda_grid"": [0.3, 0.5, 0.7, 0.9], ""max_samples"": null, ""metric"": ""cosine"", ""objective"": ""S-Recall@k"", ""overlap_grid"": [0.0, 0.25, 0.5, 0.75], ""rho_grid"": [0.0, 0.025, 0.05, 0.1, 0.15, 0.25, 0.5, 1.0], ""run_generation"": false, ""script"": ""evaluate_redundancy.py"", ""seed"": 0, ""seeds"": [0, 1, 2], ""single_subtopic"": false, ""split"": ""validation"", ""top_k"": 5, ""top_m"": 100, ""val_fraction"": 0.2}"
0.5,Maxmin,3,0.0006,0.0,0.683,0.0049,0.709,0.0027,0.9857,0.0016,0.6476,0.0018,0.683,0.0049,0.5148,0.0018,0.6193,0.0013,3.6338,0.0059,Maxmin,0.0,0.0,"{""alpha_grid"": [-2.0, -0.3, -0.2, -0.1, -0.05, 0.0, 0.05, 0.1, 0.2, 0.3, 0.5, 1.0], ""batch_size"": 64, ""chunk_window"": 60, ""dataset"": ""2wikimultihopqa"", ""dedup_grid"": [0.85, 0.9, 0.95], ""device"": ""cuda"", ""dup_noise"": ""light"", ""dup_target"": ""mixed"", ""encode_cache"": true, ""encoder_model"": ""BAAI/bge-m3"", ""experiment"": ""chunking"", ""gen_max_samples"": 1000, ""gen_methods"": [], ""generator_model"": null, ""lambda_grid"": [0.3, 0.5, 0.7, 0.9], ""max_samples"": null, ""metric"": ""cosine"", ""objective"": ""S-Recall@k"", ""overlap_grid"": [0.0, 0.25, 0.5, 0.75], ""rho_grid"": [0.0, 0.025, 0.05, 0.1, 0.15, 0.25, 0.5, 1.0], ""run_generation"": false, ""script"": ""evaluate_redundancy.py"", ""seed"": 0, ""seeds"": [0, 1, 2], ""single_subtopic"": false, ""split"": ""validation"", ""top_k"": 5, ""top_m"": 100, ""val_fraction"": 0.2}"
0.5,Greedy-DPP,3,0.0006,0.0,0.8443,0.0015,0.848,0.0014,0.9894,0.0011,0.7873,0.0028,0.8443,0.0015,0.6007,0.0006,0.551,0.0002,3.5175,0.0009,Greedy-DPP,0.0,0.0,"{""alpha_grid"": [-2.0, -0.3, -0.2, -0.1, -0.05, 0.0, 0.05, 0.1, 0.2, 0.3, 0.5, 1.0], ""batch_size"": 64, ""chunk_window"": 60, ""dataset"": ""2wikimultihopqa"", ""dedup_grid"": [0.85, 0.9, 0.95], ""device"": ""cuda"", ""dup_noise"": ""light"", ""dup_target"": ""mixed"", ""encode_cache"": true, ""encoder_model"": ""BAAI/bge-m3"", ""experiment"": ""chunking"", ""gen_max_samples"": 1000, ""gen_methods"": [], ""generator_model"": null, ""lambda_grid"": [0.3, 0.5, 0.7, 0.9], ""max_samples"": null, ""metric"": ""cosine"", ""objective"": ""S-Recall@k"", ""overlap_grid"": [0.0, 0.25, 0.5, 0.75], ""rho_grid"": [0.0, 0.025, 0.05, 0.1, 0.15, 0.25, 0.5, 1.0], ""run_generation"": false, ""script"": ""evaluate_redundancy.py"", ""seed"": 0, ""seeds"": [0, 1, 2], ""single_subtopic"": false, ""split"": ""validation"", ""top_k"": 5, ""top_m"": 100, ""val_fraction"": 0.2}"
0.5,Dedup*,3,0.0006,0.0,0.835,0.0015,0.836,0.0017,0.9899,0.001,0.8198,0.0027,0.835,0.0015,0.5927,0.0004,0.4773,0.0005,3.1204,0.0025,Dedup(0.85),0.0,0.0,"{""alpha_grid"": [-2.0, -0.3, -0.2, -0.1, -0.05, 0.0, 0.05, 0.1, 0.2, 0.3, 0.5, 1.0], ""batch_size"": 64, ""chunk_window"": 60, ""dataset"": ""2wikimultihopqa"", ""dedup_grid"": [0.85, 0.9, 0.95], ""device"": ""cuda"", ""dup_noise"": ""light"", ""dup_target"": ""mixed"", ""encode_cache"": true, ""encoder_model"": ""BAAI/bge-m3"", ""experiment"": ""chunking"", ""gen_max_samples"": 1000, ""gen_methods"": [], ""generator_model"": null, ""lambda_grid"": [0.3, 0.5, 0.7, 0.9], ""max_samples"": null, ""metric"": ""cosine"", ""objective"": ""S-Recall@k"", ""overlap_grid"": [0.0, 0.25, 0.5, 0.75], ""rho_grid"": [0.0, 0.025, 0.05, 0.1, 0.15, 0.25, 0.5, 1.0], ""run_generation"": false, ""script"": ""evaluate_redundancy.py"", ""seed"": 0, ""seeds"": [0, 1, 2], ""single_subtopic"": false, ""split"": ""validation"", ""top_k"": 5, ""top_m"": 100, ""val_fraction"": 0.2}"
0.5,MMR*,3,0.0006,0.0,0.8146,0.0061,0.8256,0.0049,0.99,0.0011,0.806,0.0588,0.8146,0.0061,0.5881,0.0045,0.4892,0.0944,3.1698,0.5156,MMR(0.9);MMR(0.7),0.0,0.577876,"{""alpha_grid"": [-2.0, -0.3, -0.2, -0.1, -0.05, 0.0, 0.05, 0.1, 0.2, 0.3, 0.5, 1.0], ""batch_size"": 64, ""chunk_window"": 60, ""dataset"": ""2wikimultihopqa"", ""dedup_grid"": [0.85, 0.9, 0.95], ""device"": ""cuda"", ""dup_noise"": ""light"", ""dup_target"": ""mixed"", ""encode_cache"": true, ""encoder_model"": ""BAAI/bge-m3"", ""experiment"": ""chunking"", ""gen_max_samples"": 1000, ""gen_methods"": [], ""generator_model"": null, ""lambda_grid"": [0.3, 0.5, 0.7, 0.9], ""max_samples"": null, ""metric"": ""cosine"", ""objective"": ""S-Recall@k"", ""overlap_grid"": [0.0, 0.25, 0.5, 0.75], ""rho_grid"": [0.0, 0.025, 0.05, 0.1, 0.15, 0.25, 0.5, 1.0], ""run_generation"": false, ""script"": ""evaluate_redundancy.py"", ""seed"": 0, ""seeds"": [0, 1, 2], ""single_subtopic"": false, ""split"": ""validation"", ""top_k"": 5, ""top_m"": 100, ""val_fraction"": 0.2}"
0.5,VendiG*,3,0.0006,0.0,0.8201,0.0036,0.83,0.0025,0.99,0.0014,0.8046,0.0715,0.8201,0.0036,0.5907,0.002,0.5056,0.1339,3.2525,0.7154,VendiG(0.9);VendiG(0.7),0.0,3.6e-05,"{""alpha_grid"": [-2.0, -0.3, -0.2, -0.1, -0.05, 0.0, 0.05, 0.1, 0.2, 0.3, 0.5, 1.0], ""batch_size"": 64, ""chunk_window"": 60, ""dataset"": ""2wikimultihopqa"", ""dedup_grid"": [0.85, 0.9, 0.95], ""device"": ""cuda"", ""dup_noise"": ""light"", ""dup_target"": ""mixed"", ""encode_cache"": true, ""encoder_model"": ""BAAI/bge-m3"", ""experiment"": ""chunking"", ""gen_max_samples"": 1000, ""gen_methods"": [], ""generator_model"": null, ""lambda_grid"": [0.3, 0.5, 0.7, 0.9], ""max_samples"": null, ""metric"": ""cosine"", ""objective"": ""S-Recall@k"", ""overlap_grid"": [0.0, 0.25, 0.5, 0.75], ""rho_grid"": [0.0, 0.025, 0.05, 0.1, 0.15, 0.25, 0.5, 1.0], ""run_generation"": false, ""script"": ""evaluate_redundancy.py"", ""seed"": 0, ""seeds"": [0, 1, 2], ""single_subtopic"": false, ""split"": ""validation"", ""top_k"": 5, ""top_m"": 100, ""val_fraction"": 0.2}"
0.5,RNG*,3,0.0006,0.0,0.838,0.0029,0.841,0.0022,0.9899,0.001,0.8092,0.0026,0.838,0.0029,0.5956,0.0005,0.5001,0.0009,3.2417,0.0044,RNG(-0.2),0.0,0.0,"{""alpha_grid"": [-2.0, -0.3, -0.2, -0.1, -0.05, 0.0, 0.05, 0.1, 0.2, 0.3, 0.5, 1.0], ""batch_size"": 64, ""chunk_window"": 60, ""dataset"": ""2wikimultihopqa"", ""dedup_grid"": [0.85, 0.9, 0.95], ""device"": ""cuda"", ""dup_noise"": ""light"", ""dup_target"": ""mixed"", ""encode_cache"": true, ""encoder_model"": ""BAAI/bge-m3"", ""experiment"": ""chunking"", ""gen_max_samples"": 1000, ""gen_methods"": [], ""generator_model"": null, ""lambda_grid"": [0.3, 0.5, 0.7, 0.9], ""max_samples"": null, ""metric"": ""cosine"", ""objective"": ""S-Recall@k"", ""overlap_grid"": [0.0, 0.25, 0.5, 0.75], ""rho_grid"": [0.0, 0.025, 0.05, 0.1, 0.15, 0.25, 0.5, 1.0], ""run_generation"": false, ""script"": ""evaluate_redundancy.py"", ""seed"": 0, ""seeds"": [0, 1, 2], ""single_subtopic"": false, ""split"": ""validation"", ""top_k"": 5, ""top_m"": 100, ""val_fraction"": 0.2}"
0.75,kNN,3,0.0053,0.0,0.7701,0.0024,0.7907,0.0023,0.9889,0.001,0.8093,0.0025,0.7701,0.0024,0.5678,0.0008,0.3926,0.0008,2.6303,0.0029,kNN,,,"{""alpha_grid"": [-2.0, -0.3, -0.2, -0.1, -0.05, 0.0, 0.05, 0.1, 0.2, 0.3, 0.5, 1.0], ""batch_size"": 64, ""chunk_window"": 60, ""dataset"": ""2wikimultihopqa"", ""dedup_grid"": [0.85, 0.9, 0.95], ""device"": ""cuda"", ""dup_noise"": ""light"", ""dup_target"": ""mixed"", ""encode_cache"": true, ""encoder_model"": ""BAAI/bge-m3"", ""experiment"": ""chunking"", ""gen_max_samples"": 1000, ""gen_methods"": [], ""generator_model"": null, ""lambda_grid"": [0.3, 0.5, 0.7, 0.9], ""max_samples"": null, ""metric"": ""cosine"", ""objective"": ""S-Recall@k"", ""overlap_grid"": [0.0, 0.25, 0.5, 0.75], ""rho_grid"": [0.0, 0.025, 0.05, 0.1, 0.15, 0.25, 0.5, 1.0], ""run_generation"": false, ""script"": ""evaluate_redundancy.py"", ""seed"": 0, ""seeds"": [0, 1, 2], ""single_subtopic"": false, ""split"": ""validation"", ""top_k"": 5, ""top_m"": 100, ""val_fraction"": 0.2}"
0.75,Maxmin,3,0.0053,0.0,0.6683,0.005,0.7008,0.0027,0.985,0.0015,0.6454,0.0023,0.6683,0.005,0.5112,0.0017,0.5973,0.0013,3.433,0.0068,Maxmin,0.0,0.0,"{""alpha_grid"": [-2.0, -0.3, -0.2, -0.1, -0.05, 0.0, 0.05, 0.1, 0.2, 0.3, 0.5, 1.0], ""batch_size"": 64, ""chunk_window"": 60, ""dataset"": ""2wikimultihopqa"", ""dedup_grid"": [0.85, 0.9, 0.95], ""device"": ""cuda"", ""dup_noise"": ""light"", ""dup_target"": ""mixed"", ""encode_cache"": true, ""encoder_model"": ""BAAI/bge-m3"", ""experiment"": ""chunking"", ""gen_max_samples"": 1000, ""gen_methods"": [], ""generator_model"": null, ""lambda_grid"": [0.3, 0.5, 0.7, 0.9], ""max_samples"": null, ""metric"": ""cosine"", ""objective"": ""S-Recall@k"", ""overlap_grid"": [0.0, 0.25, 0.5, 0.75], ""rho_grid"": [0.0, 0.025, 0.05, 0.1, 0.15, 0.25, 0.5, 1.0], ""run_generation"": false, ""script"": ""evaluate_redundancy.py"", ""seed"": 0, ""seeds"": [0, 1, 2], ""single_subtopic"": false, ""split"": ""validation"", ""top_k"": 5, ""top_m"": 100, ""val_fraction"": 0.2}"
0.75,Greedy-DPP,3,0.0053,0.0,0.8505,0.0006,0.8525,0.001,0.9889,0.0012,0.78,0.0024,0.8505,0.0005,0.6033,0.0003,0.5526,0.0004,3.5281,0.0012,Greedy-DPP,0.0,0.0,"{""alpha_grid"": [-2.0, -0.3, -0.2, -0.1, -0.05, 0.0, 0.05, 0.1, 0.2, 0.3, 0.5, 1.0], ""batch_size"": 64, ""chunk_window"": 60, ""dataset"": ""2wikimultihopqa"", ""dedup_grid"": [0.85, 0.9, 0.95], ""device"": ""cuda"", ""dup_noise"": ""light"", ""dup_target"": ""mixed"", ""encode_cache"": true, ""encoder_model"": ""BAAI/bge-m3"", ""experiment"": ""chunking"", ""gen_max_samples"": 1000, ""gen_methods"": [], ""generator_model"": null, ""lambda_grid"": [0.3, 0.5, 0.7, 0.9], ""max_samples"": null, ""metric"": ""cosine"", ""objective"": ""S-Recall@k"", ""overlap_grid"": [0.0, 0.25, 0.5, 0.75], ""rho_grid"": [0.0, 0.025, 0.05, 0.1, 0.15, 0.25, 0.5, 1.0], ""run_generation"": false, ""script"": ""evaluate_redundancy.py"", ""seed"": 0, ""seeds"": [0, 1, 2], ""single_subtopic"": false, ""split"": ""validation"", ""top_k"": 5, ""top_m"": 100, ""val_fraction"": 0.2}"
0.75,Dedup*,3,0.0053,0.0,0.8396,0.0015,0.8409,0.0015,0.9894,0.0009,0.8096,0.0022,0.8396,0.0015,0.5959,0.0004,0.4777,0.0004,3.1288,0.0017,Dedup(0.85),0.0,0.0,"{""alpha_grid"": [-2.0, -0.3, -0.2, -0.1, -0.05, 0.0, 0.05, 0.1, 0.2, 0.3, 0.5, 1.0], ""batch_size"": 64, ""chunk_window"": 60, ""dataset"": ""2wikimultihopqa"", ""dedup_grid"": [0.85, 0.9, 0.95], ""device"": ""cuda"", ""dup_noise"": ""light"", ""dup_target"": ""mixed"", ""encode_cache"": true, ""encoder_model"": ""BAAI/bge-m3"", ""experiment"": ""chunking"", ""gen_max_samples"": 1000, ""gen_methods"": [], ""generator_model"": null, ""lambda_grid"": [0.3, 0.5, 0.7, 0.9], ""max_samples"": null, ""metric"": ""cosine"", ""objective"": ""S-Recall@k"", ""overlap_grid"": [0.0, 0.25, 0.5, 0.75], ""rho_grid"": [0.0, 0.025, 0.05, 0.1, 0.15, 0.25, 0.5, 1.0], ""run_generation"": false, ""script"": ""evaluate_redundancy.py"", ""seed"": 0, ""seeds"": [0, 1, 2], ""single_subtopic"": false, ""split"": ""validation"", ""top_k"": 5, ""top_m"": 100, ""val_fraction"": 0.2}"
0.75,MMR*,3,0.0053,0.0,0.8079,0.0014,0.8217,0.0017,0.9893,0.0012,0.7739,0.0024,0.8079,0.0014,0.5858,0.0005,0.5223,0.001,3.3427,0.0038,MMR(0.7),0.0,0.0,"{""alpha_grid"": [-2.0, -0.3, -0.2, -0.1, -0.05, 0.0, 0.05, 0.1, 0.2, 0.3, 0.5, 1.0], ""batch_size"": 64, ""chunk_window"": 60, ""dataset"": ""2wikimultihopqa"", ""dedup_grid"": [0.85, 0.9, 0.95], ""device"": ""cuda"", ""dup_noise"": ""light"", ""dup_target"": ""mixed"", ""encode_cache"": true, ""encoder_model"": ""BAAI/bge-m3"", ""experiment"": ""chunking"", ""gen_max_samples"": 1000, ""gen_methods"": [], ""generator_model"": null, ""lambda_grid"": [0.3, 0.5, 0.7, 0.9], ""max_samples"": null, ""metric"": ""cosine"", ""objective"": ""S-Recall@k"", ""overlap_grid"": [0.0, 0.25, 0.5, 0.75], ""rho_grid"": [0.0, 0.025, 0.05, 0.1, 0.15, 0.25, 0.5, 1.0], ""run_generation"": false, ""script"": ""evaluate_redundancy.py"", ""seed"": 0, ""seeds"": [0, 1, 2], ""single_subtopic"": false, ""split"": ""validation"", ""top_k"": 5, ""top_m"": 100, ""val_fraction"": 0.2}"
0.75,VendiG*,3,0.0053,0.0,0.8243,0.001,0.833,0.0005,0.9891,0.0012,0.7652,0.0013,0.8244,0.0009,0.5921,0.0003,0.567,0.0009,3.5812,0.0047,VendiG(0.7),0.0,0.0,"{""alpha_grid"": [-2.0, -0.3, -0.2, -0.1, -0.05, 0.0, 0.05, 0.1, 0.2, 0.3, 0.5, 1.0], ""batch_size"": 64, ""chunk_window"": 60, ""dataset"": ""2wikimultihopqa"", ""dedup_grid"": [0.85, 0.9, 0.95], ""device"": ""cuda"", ""dup_noise"": ""light"", ""dup_target"": ""mixed"", ""encode_cache"": true, ""encoder_model"": ""BAAI/bge-m3"", ""experiment"": ""chunking"", ""gen_max_samples"": 1000, ""gen_methods"": [], ""generator_model"": null, ""lambda_grid"": [0.3, 0.5, 0.7, 0.9], ""max_samples"": null, ""metric"": ""cosine"", ""objective"": ""S-Recall@k"", ""overlap_grid"": [0.0, 0.25, 0.5, 0.75], ""rho_grid"": [0.0, 0.025, 0.05, 0.1, 0.15, 0.25, 0.5, 1.0], ""run_generation"": false, ""script"": ""evaluate_redundancy.py"", ""seed"": 0, ""seeds"": [0, 1, 2], ""single_subtopic"": false, ""split"": ""validation"", ""top_k"": 5, ""top_m"": 100, ""val_fraction"": 0.2}"
0.75,RNG*,3,0.0053,0.0,0.8385,0.0015,0.8428,0.0017,0.9894,0.0011,0.802,0.0019,0.8385,0.0015,0.597,0.0004,0.4932,0.0005,3.1934,0.0021,RNG(-0.2),0.0,0.0,"{""alpha_grid"": [-2.0, -0.3, -0.2, -0.1, -0.05, 0.0, 0.05, 0.1, 0.2, 0.3, 0.5, 1.0], ""batch_size"": 64, ""chunk_window"": 60, ""dataset"": ""2wikimultihopqa"", ""dedup_grid"": [0.85, 0.9, 0.95], ""device"": ""cuda"", ""dup_noise"": ""light"", ""dup_target"": ""mixed"", ""encode_cache"": true, ""encoder_model"": ""BAAI/bge-m3"", ""experiment"": ""chunking"", ""gen_max_samples"": 1000, ""gen_methods"": [], ""generator_model"": null, ""lambda_grid"": [0.3, 0.5, 0.7, 0.9], ""max_samples"": null, ""metric"": ""cosine"", ""objective"": ""S-Recall@k"", ""overlap_grid"": [0.0, 0.25, 0.5, 0.75], ""rho_grid"": [0.0, 0.025, 0.05, 0.1, 0.15, 0.25, 0.5, 1.0], ""run_generation"": false, ""script"": ""evaluate_redundancy.py"", ""seed"": 0, ""seeds"": [0, 1, 2], ""single_subtopic"": false, ""split"": ""validation"", ""top_k"": 5, ""top_m"": 100, ""val_fraction"": 0.2}"
