sweep,rho,published_gamma,chosen_per_seed
HotpotQA bge-m3,0.000000,+0.2,RNG(0.2);RNG(0.5);RNG(0.2)
HotpotQA bge-m3,0.025000,-0.3,RNG(-0.3);RNG(-0.3);RNG(-0.3)
HotpotQA bge-m3,0.050000,-0.3,RNG(-0.3);RNG(-0.3);RNG(-0.3)
HotpotQA bge-m3,0.100000,-0.2,RNG(-0.2);RNG(-0.2);RNG(-0.2)
HotpotQA bge-m3,0.150000,-0.2,RNG(-0.2);RNG(-0.2);RNG(-0.2)
HotpotQA bge-m3,0.250000,-0.2,RNG(-0.2);RNG(-0.2);RNG(-0.2)
HotpotQA bge-m3,0.500000,-0.2,RNG(-0.2);RNG(-0.2);RNG(-0.2)
HotpotQA bge-m3,1.000000,-0.2,RNG(-0.2);RNG(-0.2);RNG(-0.2)
HotpotQA Qwen3,0.000000,+0.3,RNG(0.3);RNG(0.3);RNG(0.3)
HotpotQA Qwen3,0.025000,+/-,RNG(0.5);RNG(-0.3);RNG(0.5)
HotpotQA Qwen3,0.050000,+/-,RNG(0.2);RNG(-0.2);RNG(0.2)
HotpotQA Qwen3,0.100000,-0.2,RNG(-0.1);RNG(-0.2);RNG(-0.2)
HotpotQA Qwen3,0.150000,-0.1,RNG(-0.1);RNG(-0.1);RNG(-0.1)
HotpotQA Qwen3,0.250000,-0.1,RNG(-0.1);RNG(-0.1);RNG(-0.1)
HotpotQA Qwen3,0.500000,-0.1,RNG(-0.1);RNG(-0.1);RNG(-0.1)
HotpotQA Qwen3,1.000000,-0.1,RNG(-0.1);RNG(-0.1);RNG(-0.1)
HotpotQA MiniLM,0.000000,+0.3,RNG(0.3);RNG(0.3);RNG(0.3)
HotpotQA MiniLM,0.025000,+0.3,RNG(0.2);RNG(0.3);RNG(0.3)
HotpotQA MiniLM,0.050000,+0.2,RNG(0.2);RNG(0.2);RNG(0.2)
HotpotQA MiniLM,0.100000,+0.2,RNG(0.2);RNG(0.3);RNG(0.2)
HotpotQA MiniLM,0.150000,+0.2,RNG(0.2);RNG(0.2);RNG(0.2)
HotpotQA MiniLM,0.250000,+/-,RNG(-0.1);RNG(0.1);RNG(0.1)
HotpotQA MiniLM,0.500000,-0.1,RNG(-0.1);RNG(-0.1);RNG(-0.1)
HotpotQA MiniLM,1.000000,-0.1,RNG(-0.1);RNG(-0.1);RNG(-0.1)
SciFact,0.000000,-0.2,RNG(-0.2);RNG(-0.2);RNG(-0.2)
SciFact,0.025000,+/-,RNG(-0.3);RNG(-0.2);RNG(0)
SciFact,0.050000,+/-,RNG(0.5);RNG(-0.2);RNG(0.3)
SciFact,0.100000,-0.3,RNG(-0.3);RNG(-0.2);RNG(-0.3)
SciFact,0.150000,+/-,RNG(0.5);RNG(-0.2);RNG(0.1)
SciFact,0.250000,+/-,RNG(0.2);RNG(-0.2);RNG(0.05)
SciFact,0.500000,+/-,RNG(0.2);RNG(-0.2);RNG(-0.3)
SciFact,1.000000,+/-,RNG(-0.3);RNG(-0.2);RNG(0.1)
FiQA-2018,0.000000,-0.2,RNG(-0.2);RNG(-0.2);RNG(-0.2)
FiQA-2018,0.025000,+/-,RNG(-0.2);RNG(0.1);RNG(-0.2)
FiQA-2018,0.050000,-0.2,RNG(-0.2);RNG(-0.2);RNG(-0.2)
FiQA-2018,0.100000,-0.2,RNG(-0.2);RNG(-0.2);RNG(-0.2)
FiQA-2018,0.150000,-0.2,RNG(-0.2);RNG(-0.2);RNG(-0.2)
FiQA-2018,0.250000,-0.2,RNG(-0.2);RNG(-0.2);RNG(-0.2)
FiQA-2018,0.500000,-0.2,RNG(-0.2);RNG(-0.2);RNG(-0.2)
FiQA-2018,1.000000,-0.2,RNG(-0.2);RNG(-0.2);RNG(-0.2)
