run,dataset,experiment,condition,n_test_queries,trigger_rate,mean_rule_minus_knn_pp,ci95_lo_pp,ci95_hi_pp,raw_p,adjusted_p,fraction_improved,fraction_harmed,skipped_queries_missing_h
2026-06-15_142100_redundancy_musique__chunking,musique,chunking,0,1934,0.2435367114788004,2.262150982419856,1.77072561185798,2.7408652188900375,0.0005,0.0025,0.08738366080661841,0.023784901758014478,0
2026-06-15_142100_redundancy_musique__chunking,musique,chunking,0.25,1934,0.296794208893485,3.326439158910722,2.7316011720096514,3.916968286797656,0.0005,0.0025,0.11427094105480869,0.023784901758014478,0
2026-06-15_142100_redundancy_musique__chunking,musique,chunking,0.5,1934,0.40175801447776627,5.791106514994822,5.079929334712169,6.471906239227853,0.0005,0.0025,0.1737331954498449,0.021199586349534644,0
2026-06-15_142100_redundancy_musique__chunking,musique,chunking,0.75,1934,0.5491209927611168,9.95777318166152,9.035677352637022,10.858971044467424,0.0005,0.0025,0.2688728024819028,0.01809720785935884,0
2026-06-15_142100_redundancy_musique__chunking,musique,chunking,pooled,1934,,5.334367459496722,4.768775853154084,5.883800844536367,0.0005,0.0025,0.2823164426059979,0.035677352637021716,0
2026-06-15_144227_redundancy_2wikimultihopqa__chunking,2wikimultihopqa,chunking,0,10061,0.007653314779842958,0.0372726369148196,-0.00745452738296392,0.08696948613457907,0.1525,0.1525,0.0016896928734718218,0.0008945432859556704,0
2026-06-15_144227_redundancy_2wikimultihopqa__chunking,2wikimultihopqa,chunking,0.25,10061,0.013219361892456018,0.09939369843951894,0.04224232183679555,0.15915415962627957,0.0025,0.005,0.002981810953185568,0.0008945432859556704,0
2026-06-15_144227_redundancy_2wikimultihopqa__chunking,2wikimultihopqa,chunking,0.5,10061,0.04790776264784813,0.5392108140343902,0.4298777457509194,0.651028724778849,0.0005,0.0025,0.012821787098697943,0.001490905476592784,0
2026-06-15_144227_redundancy_2wikimultihopqa__chunking,2wikimultihopqa,chunking,0.75,10061,0.22224430971076434,3.180598350064606,2.9370837888877843,3.4265977537024153,0.0005,0.0025,0.07414769903588113,0.005267866017294504,0
2026-06-15_144227_redundancy_2wikimultihopqa__chunking,2wikimultihopqa,chunking,pooled,10061,,0.9641188748633337,0.8814668025047212,1.0498459397674187,0.0005,0.0025,0.07563860451247391,0.00655998409700825,0
2026-06-16_094433_redundancy_nq__chunking,nq,chunking,0,5956,0.0,0.0,0.0,0.0,1.0,1.0,0.0,0.0,0
2026-06-16_094433_redundancy_nq__chunking,nq,chunking,0.25,5956,0.0,0.0,0.0,0.0,1.0,1.0,0.0,0.0,0
2026-06-16_094433_redundancy_nq__chunking,nq,chunking,0.5,5956,0.0,0.0,0.0,0.0,1.0,1.0,0.0,0.0,0
2026-06-16_094433_redundancy_nq__chunking,nq,chunking,0.75,5956,0.0,0.0,0.0,0.0,1.0,1.0,0.0,0.0,0
2026-06-16_094433_redundancy_nq__chunking,nq,chunking,pooled,5956,,0.0,0.0,0.0,1.0,1.0,0.0,0.0,0
2026-06-18_121117_redundancy_2wikimultihopqa__redundancy,2wikimultihopqa,redundancy,0,10061,0.007355133684524401,0.04721200675877149,0.004969684921975946,0.09193917105655501,0.0425,0.1005,0.0013915117781532651,0.0004969684921975947,0
2026-06-18_121117_redundancy_2wikimultihopqa__redundancy,2wikimultihopqa,redundancy,0.1,10061,0.019282377497266672,0.0745452738296392,0.009939369843951893,0.14412086273730246,0.0335,0.1005,0.002981810953185568,0.001490905476592784,0
2026-06-18_121117_redundancy_2wikimultihopqa__redundancy,2wikimultihopqa,redundancy,0.25,10061,0.060133187555908955,-0.009939369843951893,-0.11927243812742272,0.09690885597853097,0.864,0.864,0.006162409303250174,0.006162409303250174,0
2026-06-18_121117_redundancy_2wikimultihopqa__redundancy,2wikimultihopqa,redundancy,0.5,10061,0.3609979127323328,0.9019978133386344,0.6584832521618129,1.1355730046715038,0.0005,0.003,0.04999503031507802,0.022959944339528873,0
2026-06-18_121117_redundancy_2wikimultihopqa__redundancy,2wikimultihopqa,redundancy,1,10061,0.9020972070370739,10.600337938574695,10.142629957260711,11.025245999403637,0.0005,0.003,0.2881423317761654,0.035682337739787295,0
2026-06-18_121117_redundancy_2wikimultihopqa__redundancy,2wikimultihopqa,redundancy,pooled,10061,,2.3228307325315574,2.1901401451147997,2.444588013119968,0.0005,0.003,0.2969883709372826,0.05049199880727562,0
2026-06-18_173800_redundancy_hotpotqa_fullwiki__redundancy,hotpotqa_fullwiki,redundancy,0,5924,0.00675219446320054,0.0337609723160027,-0.0337609723160027,0.1012829169480081,0.3735,0.3735,0.0011816340310600946,0.0005064145847400405,0
2026-06-18_173800_redundancy_hotpotqa_fullwiki__redundancy,hotpotqa_fullwiki,redundancy,0.1,5924,0.8107697501688048,1.9581363943281567,1.5023632680621202,2.447670492910196,0.0005,0.003,0.08474004051316678,0.04237002025658339,0
2026-06-18_173800_redundancy_hotpotqa_fullwiki__redundancy,hotpotqa_fullwiki,redundancy,0.25,5924,0.900573936529372,18.821742066171506,18.171421336934504,19.463200540175556,0.0005,0.003,0.3897704253882512,0.009959486833220796,0
2026-06-18_173800_redundancy_hotpotqa_fullwiki__redundancy,hotpotqa_fullwiki,redundancy,0.5,5924,0.9154287643484132,20.568872383524646,19.885212694125592,21.227211343686697,0.0005,0.003,0.4257258609047941,0.010803511141120865,0
2026-06-18_173800_redundancy_hotpotqa_fullwiki__redundancy,hotpotqa_fullwiki,redundancy,1,5924,0.9304523970290345,21.85178933153275,21.176569885212693,22.5016880486158,0.0005,0.003,0.44935854152599597,0.01012829169480081,0
2026-06-18_173800_redundancy_hotpotqa_fullwiki__redundancy,hotpotqa_fullwiki,redundancy,pooled,5924,,12.646860229574612,12.214635381498987,13.055958811613774,0.0005,0.003,0.4664078325455773,0.041019581363943285,0
2026-06-24_083656_redundancy_hotpotqa_fullwiki__chunking,hotpotqa_fullwiki,chunking,0,7352,0.006639657888813865,0.0,-0.061207834602829164,0.061207834602829164,1.0,1.0,0.0009521218715995648,0.0008161044613710555,0
2026-06-24_083656_redundancy_hotpotqa_fullwiki__chunking,hotpotqa_fullwiki,chunking,0.25,7352,0.00905919423812739,-0.013601741022850925,-0.08841131664853101,0.061207834602829164,0.7795,1.0,0.0012241566920565832,0.0012241566920565832,0
2026-06-24_083656_redundancy_hotpotqa_fullwiki__chunking,hotpotqa_fullwiki,chunking,0.5,7352,0.01980643709205492,0.12241566920565833,0.040805223068552776,0.21082698585418932,0.008,0.024,0.0035364526659412403,0.0009521218715995648,0
2026-06-24_083656_redundancy_hotpotqa_fullwiki__chunking,hotpotqa_fullwiki,chunking,0.75,7352,0.1393202790907045,1.380576713819369,1.1493471164309033,1.6118063112078347,0.0005,0.0025,0.031284004352557127,0.00367247007616975,0
2026-06-24_083656_redundancy_hotpotqa_fullwiki__chunking,hotpotqa_fullwiki,chunking,pooled,7352,,0.3723476605005441,0.2873367791077258,0.455658324265506,0.0005,0.0025,0.031284004352557127,0.004760609357997824,0
2026-06-24_230733_redundancy_hotpotqa_fullwiki__redundancy,hotpotqa_fullwiki,redundancy,0,7352,0.006527121314427189,0.020402611534276388,-0.040805223068552776,0.08161044613710555,0.57,0.57,0.001088139281828074,0.000544069640914037,0
2026-06-24_230733_redundancy_hotpotqa_fullwiki__redundancy,hotpotqa_fullwiki,redundancy,0.025,7352,0.032579338284942604,-0.09067827348567283,-0.19739526659412407,0.013601741022850928,0.0985,0.197,0.00367247007616975,0.004760609357997824,0
2026-06-24_230733_redundancy_hotpotqa_fullwiki__redundancy,hotpotqa_fullwiki,redundancy,0.05,7352,0.1554130092279991,-0.6687522669568371,-0.8558328799419659,-0.4658029561117156,0.0005,0.0045000000000000005,0.011153427638737758,0.022714907508161044,0
2026-06-24_230733_redundancy_hotpotqa_fullwiki__redundancy,hotpotqa_fullwiki,redundancy,0.1,7352,0.8098694575737114,1.7670928545520457,1.3758727783822995,2.1956610446137104,0.0005,0.0045000000000000005,0.10255712731229598,0.05073449401523395,0
2026-06-24_230733_redundancy_hotpotqa_fullwiki__redundancy,hotpotqa_fullwiki,redundancy,0.15,7352,0.8775039387801036,11.214635473340595,10.673966267682266,11.770153246282188,0.0005,0.0045000000000000005,0.27461915125136016,0.0235310119695321,0
2026-06-24_230733_redundancy_hotpotqa_fullwiki__redundancy,hotpotqa_fullwiki,redundancy,0.25,7352,0.8995611073598919,18.917754805948498,18.33905739934712,19.53221345665579,0.0005,0.0045000000000000005,0.41893362350380847,0.014281828073993471,0
2026-06-24_230733_redundancy_hotpotqa_fullwiki__redundancy,hotpotqa_fullwiki,redundancy,0.5,7352,0.9144159351789332,20.756256800870517,20.188214091403704,21.35586688429452,0.0005,0.0045000000000000005,0.4511697497279652,0.01264961915125136,0
2026-06-24_230733_redundancy_hotpotqa_fullwiki__redundancy,hotpotqa_fullwiki,redundancy,1,7352,0.9291019581363943,21.859131302140003,21.28304089590134,22.46242519042437,0.0005,0.0045000000000000005,0.46721980413492925,0.01101741022850925,0
2026-06-24_230733_redundancy_hotpotqa_fullwiki__redundancy,hotpotqa_fullwiki,redundancy,pooled,7352,,9.221980413492949,8.91917165397171,9.5435057354008,0.0005,0.0045000000000000005,0.4805495103373232,0.053454842219804136,0
2026-06-25_082550_redundancy_scifact__redundancy,scifact,redundancy,0,298,0.019444444444444445,-0.3859060402684564,-0.8221476510067114,-0.08389261744966443,0.055,0.216,0.0,0.013422818791946308,0
2026-06-25_082550_redundancy_scifact__redundancy,scifact,redundancy,0.025,298,0.019444444444444445,-0.3635346756152125,-0.7550335570469798,-0.08389261744966443,0.054,0.216,0.0,0.013422818791946308,0
2026-06-25_082550_redundancy_scifact__redundancy,scifact,redundancy,0.05,298,0.03333333333333333,-0.5993661446681581,-1.1940715883668904,-0.11642431021625663,0.0295,0.1475,0.003355704697986577,0.02348993288590604,0
2026-06-25_082550_redundancy_scifact__redundancy,scifact,redundancy,0.1,298,0.04583333333333333,-0.11372110365398955,-0.6749627143922446,0.33557046979865773,0.655,0.655,0.013422818791946308,0.010067114093959731,0
2026-06-25_082550_redundancy_scifact__redundancy,scifact,redundancy,0.15,298,0.05694444444444444,0.6599552572706936,0.016778523489932886,1.3982102908277405,0.062,0.216,0.020134228187919462,0.006711409395973154,0
2026-06-25_082550_redundancy_scifact__redundancy,scifact,redundancy,0.25,298,0.058333333333333334,0.947986577181208,0.2734899328859061,1.7037192393736014,0.012,0.084,0.026845637583892617,0.003355704697986577,0
2026-06-25_082550_redundancy_scifact__redundancy,scifact,redundancy,0.5,298,0.06111111111111111,1.482102908277405,0.6711409395973155,2.404921700223714,0.0025,0.02,0.040268456375838924,0.0,0
2026-06-25_082550_redundancy_scifact__redundancy,scifact,redundancy,1,298,0.058333333333333334,1.8596196868008952,0.8668903803131992,3.0201342281879193,0.002,0.018000000000000002,0.0436241610738255,0.0,0
2026-06-25_082550_redundancy_scifact__redundancy,scifact,redundancy,pooled,298,,0.43589205816554805,0.08632200782997763,0.8110144015659955,0.021,0.126,0.03355704697986577,0.010067114093959731,0
2026-06-25_082550_redundancy_scifact__chunking,scifact,chunking,0,298,0.019444444444444445,-0.33557046979865773,-0.8389261744966443,0.0,0.138,0.552,0.0,0.010067114093959731,0
2026-06-25_082550_redundancy_scifact__chunking,scifact,chunking,0.25,298,0.019444444444444445,-0.08389261744966443,-0.2516778523489933,0.0,0.626,1.0,0.0,0.003355704697986577,0
2026-06-25_082550_redundancy_scifact__chunking,scifact,chunking,0.5,298,0.025,0.0,-0.2516778523489933,0.2516778523489933,1.0,1.0,0.003355704697986577,0.003355704697986577,0
2026-06-25_082550_redundancy_scifact__chunking,scifact,chunking,0.75,298,0.029166666666666667,0.39149888143176736,0.08389261744966443,0.8109619686800895,0.056,0.28,0.013422818791946308,0.0,0
2026-06-25_082550_redundancy_scifact__chunking,scifact,chunking,pooled,298,,-0.006991051454138699,-0.16778523489932887,0.13982102908277408,0.962,1.0,0.010067114093959731,0.006711409395973154,0
2026-06-25_172848_redundancy_hotpotqa_fullwiki__redundancy,hotpotqa_fullwiki,redundancy,0,7352,0.004051316677920324,0.047606093579978234,-0.006800870511425462,0.10201305767138194,0.1125,0.225,0.0012241566920565832,0.0002720348204570185,0
2026-06-25_172848_redundancy_hotpotqa_fullwiki__redundancy,hotpotqa_fullwiki,redundancy,0.025,7352,0.020144046815214946,0.003400435255712732,-0.07599972796517955,0.08274392455567646,0.9335,0.9335,0.00367247007616975,0.003128400435255713,0
2026-06-25_172848_redundancy_hotpotqa_fullwiki__redundancy,hotpotqa_fullwiki,redundancy,0.05,7352,0.11439342786405582,-0.3502448313384113,-0.5101219622778382,-0.18589046064562928,0.0005,0.0045000000000000005,0.01074537540805223,0.01809031556039173,0
2026-06-25_172848_redundancy_hotpotqa_fullwiki__redundancy,hotpotqa_fullwiki,redundancy,0.1,7352,0.7903443619176233,1.5267954298150137,1.135518679724338,1.8964794160319183,0.0005,0.0045000000000000005,0.11071817192600653,0.06161588683351469,0
2026-06-25_172848_redundancy_hotpotqa_fullwiki__redundancy,hotpotqa_fullwiki,redundancy,0.15,7352,0.8884762547828045,12.841177003989856,12.346810391730141,13.351298966267686,0.0005,0.0045000000000000005,0.3075353645266594,0.014961915125136017,0
2026-06-25_172848_redundancy_hotpotqa_fullwiki__redundancy,hotpotqa_fullwiki,redundancy,0.25,7352,0.9148098131892866,20.426414581066368,19.86409593761335,20.964873503808487,0.0005,0.0045000000000000005,0.44776931447225243,0.009385201305767138,0
2026-06-25_172848_redundancy_hotpotqa_fullwiki__redundancy,hotpotqa_fullwiki,redundancy,0.5,7352,0.9277515192437542,21.895402611534287,21.360174102285086,22.47687704026116,0.0005,0.0045000000000000005,0.4734766050054407,0.008705114254624592,0
2026-06-25_172848_redundancy_hotpotqa_fullwiki__redundancy,hotpotqa_fullwiki,redundancy,1,7352,0.9397929327031285,22.54148531011971,21.99395856002902,23.135598023213635,0.0005,0.0045000000000000005,0.48163764961915123,0.007752992383025027,0
2026-06-25_172848_redundancy_hotpotqa_fullwiki__redundancy,hotpotqa_fullwiki,redundancy,pooled,7352,,9.866504579252815,9.587626382843668,10.15511652158143,0.0005,0.0045000000000000005,0.5184983677910773,0.059167573449401524,0
2026-06-28_094117_redundancy_hotpotqa_fullwiki__redundancy,hotpotqa_fullwiki,redundancy,0,7352,0.015755120414134592,0.08161044613710555,0.020402611534276388,0.14961915125136016,0.019,0.038,0.0024483133841131663,0.0008161044613710555,0
2026-06-28_094117_redundancy_hotpotqa_fullwiki__redundancy,hotpotqa_fullwiki,redundancy,0.025,7352,0.04130092279990997,0.003400435255712731,-0.09526886108088502,0.0986126224156692,0.949,0.949,0.004352557127312296,0.004760609357997824,0
2026-06-28_094117_redundancy_hotpotqa_fullwiki__redundancy,hotpotqa_fullwiki,redundancy,0.05,7352,0.10690974566734189,-0.21649437794704393,-0.3706474428726877,-0.06574174827711281,0.007,0.021,0.009793253536452665,0.014009793253536452,0
2026-06-28_094117_redundancy_hotpotqa_fullwiki__redundancy,hotpotqa_fullwiki,redundancy,0.1,7352,0.670211568759847,1.634475879579251,1.288651614073268,1.9801867972433806,0.0005,0.0045000000000000005,0.08664309031556039,0.041893362350380846,0
2026-06-28_094117_redundancy_hotpotqa_fullwiki__redundancy,hotpotqa_fullwiki,redundancy,0.15,7352,0.7909070447895566,7.765460645629308,7.319946953210012,8.187227965179543,0.0005,0.0045000000000000005,0.19314472252448314,0.017818280739934713,0
2026-06-28_094117_redundancy_hotpotqa_fullwiki__redundancy,hotpotqa_fullwiki,redundancy,0.25,7352,0.8258496511366195,11.765505984766047,11.250850108813925,12.264916575988396,0.0005,0.0045000000000000005,0.2695865070729053,0.012921653971708379,0
2026-06-28_094117_redundancy_hotpotqa_fullwiki__redundancy,hotpotqa_fullwiki,redundancy,0.5,7352,0.8474004051316678,12.886516140732672,12.351344305404423,13.38524664490388,0.0005,0.0045000000000000005,0.29039717083786726,0.011289445048966267,0
2026-06-28_094117_redundancy_hotpotqa_fullwiki__redundancy,hotpotqa_fullwiki,redundancy,1,7352,0.8708080126040963,13.670883206383754,13.155037178092124,14.211609085963003,0.0005,0.0045000000000000005,0.3023667029379761,0.011561479869423286,0
2026-06-28_094117_redundancy_hotpotqa_fullwiki__redundancy,hotpotqa_fullwiki,redundancy,pooled,7352,,5.948919795067111,5.669637796971346,6.206672787450127,0.0005,0.0045000000000000005,0.3246735582154516,0.04719804134929271,0
2026-07-02_103328_redundancy_fiqa__redundancy,fiqa,redundancy,0,643,0.23057161207450225,-0.9485602526037983,-1.647291342664593,-0.24735496488995723,0.007,0.028,0.007776049766718507,0.041990668740279936,0
2026-07-02_103328_redundancy_fiqa__redundancy,fiqa,redundancy,0.025,643,0.25626204238921,-0.4514428892344911,-1.2542336270952132,0.31337480559875575,0.2685,0.2685,0.024883359253499222,0.04354587869362364,0
2026-07-02_103328_redundancy_fiqa__redundancy,fiqa,redundancy,0.05,643,0.325626204238921,-0.6859530654242941,-1.5377264648259983,0.17075947208140022,0.1155,0.231,0.038880248833592534,0.04821150855365474,0
2026-07-02_103328_redundancy_fiqa__redundancy,fiqa,redundancy,0.1,643,0.44315992292870904,1.019352601778729,0.08529782382815054,1.9317233656269424,0.0275,0.0825,0.08087091757387248,0.03265940902021773,0
2026-07-02_103328_redundancy_fiqa__redundancy,fiqa,redundancy,0.15,643,0.46756583172768146,2.391269953478352,1.1305234639215975,3.548196079883483,0.0005,0.0045000000000000005,0.1104199066874028,0.026438569206842923,0
2026-07-02_103328_redundancy_fiqa__redundancy,fiqa,redundancy,0.25,643,0.48041104688503533,4.972862371773727,3.63154876918485,6.2821429693513675,0.0005,0.0045000000000000005,0.16640746500777606,0.02177293934681182,0
2026-07-02_103328_redundancy_fiqa__redundancy,fiqa,redundancy,0.5,643,0.4913294797687861,7.128432738852645,5.648164324875055,8.549276086795526,0.0005,0.0045000000000000005,0.20217729393468117,0.017107309486780714,0
2026-07-02_103328_redundancy_fiqa__redundancy,fiqa,redundancy,1,643,0.5086705202312138,9.156298600311041,7.608562294798686,10.676673702140263,0.0005,0.0045000000000000005,0.223950233281493,0.012441679626749611,0
2026-07-02_103328_redundancy_fiqa__redundancy,fiqa,redundancy,pooled,643,,2.8227825073664885,1.9821049867706166,3.6184105902953103,0.0005,0.0045000000000000005,0.223950233281493,0.04510108864696734,0
2026-07-16_095435_redundancy_trec-covid__chunking,trec-covid,chunking,0,50,1.0,-1.8637043800459483,-5.134735170519444,0.39012552835119896,0.176,0.528,0.28,0.52,0
2026-07-16_095435_redundancy_trec-covid__chunking,trec-covid,chunking,0.25,50,1.0,-0.24069538530811393,-2.338926127067494,1.4878169991008152,0.7935,0.7935,0.38,0.36,0
2026-07-16_095435_redundancy_trec-covid__chunking,trec-covid,chunking,0.5,50,1.0,1.2955631135780703,-0.20652224972136873,2.91046489433023,0.105,0.42,0.46,0.28,0
2026-07-16_095435_redundancy_trec-covid__chunking,trec-covid,chunking,0.75,50,1.0,4.511183871201825,1.863743762089895,6.743306552860706,0.001,0.005,0.72,0.12,0
2026-07-16_095435_redundancy_trec-covid__chunking,trec-covid,chunking,pooled,50,,0.9255868048564586,-1.009620864281121,2.298704150652538,0.267,0.534,0.72,0.26,0
2026-07-20_121145_redundancy_hotpotqa_fullwiki__redundancy,hotpotqa_fullwiki,redundancy,0,7352,0.00016880486158001352,-0.006800870511425462,-0.040805223068552776,0.020402611534276388,0.8485,1.0,0.00013601741022850925,0.00013601741022850925,0
2026-07-20_121145_redundancy_hotpotqa_fullwiki__redundancy,hotpotqa_fullwiki,redundancy,0.025,7352,0.0005064145847400405,-0.006800870511425462,-0.040805223068552776,0.020402611534276388,0.8485,1.0,0.00013601741022850925,0.00013601741022850925,0
2026-07-20_121145_redundancy_hotpotqa_fullwiki__redundancy,hotpotqa_fullwiki,redundancy,0.05,7352,0.0006189511591267162,-0.006800870511425462,-0.040805223068552776,0.020402611534276388,0.8485,1.0,0.00013601741022850925,0.00013601741022850925,0
2026-07-20_121145_redundancy_hotpotqa_fullwiki__redundancy,hotpotqa_fullwiki,redundancy,0.1,7352,0.008609047940580688,-0.0328708741385564,-0.08047696771853463,0.00226695683714182,0.125,0.5,0.00013601741022850925,0.0009521218715995648,0
2026-07-20_121145_redundancy_hotpotqa_fullwiki__redundancy,hotpotqa_fullwiki,redundancy,0.15,7352,0.17713256808462752,-0.5395357272397532,-0.6756098113891911,-0.3978509249183896,0.0005,0.0045000000000000005,0.002040261153427639,0.013057671381936888,0
2026-07-20_121145_redundancy_hotpotqa_fullwiki__redundancy,hotpotqa_fullwiki,redundancy,0.25,7352,0.7140445644834571,0.6959557490025388,0.3751813565469714,1.024664490388103,0.0005,0.0045000000000000005,0.06882480957562569,0.04311751904243743,0
2026-07-20_121145_redundancy_hotpotqa_fullwiki__redundancy,hotpotqa_fullwiki,redundancy,0.5,7352,0.904231375196939,21.51001994922017,20.905535908596303,22.117734403336954,0.0005,0.0045000000000000005,0.46041893362350383,0.008161044613710556,0
2026-07-20_121145_redundancy_hotpotqa_fullwiki__redundancy,hotpotqa_fullwiki,redundancy,1,7352,0.9148660814764799,24.306311207834614,23.732657780195865,24.918502901704752,0.0005,0.0045000000000000005,0.5137377584330794,0.006664853101196953,0
2026-07-20_121145_redundancy_hotpotqa_fullwiki__redundancy,hotpotqa_fullwiki,redundancy,pooled,7352,,5.7399347116430945,5.568999081882481,5.9156380350018125,0.0005,0.0045000000000000005,0.5220348204570185,0.04379760609357998,0
2026-07-23_085711_redundancy_2wikimultihopqa__chunking,2wikimultihopqa,chunking,0,12472,0.007984627107974688,0.03808531109685696,-0.006013470173187941,0.08418858242463118,0.1175,0.1175,0.001763951250801796,0.0009621552277100705,0
2026-07-23_085711_redundancy_2wikimultihopqa__chunking,2wikimultihopqa,chunking,0.25,12472,0.013716330384653613,0.1162604233483002,0.06013470173187941,0.17439063502245028,0.0005,0.0025,0.0032873636946760742,0.0008017960230917255,0
2026-07-23_085711_redundancy_2wikimultihopqa__chunking,2wikimultihopqa,chunking,0.5,12472,0.0475764503197164,0.5672706863373957,0.4650416933932008,0.6715041693393201,0.0005,0.0025,0.013149454778704297,0.0012026940346375882,0
2026-07-23_085711_redundancy_2wikimultihopqa__chunking,2wikimultihopqa,chunking,0.75,12472,0.22247622834045655,3.2292334830019245,2.988694676074407,3.451731879409878,0.0005,0.0025,0.07472738935214882,0.004971135343168698,0
2026-07-23_085711_redundancy_2wikimultihopqa__chunking,2wikimultihopqa,chunking,pooled,12472,,0.9877124759461193,0.9065306286080821,1.0643842206542655,0.0005,0.0025,0.07641116100064144,0.0062540089801154585,0
2026-07-23_101022_redundancy_musique__chunking,musique,chunking,0,2400,0.24233023095484316,2.197916666666667,1.7604166666666667,2.6250000000000004,0.0005,0.0025,0.08583333333333333,0.022916666666666665,0
2026-07-23_101022_redundancy_musique__chunking,musique,chunking,0.25,2400,0.29869010685970354,3.326388888888887,2.7916666666666665,3.8541666666666665,0.0005,0.0025,0.11416666666666667,0.025,0
2026-07-23_101022_redundancy_musique__chunking,musique,chunking,0.5,2400,0.40382626680455014,5.7812500000000036,5.169965277777778,6.434027777777778,0.0005,0.0025,0.17416666666666666,0.02125,0
2026-07-23_101022_redundancy_musique__chunking,musique,chunking,0.75,2400,0.5530851430541193,9.750000000000016,8.975694444444443,10.524652777777778,0.0005,0.0025,0.2654166666666667,0.019166666666666665,0
2026-07-23_101022_redundancy_musique__chunking,musique,chunking,pooled,2400,,5.26388888888889,4.7777343750000005,5.758723958333334,0.0005,0.0025,0.2775,0.03958333333333333,0
2026-07-23_104202_redundancy_fiqa__redundancy,fiqa,redundancy,0,643,0.23057161207450225,-0.9485602526037983,-1.647291342664593,-0.26543428059757795,0.008,0.032,0.007776049766718507,0.041990668740279936,0
2026-07-23_104202_redundancy_fiqa__redundancy,fiqa,redundancy,0.025,643,0.25626204238921,-0.4514428892344911,-1.2443191636426474,0.3198980473475028,0.26,0.26,0.024883359253499222,0.04354587869362364,0
2026-07-23_104202_redundancy_fiqa__redundancy,fiqa,redundancy,0.05,643,0.325626204238921,-0.6859530654242941,-1.5411056241149554,0.12491051371300213,0.102,0.204,0.038880248833592534,0.04821150855365474,0
2026-07-23_104202_redundancy_fiqa__redundancy,fiqa,redundancy,0.1,643,0.44315992292870904,1.019352601778729,0.12193334141234596,1.8603161138153366,0.0185,0.055499999999999994,0.08087091757387248,0.03265940902021773,0
2026-07-23_104202_redundancy_fiqa__redundancy,fiqa,redundancy,0.15,643,0.46756583172768146,2.391269953478352,1.1727208768421833,3.504620746455894,0.0005,0.0045000000000000005,0.1104199066874028,0.026438569206842923,0
2026-07-23_104202_redundancy_fiqa__redundancy,fiqa,redundancy,0.25,643,0.48041104688503533,4.972862371773727,3.6316135695995726,6.259152567667343,0.0005,0.0045000000000000005,0.16640746500777606,0.02177293934681182,0
2026-07-23_104202_redundancy_fiqa__redundancy,fiqa,redundancy,0.5,643,0.4913294797687861,7.128432738852645,5.617706166306477,8.603246136099944,0.0005,0.0045000000000000005,0.20217729393468117,0.017107309486780714,0
2026-07-23_104202_redundancy_fiqa__redundancy,fiqa,redundancy,1,643,0.5086705202312138,9.156298600311041,7.575733170406576,10.75618998247303,0.0005,0.0045000000000000005,0.223950233281493,0.012441679626749611,0
2026-07-23_104202_redundancy_fiqa__redundancy,fiqa,redundancy,pooled,643,,2.8227825073664885,1.9873702659229486,3.600791084023977,0.0005,0.0045000000000000005,0.223950233281493,0.04510108864696734,0
2026-07-28_095742_redundancy_fiqa__chunking,fiqa,chunking,0,643,0.2350674373795761,-0.6779974820410277,-1.4765977930830185,0.05561727023624374,0.086,0.344,0.013996889580093312,0.03576982892690513,0
2026-07-28_095742_redundancy_fiqa__chunking,fiqa,chunking,0.25,643,0.23763648041104687,-1.0609987903922584,-2.0044496284776225,-0.1563850008640055,0.0285,0.14250000000000002,0.01866251944012442,0.03576982892690513,0
2026-07-28_095742_redundancy_fiqa__chunking,fiqa,chunking,0.5,643,0.25497752087347464,0.22920832407613118,-0.48365178108568474,0.9614159816337109,0.5265,0.998,0.029548989113530325,0.02177293934681182,0
2026-07-28_095742_redundancy_fiqa__chunking,fiqa,chunking,0.75,643,0.3031470777135517,0.2732726060875362,-0.5075353625120343,1.116196400799822,0.499,0.998,0.029548989113530325,0.02177293934681182,0
2026-07-28_095742_redundancy_fiqa__chunking,fiqa,chunking,pooled,643,,-0.30912883556740467,-0.8178491199486533,0.22099564294354324,0.2665,0.7995000000000001,0.05132192846034215,0.06531881804043546,0
2026-07-28_115804_redundancy_trec-covid__redundancy,trec-covid,redundancy,0,50,1.0,-1.8757820276812731,-2.863113253349292,-0.7797454243905376,0.0005,0.0045000000000000005,0.1,0.54,0
2026-07-28_115804_redundancy_trec-covid__redundancy,trec-covid,redundancy,0.025,50,1.0,-0.548345323863312,-1.7538857988555479,0.7903704752971356,0.391,0.782,0.3,0.5,0
2026-07-28_115804_redundancy_trec-covid__redundancy,trec-covid,redundancy,0.05,50,1.0,0.014178558349341475,-0.9591032619787507,1.0051332071210441,0.9825,0.9825,0.46,0.42,0
2026-07-28_115804_redundancy_trec-covid__redundancy,trec-covid,redundancy,0.1,50,1.0,0.7129829307413164,-0.24770201041399978,1.6744700557958114,0.159,0.477,0.46,0.32,0
2026-07-28_115804_redundancy_trec-covid__redundancy,trec-covid,redundancy,0.15,50,1.0,1.6641115438977274,0.6321432064106025,2.825545227195039,0.0045,0.018,0.58,0.26,0
2026-07-28_115804_redundancy_trec-covid__redundancy,trec-covid,redundancy,0.25,50,1.0,3.5559079855641498,2.3592357036136375,4.858450883654378,0.0005,0.0045000000000000005,0.72,0.18,0
2026-07-28_115804_redundancy_trec-covid__redundancy,trec-covid,redundancy,0.5,50,1.0,7.236449216771469,5.41590838394012,9.26269201791831,0.0005,0.0045000000000000005,0.9,0.06,0
2026-07-28_115804_redundancy_trec-covid__redundancy,trec-covid,redundancy,1,50,1.0,12.815737467839538,10.354924467045008,15.75812508587062,0.0005,0.0045000000000000005,0.96,0.04,0
2026-07-28_115804_redundancy_trec-covid__redundancy,trec-covid,redundancy,pooled,50,,2.94690504395237,1.9043084572108149,4.126010902239972,0.0005,0.0045000000000000005,0.76,0.24,0
2026-07-28_154431_redundancy_musique__redundancy,musique,redundancy,0,2400,0.2147535332643916,0.7083333333333333,0.32291666666666663,1.093923611111111,0.0005,0.0045000000000000005,0.05458333333333333,0.035833333333333335,0
2026-07-28_154431_redundancy_musique__redundancy,musique,redundancy,0.025,2400,0.2147535332643916,0.7083333333333333,0.32291666666666663,1.093923611111111,0.0005,0.0045000000000000005,0.05458333333333333,0.035833333333333335,0
2026-07-28_154431_redundancy_musique__redundancy,musique,redundancy,0.05,2400,0.2466390899689762,1.2065972222222228,0.7973958333333333,1.6033564814814811,0.0005,0.0045000000000000005,0.0825,0.04125,0
2026-07-28_154431_redundancy_musique__redundancy,musique,redundancy,0.1,2400,0.3409169251982075,2.0225694444444446,1.535185185185185,2.4755497685185186,0.0005,0.0045000000000000005,0.115,0.049166666666666664,0
2026-07-28_154431_redundancy_musique__redundancy,musique,redundancy,0.15,2400,0.37624956911409857,2.6388888888888906,2.1334780092592593,3.123350694444444,0.0005,0.0045000000000000005,0.1425,0.04625,0
2026-07-28_154431_redundancy_musique__redundancy,musique,redundancy,0.25,2400,0.4968976215098242,4.303819444444447,3.7076967592592593,4.883767361111111,0.0005,0.0045000000000000005,0.1975,0.049166666666666664,0
2026-07-28_154431_redundancy_musique__redundancy,musique,redundancy,0.5,2400,0.8543605653223026,11.03703703703702,10.26490162037037,11.772280092592592,0.0005,0.0045000000000000005,0.37125,0.034166666666666665,0
2026-07-28_154431_redundancy_musique__redundancy,musique,redundancy,1,2400,0.9553602206135815,21.21296296296296,20.299450231481483,22.111863425925925,0.0005,0.0045000000000000005,0.56,0.013333333333333334,0
2026-07-28_154431_redundancy_musique__redundancy,musique,redundancy,pooled,2400,,5.479817708333332,5.033904803240741,5.893062789351852,0.0005,0.0045000000000000005,0.5479166666666667,0.075,0
2026-07-28_170313_redundancy_2wikimultihopqa__redundancy,2wikimultihopqa,redundancy,0,12472,0.007487658615777093,0.04610327132777421,0.0040089801154586276,0.0881975625400898,0.0375,0.1875,0.0014432328415651058,0.0005612572161642079,0
2026-07-28_170313_redundancy_2wikimultihopqa__redundancy,2wikimultihopqa,redundancy,0.025,12472,0.007487658615777093,0.04610327132777421,0.0040089801154586276,0.0881975625400898,0.0375,0.1875,0.0014432328415651058,0.0005612572161642079,0
2026-07-28_170313_redundancy_2wikimultihopqa__redundancy,2wikimultihopqa,redundancy,0.05,12472,0.007487658615777093,0.04610327132777421,0.0040089801154586276,0.0881975625400898,0.0375,0.1875,0.0014432328415651058,0.0005612572161642079,0
2026-07-28_170313_redundancy_2wikimultihopqa__redundancy,2wikimultihopqa,redundancy,0.1,12472,0.019646821058211576,0.07550245884113747,0.02472204404532821,0.1269510369895232,0.006,0.036000000000000004,0.0045702373316228355,0.0028864656831302116,0
2026-07-28_170313_redundancy_2wikimultihopqa__redundancy,2wikimultihopqa,redundancy,0.15,12472,0.059801875227777225,0.052784904853538595,-0.029065105837075042,0.13333199700662815,0.2025,0.405,0.010904425914047467,0.00849903784477229,0
2026-07-28_170313_redundancy_2wikimultihopqa__redundancy,2wikimultihopqa,redundancy,0.25,12472,0.059801875227777225,0.052784904853538595,-0.029065105837075042,0.13333199700662815,0.2025,0.405,0.010904425914047467,0.00849903784477229,0
2026-07-28_170313_redundancy_2wikimultihopqa__redundancy,2wikimultihopqa,redundancy,0.5,12472,0.35390782891031375,0.9471215522771012,0.7663833654051745,1.1278931473166562,0.0005,0.0045000000000000005,0.08755612572161642,0.03559974342527261,0
2026-07-28_170313_redundancy_2wikimultihopqa__redundancy,2wikimultihopqa,redundancy,1,12472,0.9015008448464368,10.747407526192042,10.392195183878556,11.099880398759892,0.0005,0.0045000000000000005,0.4014592687620269,0.04931045542014112,0
2026-07-28_170313_redundancy_2wikimultihopqa__redundancy,2wikimultihopqa,redundancy,pooled,12472,,1.5017388951250779,1.427482978538593,1.5739590014966864,0.0005,0.0045000000000000005,0.4101186658114176,0.06237973059653624,0
