rho,metric,n,kNN,MMR(0.7),rule,trigger rate,p(MMR(0.7) vs kNN),p(rule vs kNN)
0.0,EM,5924,0.3396,0.3084,0.34,0.007,0.0,0.1573
0.1,EM,5924,0.2947,0.3074,0.3116,0.811,0.01095,0.00022
0.25,EM,5924,0.2691,0.3098,0.3089,0.901,0.0,0.0
0.5,EM,5924,0.2699,0.3126,0.3118,0.915,0.0,0.0
1.0,EM,5924,0.2649,0.3118,0.3098,0.93,0.0,0.0
0.0,F1,5924,0.4515,0.4147,0.4519,0.007,0.0,0.30963
0.1,F1,5924,0.393,0.4139,0.4161,0.811,5e-05,0.0
0.25,F1,5924,0.3657,0.4166,0.4145,0.901,0.0,0.0
0.5,F1,5924,0.3645,0.4187,0.4171,0.915,0.0,0.0
1.0,F1,5924,0.3601,0.4213,0.4183,0.93,0.0,0.0
