dataset,dataset_split,seed,query_id,partition
scifact,test,0,1,validation
scifact,test,0,3,test
scifact,test,0,5,test
scifact,test,0,13,test
scifact,test,0,36,test
scifact,test,0,42,validation
scifact,test,0,48,test
scifact,test,0,49,test
scifact,test,0,50,test
scifact,test,0,51,test
scifact,test,0,53,test
scifact,test,0,54,test
scifact,test,0,56,test
scifact,test,0,57,test
scifact,test,0,70,test
scifact,test,0,72,test
scifact,test,0,75,test
scifact,test,0,94,validation
scifact,test,0,99,validation
scifact,test,0,100,test
scifact,test,0,113,test
scifact,test,0,115,test
scifact,test,0,118,test
scifact,test,0,124,test
scifact,test,0,127,test
scifact,test,0,128,test
scifact,test,0,129,test
scifact,test,0,130,test
scifact,test,0,132,test
scifact,test,0,133,test
scifact,test,0,137,test
scifact,test,0,141,validation
scifact,test,0,142,test
scifact,test,0,143,validation
scifact,test,0,146,test
scifact,test,0,148,test
scifact,test,0,163,validation
scifact,test,0,171,test
scifact,test,0,179,test
scifact,test,0,180,validation
scifact,test,0,183,test
scifact,test,0,185,validation
scifact,test,0,198,validation
scifact,test,0,208,test
scifact,test,0,212,validation
scifact,test,0,213,test
scifact,test,0,216,test
scifact,test,0,217,validation
scifact,test,0,218,test
scifact,test,0,219,test
scifact,test,0,230,test
scifact,test,0,232,test
scifact,test,0,233,test
scifact,test,0,236,test
scifact,test,0,237,test
scifact,test,0,238,test
scifact,test,0,239,test
scifact,test,0,248,test
scifact,test,0,249,test
scifact,test,0,261,test
scifact,test,0,268,test
scifact,test,0,269,test
scifact,test,0,274,test
scifact,test,0,275,test
scifact,test,0,279,test
scifact,test,0,294,test
scifact,test,0,295,test
scifact,test,0,298,test
scifact,test,0,300,test
scifact,test,0,303,test
scifact,test,0,312,validation
scifact,test,0,314,validation
scifact,test,0,324,test
scifact,test,0,327,test
scifact,test,0,338,test
scifact,test,0,343,validation
scifact,test,0,350,test
scifact,test,0,354,test
scifact,test,0,362,test
scifact,test,0,380,test
scifact,test,0,384,test
scifact,test,0,385,test
scifact,test,0,386,test
scifact,test,0,388,test
scifact,test,0,399,validation
scifact,test,0,410,test
scifact,test,0,411,test
scifact,test,0,415,test
scifact,test,0,421,test
scifact,test,0,431,test
scifact,test,0,436,validation
scifact,test,0,437,test
scifact,test,0,439,test
scifact,test,0,440,test
scifact,test,0,443,validation
scifact,test,0,452,test
scifact,test,0,475,test
scifact,test,0,478,test
scifact,test,0,491,test
scifact,test,0,501,test
scifact,test,0,502,test
scifact,test,0,507,test
scifact,test,0,508,test
scifact,test,0,513,validation
scifact,test,0,514,test
scifact,test,0,516,test
scifact,test,0,517,validation
scifact,test,0,521,validation
scifact,test,0,525,test
scifact,test,0,527,validation
scifact,test,0,528,test
scifact,test,0,532,validation
scifact,test,0,533,test
scifact,test,0,535,test
scifact,test,0,536,test
scifact,test,0,539,test
scifact,test,0,540,validation
scifact,test,0,544,test
scifact,test,0,549,test
scifact,test,0,551,validation
scifact,test,0,552,test
scifact,test,0,554,test
scifact,test,0,560,test
scifact,test,0,569,test
scifact,test,0,575,test
scifact,test,0,577,test
scifact,test,0,578,test
scifact,test,0,587,test
scifact,test,0,589,validation
scifact,test,0,593,test
scifact,test,0,597,test
scifact,test,0,598,test
scifact,test,0,613,validation
scifact,test,0,619,test
scifact,test,0,623,test
scifact,test,0,628,test
scifact,test,0,636,test
scifact,test,0,637,test
scifact,test,0,641,test
scifact,test,0,644,test
scifact,test,0,649,validation
scifact,test,0,659,test
scifact,test,0,660,test
scifact,test,0,674,test
scifact,test,0,684,test
scifact,test,0,690,test
scifact,test,0,691,test
scifact,test,0,692,validation
scifact,test,0,693,validation
scifact,test,0,700,validation
scifact,test,0,702,validation
scifact,test,0,715,validation
scifact,test,0,716,test
scifact,test,0,718,test
scifact,test,0,721,test
scifact,test,0,723,validation
scifact,test,0,727,test
scifact,test,0,728,test
scifact,test,0,729,test
scifact,test,0,742,test
scifact,test,0,743,test
scifact,test,0,744,validation
scifact,test,0,756,validation
scifact,test,0,759,test
scifact,test,0,768,test
scifact,test,0,770,test
scifact,test,0,775,test
scifact,test,0,781,validation
scifact,test,0,783,validation
scifact,test,0,784,test
scifact,test,0,785,test
scifact,test,0,793,test
scifact,test,0,800,test
scifact,test,0,805,test
scifact,test,0,808,test
scifact,test,0,811,test
scifact,test,0,814,test
scifact,test,0,820,test
scifact,test,0,821,test
scifact,test,0,823,test
scifact,test,0,830,test
scifact,test,0,831,test
scifact,test,0,832,test
scifact,test,0,834,test
scifact,test,0,837,test
scifact,test,0,839,validation
scifact,test,0,845,test
scifact,test,0,847,test
scifact,test,0,852,test
scifact,test,0,859,validation
scifact,test,0,870,test
scifact,test,0,873,test
scifact,test,0,879,test
scifact,test,0,880,test
scifact,test,0,882,test
scifact,test,0,887,validation
scifact,test,0,903,test
scifact,test,0,904,test
scifact,test,0,907,test
scifact,test,0,911,validation
scifact,test,0,913,test
scifact,test,0,914,test
scifact,test,0,921,test
scifact,test,0,922,test
scifact,test,0,936,test
scifact,test,0,956,validation
scifact,test,0,957,validation
scifact,test,0,960,test
scifact,test,0,967,validation
scifact,test,0,971,validation
scifact,test,0,975,validation
scifact,test,0,982,test
scifact,test,0,985,test
scifact,test,0,993,test
scifact,test,0,1012,test
scifact,test,0,1014,validation
scifact,test,0,1019,test
scifact,test,0,1020,test
scifact,test,0,1021,validation
scifact,test,0,1024,test
scifact,test,0,1029,test
scifact,test,0,1041,test
scifact,test,0,1049,test
scifact,test,0,1062,test
scifact,test,0,1086,test
scifact,test,0,1088,test
scifact,test,0,1089,test
scifact,test,0,1099,validation
scifact,test,0,1100,test
scifact,test,0,1104,validation
scifact,test,0,1107,test
scifact,test,0,1110,test
scifact,test,0,1121,test
scifact,test,0,1130,validation
scifact,test,0,1132,test
scifact,test,0,1137,test
scifact,test,0,1140,test
scifact,test,0,1144,test
scifact,test,0,1146,test
scifact,test,0,1150,test
scifact,test,0,1163,test
scifact,test,0,1175,test
scifact,test,0,1179,test
scifact,test,0,1180,test
scifact,test,0,1185,test
scifact,test,0,1187,test
scifact,test,0,1191,test
scifact,test,0,1194,test
scifact,test,0,1196,test
scifact,test,0,1197,test
scifact,test,0,1199,test
scifact,test,0,1200,test
scifact,test,0,1202,test
scifact,test,0,1204,test
scifact,test,0,1207,test
scifact,test,0,1213,validation
scifact,test,0,1216,test
scifact,test,0,1221,test
scifact,test,0,1225,test
scifact,test,0,1226,test
scifact,test,0,1232,test
scifact,test,0,1241,test
scifact,test,0,1245,test
scifact,test,0,1259,test
scifact,test,0,1262,test
scifact,test,0,1266,test
scifact,test,0,1270,validation
scifact,test,0,1271,test
scifact,test,0,1272,test
scifact,test,0,1273,test
scifact,test,0,1274,test
scifact,test,0,1278,test
scifact,test,0,1279,validation
scifact,test,0,1280,test
scifact,test,0,1281,test
scifact,test,0,1282,test
scifact,test,0,1290,test
scifact,test,0,1292,validation
scifact,test,0,1298,test
scifact,test,0,1303,test
scifact,test,0,1316,test
scifact,test,0,1319,test
scifact,test,0,1320,validation
scifact,test,0,1332,test
scifact,test,0,1335,test
scifact,test,0,1336,test
scifact,test,0,1337,validation
scifact,test,0,1339,test
scifact,test,0,1344,test
scifact,test,0,1352,test
scifact,test,0,1359,test
scifact,test,0,1362,validation
scifact,test,0,1363,test
scifact,test,0,1368,test
scifact,test,0,1370,validation
scifact,test,0,1379,test
scifact,test,0,1382,test
scifact,test,0,1385,test
scifact,test,0,1389,test
scifact,test,0,1395,test
scifact,test,1,1,test
scifact,test,1,3,validation
scifact,test,1,5,test
scifact,test,1,13,test
scifact,test,1,36,test
scifact,test,1,42,validation
scifact,test,1,48,validation
scifact,test,1,49,validation
scifact,test,1,50,test
scifact,test,1,51,validation
scifact,test,1,53,validation
scifact,test,1,54,test
scifact,test,1,56,test
scifact,test,1,57,validation
scifact,test,1,70,test
scifact,test,1,72,test
scifact,test,1,75,test
scifact,test,1,94,test
scifact,test,1,99,validation
scifact,test,1,100,test
scifact,test,1,113,test
scifact,test,1,115,validation
scifact,test,1,118,validation
scifact,test,1,124,validation
scifact,test,1,127,validation
scifact,test,1,128,test
scifact,test,1,129,test
scifact,test,1,130,test
scifact,test,1,132,test
scifact,test,1,133,test
scifact,test,1,137,test
scifact,test,1,141,test
scifact,test,1,142,validation
scifact,test,1,143,test
scifact,test,1,146,test
scifact,test,1,148,test
scifact,test,1,163,test
scifact,test,1,171,test
scifact,test,1,179,test
scifact,test,1,180,test
scifact,test,1,183,test
scifact,test,1,185,test
scifact,test,1,198,test
scifact,test,1,208,validation
scifact,test,1,212,test
scifact,test,1,213,test
scifact,test,1,216,test
scifact,test,1,217,test
scifact,test,1,218,test
scifact,test,1,219,test
scifact,test,1,230,test
scifact,test,1,232,validation
scifact,test,1,233,test
scifact,test,1,236,test
scifact,test,1,237,test
scifact,test,1,238,test
scifact,test,1,239,test
scifact,test,1,248,test
scifact,test,1,249,test
scifact,test,1,261,validation
scifact,test,1,268,test
scifact,test,1,269,test
scifact,test,1,274,test
scifact,test,1,275,test
scifact,test,1,279,test
scifact,test,1,294,validation
scifact,test,1,295,test
scifact,test,1,298,test
scifact,test,1,300,test
scifact,test,1,303,test
scifact,test,1,312,test
scifact,test,1,314,test
scifact,test,1,324,test
scifact,test,1,327,test
scifact,test,1,338,test
scifact,test,1,343,test
scifact,test,1,350,test
scifact,test,1,354,test
scifact,test,1,362,validation
scifact,test,1,380,test
scifact,test,1,384,validation
scifact,test,1,385,test
scifact,test,1,386,test
scifact,test,1,388,test
scifact,test,1,399,validation
scifact,test,1,410,test
scifact,test,1,411,test
scifact,test,1,415,validation
scifact,test,1,421,test
scifact,test,1,431,test
scifact,test,1,436,validation
scifact,test,1,437,test
scifact,test,1,439,test
scifact,test,1,440,test
scifact,test,1,443,test
scifact,test,1,452,test
scifact,test,1,475,validation
scifact,test,1,478,test
scifact,test,1,491,test
scifact,test,1,501,validation
scifact,test,1,502,test
scifact,test,1,507,test
scifact,test,1,508,test
scifact,test,1,513,validation
scifact,test,1,514,test
scifact,test,1,516,validation
scifact,test,1,517,test
scifact,test,1,521,test
scifact,test,1,525,test
scifact,test,1,527,test
scifact,test,1,528,validation
scifact,test,1,532,test
scifact,test,1,533,test
scifact,test,1,535,test
scifact,test,1,536,test
scifact,test,1,539,test
scifact,test,1,540,test
scifact,test,1,544,test
scifact,test,1,549,test
scifact,test,1,551,test
scifact,test,1,552,test
scifact,test,1,554,validation
scifact,test,1,560,test
scifact,test,1,569,validation
scifact,test,1,575,test
scifact,test,1,577,test
scifact,test,1,578,test
scifact,test,1,587,validation
scifact,test,1,589,test
scifact,test,1,593,test
scifact,test,1,597,validation
scifact,test,1,598,test
scifact,test,1,613,test
scifact,test,1,619,test
scifact,test,1,623,test
scifact,test,1,628,validation
scifact,test,1,636,test
scifact,test,1,637,test
scifact,test,1,641,validation
scifact,test,1,644,test
scifact,test,1,649,test
scifact,test,1,659,test
scifact,test,1,660,test
scifact,test,1,674,validation
scifact,test,1,684,test
scifact,test,1,690,validation
scifact,test,1,691,test
scifact,test,1,692,test
scifact,test,1,693,validation
scifact,test,1,700,test
scifact,test,1,702,test
scifact,test,1,715,test
scifact,test,1,716,test
scifact,test,1,718,validation
scifact,test,1,721,test
scifact,test,1,723,test
scifact,test,1,727,validation
scifact,test,1,728,test
scifact,test,1,729,test
scifact,test,1,742,validation
scifact,test,1,743,test
scifact,test,1,744,test
scifact,test,1,756,test
scifact,test,1,759,test
scifact,test,1,768,test
scifact,test,1,770,test
scifact,test,1,775,test
scifact,test,1,781,validation
scifact,test,1,783,test
scifact,test,1,784,test
scifact,test,1,785,test
scifact,test,1,793,test
scifact,test,1,800,test
scifact,test,1,805,test
scifact,test,1,808,test
scifact,test,1,811,validation
scifact,test,1,814,test
scifact,test,1,820,test
scifact,test,1,821,test
scifact,test,1,823,test
scifact,test,1,830,test
scifact,test,1,831,test
scifact,test,1,832,test
scifact,test,1,834,validation
scifact,test,1,837,validation
scifact,test,1,839,test
scifact,test,1,845,test
scifact,test,1,847,test
scifact,test,1,852,test
scifact,test,1,859,validation
scifact,test,1,870,test
scifact,test,1,873,test
scifact,test,1,879,validation
scifact,test,1,880,test
scifact,test,1,882,validation
scifact,test,1,887,test
scifact,test,1,903,validation
scifact,test,1,904,test
scifact,test,1,907,validation
scifact,test,1,911,test
scifact,test,1,913,validation
scifact,test,1,914,test
scifact,test,1,921,test
scifact,test,1,922,test
scifact,test,1,936,test
scifact,test,1,956,test
scifact,test,1,957,validation
scifact,test,1,960,test
scifact,test,1,967,test
scifact,test,1,971,test
scifact,test,1,975,test
scifact,test,1,982,test
scifact,test,1,985,test
scifact,test,1,993,test
scifact,test,1,1012,test
scifact,test,1,1014,test
scifact,test,1,1019,test
scifact,test,1,1020,test
scifact,test,1,1021,validation
scifact,test,1,1024,test
scifact,test,1,1029,test
scifact,test,1,1041,validation
scifact,test,1,1049,test
scifact,test,1,1062,test
scifact,test,1,1086,test
scifact,test,1,1088,validation
scifact,test,1,1089,validation
scifact,test,1,1099,test
scifact,test,1,1100,test
scifact,test,1,1104,validation
scifact,test,1,1107,test
scifact,test,1,1110,test
scifact,test,1,1121,test
scifact,test,1,1130,test
scifact,test,1,1132,test
scifact,test,1,1137,test
scifact,test,1,1140,test
scifact,test,1,1144,test
scifact,test,1,1146,test
scifact,test,1,1150,test
scifact,test,1,1163,test
scifact,test,1,1175,test
scifact,test,1,1179,test
scifact,test,1,1180,test
scifact,test,1,1185,test
scifact,test,1,1187,test
scifact,test,1,1191,test
scifact,test,1,1194,test
scifact,test,1,1196,test
scifact,test,1,1197,test
scifact,test,1,1199,test
scifact,test,1,1200,test
scifact,test,1,1202,test
scifact,test,1,1204,test
scifact,test,1,1207,test
scifact,test,1,1213,test
scifact,test,1,1216,test
scifact,test,1,1221,test
scifact,test,1,1225,test
scifact,test,1,1226,test
scifact,test,1,1232,test
scifact,test,1,1241,test
scifact,test,1,1245,test
scifact,test,1,1259,test
scifact,test,1,1262,test
scifact,test,1,1266,test
scifact,test,1,1270,test
scifact,test,1,1271,test
scifact,test,1,1272,test
scifact,test,1,1273,test
scifact,test,1,1274,test
scifact,test,1,1278,test
scifact,test,1,1279,test
scifact,test,1,1280,test
scifact,test,1,1281,validation
scifact,test,1,1282,test
scifact,test,1,1290,test
scifact,test,1,1292,test
scifact,test,1,1298,test
scifact,test,1,1303,test
scifact,test,1,1316,test
scifact,test,1,1319,test
scifact,test,1,1320,test
scifact,test,1,1332,validation
scifact,test,1,1335,validation
scifact,test,1,1336,test
scifact,test,1,1337,validation
scifact,test,1,1339,test
scifact,test,1,1344,test
scifact,test,1,1352,test
scifact,test,1,1359,test
scifact,test,1,1362,test
scifact,test,1,1363,test
scifact,test,1,1368,test
scifact,test,1,1370,test
scifact,test,1,1379,test
scifact,test,1,1382,test
scifact,test,1,1385,validation
scifact,test,1,1389,test
scifact,test,1,1395,test
scifact,test,2,1,test
scifact,test,2,3,test
scifact,test,2,5,test
scifact,test,2,13,test
scifact,test,2,36,test
scifact,test,2,42,validation
scifact,test,2,48,test
scifact,test,2,49,test
scifact,test,2,50,test
scifact,test,2,51,test
scifact,test,2,53,test
scifact,test,2,54,validation
scifact,test,2,56,test
scifact,test,2,57,test
scifact,test,2,70,test
scifact,test,2,72,test
scifact,test,2,75,test
scifact,test,2,94,test
scifact,test,2,99,test
scifact,test,2,100,test
scifact,test,2,113,test
scifact,test,2,115,test
scifact,test,2,118,test
scifact,test,2,124,test
scifact,test,2,127,test
scifact,test,2,128,test
scifact,test,2,129,validation
scifact,test,2,130,test
scifact,test,2,132,test
scifact,test,2,133,test
scifact,test,2,137,test
scifact,test,2,141,validation
scifact,test,2,142,validation
scifact,test,2,143,test
scifact,test,2,146,test
scifact,test,2,148,test
scifact,test,2,163,test
scifact,test,2,171,test
scifact,test,2,179,test
scifact,test,2,180,test
scifact,test,2,183,test
scifact,test,2,185,test
scifact,test,2,198,test
scifact,test,2,208,test
scifact,test,2,212,test
scifact,test,2,213,test
scifact,test,2,216,test
scifact,test,2,217,test
scifact,test,2,218,validation
scifact,test,2,219,test
scifact,test,2,230,test
scifact,test,2,232,test
scifact,test,2,233,validation
scifact,test,2,236,validation
scifact,test,2,237,test
scifact,test,2,238,test
scifact,test,2,239,test
scifact,test,2,248,test
scifact,test,2,249,test
scifact,test,2,261,test
scifact,test,2,268,test
scifact,test,2,269,test
scifact,test,2,274,test
scifact,test,2,275,test
scifact,test,2,279,test
scifact,test,2,294,test
scifact,test,2,295,test
scifact,test,2,298,validation
scifact,test,2,300,test
scifact,test,2,303,test
scifact,test,2,312,test
scifact,test,2,314,validation
scifact,test,2,324,test
scifact,test,2,327,test
scifact,test,2,338,test
scifact,test,2,343,test
scifact,test,2,350,test
scifact,test,2,354,test
scifact,test,2,362,validation
scifact,test,2,380,test
scifact,test,2,384,test
scifact,test,2,385,test
scifact,test,2,386,validation
scifact,test,2,388,test
scifact,test,2,399,test
scifact,test,2,410,test
scifact,test,2,411,validation
scifact,test,2,415,test
scifact,test,2,421,test
scifact,test,2,431,validation
scifact,test,2,436,test
scifact,test,2,437,test
scifact,test,2,439,test
scifact,test,2,440,validation
scifact,test,2,443,test
scifact,test,2,452,test
scifact,test,2,475,test
scifact,test,2,478,test
scifact,test,2,491,validation
scifact,test,2,501,test
scifact,test,2,502,test
scifact,test,2,507,test
scifact,test,2,508,test
scifact,test,2,513,test
scifact,test,2,514,validation
scifact,test,2,516,test
scifact,test,2,517,test
scifact,test,2,521,test
scifact,test,2,525,test
scifact,test,2,527,test
scifact,test,2,528,validation
scifact,test,2,532,test
scifact,test,2,533,test
scifact,test,2,535,validation
scifact,test,2,536,validation
scifact,test,2,539,test
scifact,test,2,540,test
scifact,test,2,544,test
scifact,test,2,549,test
scifact,test,2,551,test
scifact,test,2,552,test
scifact,test,2,554,test
scifact,test,2,560,test
scifact,test,2,569,test
scifact,test,2,575,test
scifact,test,2,577,test
scifact,test,2,578,test
scifact,test,2,587,validation
scifact,test,2,589,test
scifact,test,2,593,test
scifact,test,2,597,validation
scifact,test,2,598,test
scifact,test,2,613,test
scifact,test,2,619,test
scifact,test,2,623,test
scifact,test,2,628,validation
scifact,test,2,636,test
scifact,test,2,637,test
scifact,test,2,641,test
scifact,test,2,644,validation
scifact,test,2,649,validation
scifact,test,2,659,validation
scifact,test,2,660,test
scifact,test,2,674,test
scifact,test,2,684,validation
scifact,test,2,690,test
scifact,test,2,691,test
scifact,test,2,692,test
scifact,test,2,693,validation
scifact,test,2,700,test
scifact,test,2,702,test
scifact,test,2,715,test
scifact,test,2,716,test
scifact,test,2,718,test
scifact,test,2,721,test
scifact,test,2,723,test
scifact,test,2,727,test
scifact,test,2,728,test
scifact,test,2,729,test
scifact,test,2,742,test
scifact,test,2,743,test
scifact,test,2,744,test
scifact,test,2,756,test
scifact,test,2,759,test
scifact,test,2,768,test
scifact,test,2,770,validation
scifact,test,2,775,test
scifact,test,2,781,test
scifact,test,2,783,test
scifact,test,2,784,test
scifact,test,2,785,test
scifact,test,2,793,test
scifact,test,2,800,validation
scifact,test,2,805,validation
scifact,test,2,808,test
scifact,test,2,811,test
scifact,test,2,814,validation
scifact,test,2,820,test
scifact,test,2,821,test
scifact,test,2,823,validation
scifact,test,2,830,test
scifact,test,2,831,test
scifact,test,2,832,validation
scifact,test,2,834,validation
scifact,test,2,837,validation
scifact,test,2,839,test
scifact,test,2,845,test
scifact,test,2,847,test
scifact,test,2,852,test
scifact,test,2,859,test
scifact,test,2,870,test
scifact,test,2,873,test
scifact,test,2,879,test
scifact,test,2,880,test
scifact,test,2,882,test
scifact,test,2,887,test
scifact,test,2,903,validation
scifact,test,2,904,validation
scifact,test,2,907,test
scifact,test,2,911,validation
scifact,test,2,913,test
scifact,test,2,914,test
scifact,test,2,921,test
scifact,test,2,922,test
scifact,test,2,936,validation
scifact,test,2,956,test
scifact,test,2,957,test
scifact,test,2,960,test
scifact,test,2,967,test
scifact,test,2,971,test
scifact,test,2,975,test
scifact,test,2,982,test
scifact,test,2,985,test
scifact,test,2,993,test
scifact,test,2,1012,test
scifact,test,2,1014,test
scifact,test,2,1019,test
scifact,test,2,1020,test
scifact,test,2,1021,test
scifact,test,2,1024,test
scifact,test,2,1029,test
scifact,test,2,1041,test
scifact,test,2,1049,validation
scifact,test,2,1062,validation
scifact,test,2,1086,test
scifact,test,2,1088,validation
scifact,test,2,1089,test
scifact,test,2,1099,test
scifact,test,2,1100,test
scifact,test,2,1104,test
scifact,test,2,1107,test
scifact,test,2,1110,validation
scifact,test,2,1121,test
scifact,test,2,1130,test
scifact,test,2,1132,test
scifact,test,2,1137,test
scifact,test,2,1140,validation
scifact,test,2,1144,test
scifact,test,2,1146,validation
scifact,test,2,1150,test
scifact,test,2,1163,test
scifact,test,2,1175,test
scifact,test,2,1179,test
scifact,test,2,1180,test
scifact,test,2,1185,test
scifact,test,2,1187,test
scifact,test,2,1191,test
scifact,test,2,1194,test
scifact,test,2,1196,validation
scifact,test,2,1197,test
scifact,test,2,1199,test
scifact,test,2,1200,test
scifact,test,2,1202,validation
scifact,test,2,1204,validation
scifact,test,2,1207,test
scifact,test,2,1213,validation
scifact,test,2,1216,test
scifact,test,2,1221,test
scifact,test,2,1225,validation
scifact,test,2,1226,validation
scifact,test,2,1232,test
scifact,test,2,1241,test
scifact,test,2,1245,test
scifact,test,2,1259,test
scifact,test,2,1262,test
scifact,test,2,1266,test
scifact,test,2,1270,validation
scifact,test,2,1271,test
scifact,test,2,1272,test
scifact,test,2,1273,validation
scifact,test,2,1274,test
scifact,test,2,1278,test
scifact,test,2,1279,test
scifact,test,2,1280,test
scifact,test,2,1281,validation
scifact,test,2,1282,test
scifact,test,2,1290,test
scifact,test,2,1292,test
scifact,test,2,1298,test
scifact,test,2,1303,test
scifact,test,2,1316,validation
scifact,test,2,1319,test
scifact,test,2,1320,test
scifact,test,2,1332,validation
scifact,test,2,1335,test
scifact,test,2,1336,test
scifact,test,2,1337,test
scifact,test,2,1339,test
scifact,test,2,1344,validation
scifact,test,2,1352,test
scifact,test,2,1359,test
scifact,test,2,1362,test
scifact,test,2,1363,validation
scifact,test,2,1368,validation
scifact,test,2,1370,test
scifact,test,2,1379,test
scifact,test,2,1382,test
scifact,test,2,1385,test
scifact,test,2,1389,test
scifact,test,2,1395,test
