Method,Recall@k,NDCG@k,MRR,alpha-NDCG@k,S-Recall@k,APD,Vendi,Latency (ms),EM,F1,RunParams
CE-topk,0.9064,0.9031,0.9959,0.9031,0.9064,0.5608,3.5559,0.0247,0.3126,0.3788,"{""alpha_grid"": [-1.0, -0.95, -0.9, -0.85, -0.8, -0.75, -0.7, -0.65, -0.6, -0.55, -0.5, -0.45, -0.4, -0.35, -0.3, -0.25, -0.2, -0.15, -0.1, -0.05, 0.0, 0.05, 0.1, 0.15, 0.2, 0.25, 0.3, 0.35, 0.4, 0.45, 0.5, 0.55, 0.6, 0.65, 0.7, 0.75, 0.8, 0.85, 0.9, 0.95, 1.0, 1.05, 1.1, 1.15, 1.2, 1.25], ""alpha_json"": null, ""alpha_max"": 1.0, ""alpha_min"": -1.0, ""alpha_step"": 0.25, ""beta_grid"": [0, 0.1, 0.3, 0.5, 0.7, 0.9, 1.0], ""ce_model"": ""BAAI/bge-reranker-v2-m3"", ""coarse_to_fine"": true, ""dataset"": ""2wikimultihopqa"", ""dead_zone_min"": -1.0, ""device"": ""cuda"", ""encoder_model"": ""BAAI/bge-m3"", ""fine_step"": null, ""generator_model"": ""google/flan-t5-base"", ""max_new_tokens"": 64, ""max_samples"": null, ""metric"": ""cosine"", ""mmr_lambdas"": [0.3, 0.5, 0.7], ""num_beams"": 4, ""objective"": [""apd"", ""f1"", ""ndcg""], ""run_generation"": true, ""script"": ""evaluate_cross_encoder.py"", ""split"": ""validation"", ""top_k"": 5, ""top_m"": 100}"
CE-MMR(λ=0.3),0.6522,0.7057,0.9934,0.7057,0.6524,0.6514,4.0426,0.1096,0.2344,0.2776,"{""alpha_grid"": [-1.0, -0.95, -0.9, -0.85, -0.8, -0.75, -0.7, -0.65, -0.6, -0.55, -0.5, -0.45, -0.4, -0.35, -0.3, -0.25, -0.2, -0.15, -0.1, -0.05, 0.0, 0.05, 0.1, 0.15, 0.2, 0.25, 0.3, 0.35, 0.4, 0.45, 0.5, 0.55, 0.6, 0.65, 0.7, 0.75, 0.8, 0.85, 0.9, 0.95, 1.0, 1.05, 1.1, 1.15, 1.2, 1.25], ""alpha_json"": null, ""alpha_max"": 1.0, ""alpha_min"": -1.0, ""alpha_step"": 0.25, ""beta_grid"": [0, 0.1, 0.3, 0.5, 0.7, 0.9, 1.0], ""ce_model"": ""BAAI/bge-reranker-v2-m3"", ""coarse_to_fine"": true, ""dataset"": ""2wikimultihopqa"", ""dead_zone_min"": -1.0, ""device"": ""cuda"", ""encoder_model"": ""BAAI/bge-m3"", ""fine_step"": null, ""generator_model"": ""google/flan-t5-base"", ""max_new_tokens"": 64, ""max_samples"": null, ""metric"": ""cosine"", ""mmr_lambdas"": [0.3, 0.5, 0.7], ""num_beams"": 4, ""objective"": [""apd"", ""f1"", ""ndcg""], ""run_generation"": true, ""script"": ""evaluate_cross_encoder.py"", ""split"": ""validation"", ""top_k"": 5, ""top_m"": 100}"
CE-MMR(λ=0.5),0.6742,0.7346,0.9939,0.7346,0.6742,0.6475,4.0187,0.0892,0.2399,0.2834,"{""alpha_grid"": [-1.0, -0.95, -0.9, -0.85, -0.8, -0.75, -0.7, -0.65, -0.6, -0.55, -0.5, -0.45, -0.4, -0.35, -0.3, -0.25, -0.2, -0.15, -0.1, -0.05, 0.0, 0.05, 0.1, 0.15, 0.2, 0.25, 0.3, 0.35, 0.4, 0.45, 0.5, 0.55, 0.6, 0.65, 0.7, 0.75, 0.8, 0.85, 0.9, 0.95, 1.0, 1.05, 1.1, 1.15, 1.2, 1.25], ""alpha_json"": null, ""alpha_max"": 1.0, ""alpha_min"": -1.0, ""alpha_step"": 0.25, ""beta_grid"": [0, 0.1, 0.3, 0.5, 0.7, 0.9, 1.0], ""ce_model"": ""BAAI/bge-reranker-v2-m3"", ""coarse_to_fine"": true, ""dataset"": ""2wikimultihopqa"", ""dead_zone_min"": -1.0, ""device"": ""cuda"", ""encoder_model"": ""BAAI/bge-m3"", ""fine_step"": null, ""generator_model"": ""google/flan-t5-base"", ""max_new_tokens"": 64, ""max_samples"": null, ""metric"": ""cosine"", ""mmr_lambdas"": [0.3, 0.5, 0.7], ""num_beams"": 4, ""objective"": [""apd"", ""f1"", ""ndcg""], ""run_generation"": true, ""script"": ""evaluate_cross_encoder.py"", ""split"": ""validation"", ""top_k"": 5, ""top_m"": 100}"
CE-MMR(λ=0.7),0.7099,0.7633,0.9952,0.7633,0.7099,0.6368,3.9442,0.0873,0.2498,0.2961,"{""alpha_grid"": [-1.0, -0.95, -0.9, -0.85, -0.8, -0.75, -0.7, -0.65, -0.6, -0.55, -0.5, -0.45, -0.4, -0.35, -0.3, -0.25, -0.2, -0.15, -0.1, -0.05, 0.0, 0.05, 0.1, 0.15, 0.2, 0.25, 0.3, 0.35, 0.4, 0.45, 0.5, 0.55, 0.6, 0.65, 0.7, 0.75, 0.8, 0.85, 0.9, 0.95, 1.0, 1.05, 1.1, 1.15, 1.2, 1.25], ""alpha_json"": null, ""alpha_max"": 1.0, ""alpha_min"": -1.0, ""alpha_step"": 0.25, ""beta_grid"": [0, 0.1, 0.3, 0.5, 0.7, 0.9, 1.0], ""ce_model"": ""BAAI/bge-reranker-v2-m3"", ""coarse_to_fine"": true, ""dataset"": ""2wikimultihopqa"", ""dead_zone_min"": -1.0, ""device"": ""cuda"", ""encoder_model"": ""BAAI/bge-m3"", ""fine_step"": null, ""generator_model"": ""google/flan-t5-base"", ""max_new_tokens"": 64, ""max_samples"": null, ""metric"": ""cosine"", ""mmr_lambdas"": [0.3, 0.5, 0.7], ""num_beams"": 4, ""objective"": [""apd"", ""f1"", ""ndcg""], ""run_generation"": true, ""script"": ""evaluate_cross_encoder.py"", ""split"": ""validation"", ""top_k"": 5, ""top_m"": 100}"
CE-DPP,0.7119,0.7649,0.9948,0.7649,0.7119,0.6455,3.9863,0.0914,0.2517,0.2992,"{""alpha_grid"": [-1.0, -0.95, -0.9, -0.85, -0.8, -0.75, -0.7, -0.65, -0.6, -0.55, -0.5, -0.45, -0.4, -0.35, -0.3, -0.25, -0.2, -0.15, -0.1, -0.05, 0.0, 0.05, 0.1, 0.15, 0.2, 0.25, 0.3, 0.35, 0.4, 0.45, 0.5, 0.55, 0.6, 0.65, 0.7, 0.75, 0.8, 0.85, 0.9, 0.95, 1.0, 1.05, 1.1, 1.15, 1.2, 1.25], ""alpha_json"": null, ""alpha_max"": 1.0, ""alpha_min"": -1.0, ""alpha_step"": 0.25, ""beta_grid"": [0, 0.1, 0.3, 0.5, 0.7, 0.9, 1.0], ""ce_model"": ""BAAI/bge-reranker-v2-m3"", ""coarse_to_fine"": true, ""dataset"": ""2wikimultihopqa"", ""dead_zone_min"": -1.0, ""device"": ""cuda"", ""encoder_model"": ""BAAI/bge-m3"", ""fine_step"": null, ""generator_model"": ""google/flan-t5-base"", ""max_new_tokens"": 64, ""max_samples"": null, ""metric"": ""cosine"", ""mmr_lambdas"": [0.3, 0.5, 0.7], ""num_beams"": 4, ""objective"": [""apd"", ""f1"", ""ndcg""], ""run_generation"": true, ""script"": ""evaluate_cross_encoder.py"", ""split"": ""validation"", ""top_k"": 5, ""top_m"": 100}"
"S1-V1-Blend(α*=-0.05,β*=1) [apd]",0.8494,0.8530,0.9894,0.8530,0.8494,0.5792,3.6621,0.0270,0.2993,0.3622,"{""alpha_grid"": [-1.0, -0.95, -0.9, -0.85, -0.8, -0.75, -0.7, -0.65, -0.6, -0.55, -0.5, -0.45, -0.4, -0.35, -0.3, -0.25, -0.2, -0.15, -0.1, -0.05, 0.0, 0.05, 0.1, 0.15, 0.2, 0.25, 0.3, 0.35, 0.4, 0.45, 0.5, 0.55, 0.6, 0.65, 0.7, 0.75, 0.8, 0.85, 0.9, 0.95, 1.0, 1.05, 1.1, 1.15, 1.2, 1.25], ""alpha_json"": null, ""alpha_max"": 1.0, ""alpha_min"": -1.0, ""alpha_step"": 0.25, ""beta_grid"": [0, 0.1, 0.3, 0.5, 0.7, 0.9, 1.0], ""ce_model"": ""BAAI/bge-reranker-v2-m3"", ""coarse_to_fine"": true, ""dataset"": ""2wikimultihopqa"", ""dead_zone_min"": -1.0, ""device"": ""cuda"", ""encoder_model"": ""BAAI/bge-m3"", ""fine_step"": null, ""generator_model"": ""google/flan-t5-base"", ""max_new_tokens"": 64, ""max_samples"": null, ""metric"": ""cosine"", ""mmr_lambdas"": [0.3, 0.5, 0.7], ""num_beams"": 4, ""objective"": [""apd"", ""f1"", ""ndcg""], ""run_generation"": true, ""script"": ""evaluate_cross_encoder.py"", ""split"": ""validation"", ""top_k"": 5, ""top_m"": 100}"
"S1-V2-Blend(α*=-0.05,β*=1) [apd]",0.8494,0.8530,0.9894,0.8530,0.8494,0.5792,3.6621,0.0253,0.2993,0.3622,"{""alpha_grid"": [-1.0, -0.95, -0.9, -0.85, -0.8, -0.75, -0.7, -0.65, -0.6, -0.55, -0.5, -0.45, -0.4, -0.35, -0.3, -0.25, -0.2, -0.15, -0.1, -0.05, 0.0, 0.05, 0.1, 0.15, 0.2, 0.25, 0.3, 0.35, 0.4, 0.45, 0.5, 0.55, 0.6, 0.65, 0.7, 0.75, 0.8, 0.85, 0.9, 0.95, 1.0, 1.05, 1.1, 1.15, 1.2, 1.25], ""alpha_json"": null, ""alpha_max"": 1.0, ""alpha_min"": -1.0, ""alpha_step"": 0.25, ""beta_grid"": [0, 0.1, 0.3, 0.5, 0.7, 0.9, 1.0], ""ce_model"": ""BAAI/bge-reranker-v2-m3"", ""coarse_to_fine"": true, ""dataset"": ""2wikimultihopqa"", ""dead_zone_min"": -1.0, ""device"": ""cuda"", ""encoder_model"": ""BAAI/bge-m3"", ""fine_step"": null, ""generator_model"": ""google/flan-t5-base"", ""max_new_tokens"": 64, ""max_samples"": null, ""metric"": ""cosine"", ""mmr_lambdas"": [0.3, 0.5, 0.7], ""num_beams"": 4, ""objective"": [""apd"", ""f1"", ""ndcg""], ""run_generation"": true, ""script"": ""evaluate_cross_encoder.py"", ""split"": ""validation"", ""top_k"": 5, ""top_m"": 100}"
S2-V1(α*=0.3) [apd],0.7351,0.7803,0.9950,0.7803,0.7352,0.6293,3.9079,0.0264,0.2563,0.3053,"{""alpha_grid"": [-1.0, -0.95, -0.9, -0.85, -0.8, -0.75, -0.7, -0.65, -0.6, -0.55, -0.5, -0.45, -0.4, -0.35, -0.3, -0.25, -0.2, -0.15, -0.1, -0.05, 0.0, 0.05, 0.1, 0.15, 0.2, 0.25, 0.3, 0.35, 0.4, 0.45, 0.5, 0.55, 0.6, 0.65, 0.7, 0.75, 0.8, 0.85, 0.9, 0.95, 1.0, 1.05, 1.1, 1.15, 1.2, 1.25], ""alpha_json"": null, ""alpha_max"": 1.0, ""alpha_min"": -1.0, ""alpha_step"": 0.25, ""beta_grid"": [0, 0.1, 0.3, 0.5, 0.7, 0.9, 1.0], ""ce_model"": ""BAAI/bge-reranker-v2-m3"", ""coarse_to_fine"": true, ""dataset"": ""2wikimultihopqa"", ""dead_zone_min"": -1.0, ""device"": ""cuda"", ""encoder_model"": ""BAAI/bge-m3"", ""fine_step"": null, ""generator_model"": ""google/flan-t5-base"", ""max_new_tokens"": 64, ""max_samples"": null, ""metric"": ""cosine"", ""mmr_lambdas"": [0.3, 0.5, 0.7], ""num_beams"": 4, ""objective"": [""apd"", ""f1"", ""ndcg""], ""run_generation"": true, ""script"": ""evaluate_cross_encoder.py"", ""split"": ""validation"", ""top_k"": 5, ""top_m"": 100}"
S2-V2(α*=0.85) [apd],0.7270,0.7729,0.9946,0.7729,0.7271,0.6327,3.9316,0.0285,0.2544,0.3032,"{""alpha_grid"": [-1.0, -0.95, -0.9, -0.85, -0.8, -0.75, -0.7, -0.65, -0.6, -0.55, -0.5, -0.45, -0.4, -0.35, -0.3, -0.25, -0.2, -0.15, -0.1, -0.05, 0.0, 0.05, 0.1, 0.15, 0.2, 0.25, 0.3, 0.35, 0.4, 0.45, 0.5, 0.55, 0.6, 0.65, 0.7, 0.75, 0.8, 0.85, 0.9, 0.95, 1.0, 1.05, 1.1, 1.15, 1.2, 1.25], ""alpha_json"": null, ""alpha_max"": 1.0, ""alpha_min"": -1.0, ""alpha_step"": 0.25, ""beta_grid"": [0, 0.1, 0.3, 0.5, 0.7, 0.9, 1.0], ""ce_model"": ""BAAI/bge-reranker-v2-m3"", ""coarse_to_fine"": true, ""dataset"": ""2wikimultihopqa"", ""dead_zone_min"": -1.0, ""device"": ""cuda"", ""encoder_model"": ""BAAI/bge-m3"", ""fine_step"": null, ""generator_model"": ""google/flan-t5-base"", ""max_new_tokens"": 64, ""max_samples"": null, ""metric"": ""cosine"", ""mmr_lambdas"": [0.3, 0.5, 0.7], ""num_beams"": 4, ""objective"": [""apd"", ""f1"", ""ndcg""], ""run_generation"": true, ""script"": ""evaluate_cross_encoder.py"", ""split"": ""validation"", ""top_k"": 5, ""top_m"": 100}"
S2-V3(α*=-0.05) [apd],0.7596,0.7981,0.9957,0.7981,0.7596,0.6152,3.8312,0.0308,0.2681,0.3221,"{""alpha_grid"": [-1.0, -0.95, -0.9, -0.85, -0.8, -0.75, -0.7, -0.65, -0.6, -0.55, -0.5, -0.45, -0.4, -0.35, -0.3, -0.25, -0.2, -0.15, -0.1, -0.05, 0.0, 0.05, 0.1, 0.15, 0.2, 0.25, 0.3, 0.35, 0.4, 0.45, 0.5, 0.55, 0.6, 0.65, 0.7, 0.75, 0.8, 0.85, 0.9, 0.95, 1.0, 1.05, 1.1, 1.15, 1.2, 1.25], ""alpha_json"": null, ""alpha_max"": 1.0, ""alpha_min"": -1.0, ""alpha_step"": 0.25, ""beta_grid"": [0, 0.1, 0.3, 0.5, 0.7, 0.9, 1.0], ""ce_model"": ""BAAI/bge-reranker-v2-m3"", ""coarse_to_fine"": true, ""dataset"": ""2wikimultihopqa"", ""dead_zone_min"": -1.0, ""device"": ""cuda"", ""encoder_model"": ""BAAI/bge-m3"", ""fine_step"": null, ""generator_model"": ""google/flan-t5-base"", ""max_new_tokens"": 64, ""max_samples"": null, ""metric"": ""cosine"", ""mmr_lambdas"": [0.3, 0.5, 0.7], ""num_beams"": 4, ""objective"": [""apd"", ""f1"", ""ndcg""], ""run_generation"": true, ""script"": ""evaluate_cross_encoder.py"", ""split"": ""validation"", ""top_k"": 5, ""top_m"": 100}"
S2-V4(α*=0.25) [apd],0.7407,0.7862,0.9954,0.7862,0.7408,0.6239,3.8787,0.0270,0.2606,0.3109,"{""alpha_grid"": [-1.0, -0.95, -0.9, -0.85, -0.8, -0.75, -0.7, -0.65, -0.6, -0.55, -0.5, -0.45, -0.4, -0.35, -0.3, -0.25, -0.2, -0.15, -0.1, -0.05, 0.0, 0.05, 0.1, 0.15, 0.2, 0.25, 0.3, 0.35, 0.4, 0.45, 0.5, 0.55, 0.6, 0.65, 0.7, 0.75, 0.8, 0.85, 0.9, 0.95, 1.0, 1.05, 1.1, 1.15, 1.2, 1.25], ""alpha_json"": null, ""alpha_max"": 1.0, ""alpha_min"": -1.0, ""alpha_step"": 0.25, ""beta_grid"": [0, 0.1, 0.3, 0.5, 0.7, 0.9, 1.0], ""ce_model"": ""BAAI/bge-reranker-v2-m3"", ""coarse_to_fine"": true, ""dataset"": ""2wikimultihopqa"", ""dead_zone_min"": -1.0, ""device"": ""cuda"", ""encoder_model"": ""BAAI/bge-m3"", ""fine_step"": null, ""generator_model"": ""google/flan-t5-base"", ""max_new_tokens"": 64, ""max_samples"": null, ""metric"": ""cosine"", ""mmr_lambdas"": [0.3, 0.5, 0.7], ""num_beams"": 4, ""objective"": [""apd"", ""f1"", ""ndcg""], ""run_generation"": true, ""script"": ""evaluate_cross_encoder.py"", ""split"": ""validation"", ""top_k"": 5, ""top_m"": 100}"
S2-V5(α*=0.1) [apd],0.7407,0.7856,0.9954,0.7856,0.7407,0.6235,3.8752,0.0261,0.2591,0.3094,"{""alpha_grid"": [-1.0, -0.95, -0.9, -0.85, -0.8, -0.75, -0.7, -0.65, -0.6, -0.55, -0.5, -0.45, -0.4, -0.35, -0.3, -0.25, -0.2, -0.15, -0.1, -0.05, 0.0, 0.05, 0.1, 0.15, 0.2, 0.25, 0.3, 0.35, 0.4, 0.45, 0.5, 0.55, 0.6, 0.65, 0.7, 0.75, 0.8, 0.85, 0.9, 0.95, 1.0, 1.05, 1.1, 1.15, 1.2, 1.25], ""alpha_json"": null, ""alpha_max"": 1.0, ""alpha_min"": -1.0, ""alpha_step"": 0.25, ""beta_grid"": [0, 0.1, 0.3, 0.5, 0.7, 0.9, 1.0], ""ce_model"": ""BAAI/bge-reranker-v2-m3"", ""coarse_to_fine"": true, ""dataset"": ""2wikimultihopqa"", ""dead_zone_min"": -1.0, ""device"": ""cuda"", ""encoder_model"": ""BAAI/bge-m3"", ""fine_step"": null, ""generator_model"": ""google/flan-t5-base"", ""max_new_tokens"": 64, ""max_samples"": null, ""metric"": ""cosine"", ""mmr_lambdas"": [0.3, 0.5, 0.7], ""num_beams"": 4, ""objective"": [""apd"", ""f1"", ""ndcg""], ""run_generation"": true, ""script"": ""evaluate_cross_encoder.py"", ""split"": ""validation"", ""top_k"": 5, ""top_m"": 100}"
"S1-V1-Blend(α*=1.25,β*=0.3) [f1]",0.9099,0.9008,0.9899,0.9008,0.9099,0.5570,3.5409,0.0266,0.3128,0.3799,"{""alpha_grid"": [-1.0, -0.95, -0.9, -0.85, -0.8, -0.75, -0.7, -0.65, -0.6, -0.55, -0.5, -0.45, -0.4, -0.35, -0.3, -0.25, -0.2, -0.15, -0.1, -0.05, 0.0, 0.05, 0.1, 0.15, 0.2, 0.25, 0.3, 0.35, 0.4, 0.45, 0.5, 0.55, 0.6, 0.65, 0.7, 0.75, 0.8, 0.85, 0.9, 0.95, 1.0, 1.05, 1.1, 1.15, 1.2, 1.25], ""alpha_json"": null, ""alpha_max"": 1.0, ""alpha_min"": -1.0, ""alpha_step"": 0.25, ""beta_grid"": [0, 0.1, 0.3, 0.5, 0.7, 0.9, 1.0], ""ce_model"": ""BAAI/bge-reranker-v2-m3"", ""coarse_to_fine"": true, ""dataset"": ""2wikimultihopqa"", ""dead_zone_min"": -1.0, ""device"": ""cuda"", ""encoder_model"": ""BAAI/bge-m3"", ""fine_step"": null, ""generator_model"": ""google/flan-t5-base"", ""max_new_tokens"": 64, ""max_samples"": null, ""metric"": ""cosine"", ""mmr_lambdas"": [0.3, 0.5, 0.7], ""num_beams"": 4, ""objective"": [""apd"", ""f1"", ""ndcg""], ""run_generation"": true, ""script"": ""evaluate_cross_encoder.py"", ""split"": ""validation"", ""top_k"": 5, ""top_m"": 100}"
"S1-V2-Blend(α*=0.3,β*=0.1) [f1]",0.8975,0.8943,0.9936,0.8943,0.8975,0.5509,3.5177,0.0253,0.3125,0.3788,"{""alpha_grid"": [-1.0, -0.95, -0.9, -0.85, -0.8, -0.75, -0.7, -0.65, -0.6, -0.55, -0.5, -0.45, -0.4, -0.35, -0.3, -0.25, -0.2, -0.15, -0.1, -0.05, 0.0, 0.05, 0.1, 0.15, 0.2, 0.25, 0.3, 0.35, 0.4, 0.45, 0.5, 0.55, 0.6, 0.65, 0.7, 0.75, 0.8, 0.85, 0.9, 0.95, 1.0, 1.05, 1.1, 1.15, 1.2, 1.25], ""alpha_json"": null, ""alpha_max"": 1.0, ""alpha_min"": -1.0, ""alpha_step"": 0.25, ""beta_grid"": [0, 0.1, 0.3, 0.5, 0.7, 0.9, 1.0], ""ce_model"": ""BAAI/bge-reranker-v2-m3"", ""coarse_to_fine"": true, ""dataset"": ""2wikimultihopqa"", ""dead_zone_min"": -1.0, ""device"": ""cuda"", ""encoder_model"": ""BAAI/bge-m3"", ""fine_step"": null, ""generator_model"": ""google/flan-t5-base"", ""max_new_tokens"": 64, ""max_samples"": null, ""metric"": ""cosine"", ""mmr_lambdas"": [0.3, 0.5, 0.7], ""num_beams"": 4, ""objective"": [""apd"", ""f1"", ""ndcg""], ""run_generation"": true, ""script"": ""evaluate_cross_encoder.py"", ""split"": ""validation"", ""top_k"": 5, ""top_m"": 100}"
S2-V1(α*=-0.25) [f1],0.9061,0.9028,0.9959,0.9029,0.9061,0.5618,3.5626,0.0265,0.3124,0.3785,"{""alpha_grid"": [-1.0, -0.95, -0.9, -0.85, -0.8, -0.75, -0.7, -0.65, -0.6, -0.55, -0.5, -0.45, -0.4, -0.35, -0.3, -0.25, -0.2, -0.15, -0.1, -0.05, 0.0, 0.05, 0.1, 0.15, 0.2, 0.25, 0.3, 0.35, 0.4, 0.45, 0.5, 0.55, 0.6, 0.65, 0.7, 0.75, 0.8, 0.85, 0.9, 0.95, 1.0, 1.05, 1.1, 1.15, 1.2, 1.25], ""alpha_json"": null, ""alpha_max"": 1.0, ""alpha_min"": -1.0, ""alpha_step"": 0.25, ""beta_grid"": [0, 0.1, 0.3, 0.5, 0.7, 0.9, 1.0], ""ce_model"": ""BAAI/bge-reranker-v2-m3"", ""coarse_to_fine"": true, ""dataset"": ""2wikimultihopqa"", ""dead_zone_min"": -1.0, ""device"": ""cuda"", ""encoder_model"": ""BAAI/bge-m3"", ""fine_step"": null, ""generator_model"": ""google/flan-t5-base"", ""max_new_tokens"": 64, ""max_samples"": null, ""metric"": ""cosine"", ""mmr_lambdas"": [0.3, 0.5, 0.7], ""num_beams"": 4, ""objective"": [""apd"", ""f1"", ""ndcg""], ""run_generation"": true, ""script"": ""evaluate_cross_encoder.py"", ""split"": ""validation"", ""top_k"": 5, ""top_m"": 100}"
S2-V2(α*=-0.3) [f1],0.9064,0.9031,0.9959,0.9031,0.9064,0.5608,3.5562,0.0286,0.3126,0.3788,"{""alpha_grid"": [-1.0, -0.95, -0.9, -0.85, -0.8, -0.75, -0.7, -0.65, -0.6, -0.55, -0.5, -0.45, -0.4, -0.35, -0.3, -0.25, -0.2, -0.15, -0.1, -0.05, 0.0, 0.05, 0.1, 0.15, 0.2, 0.25, 0.3, 0.35, 0.4, 0.45, 0.5, 0.55, 0.6, 0.65, 0.7, 0.75, 0.8, 0.85, 0.9, 0.95, 1.0, 1.05, 1.1, 1.15, 1.2, 1.25], ""alpha_json"": null, ""alpha_max"": 1.0, ""alpha_min"": -1.0, ""alpha_step"": 0.25, ""beta_grid"": [0, 0.1, 0.3, 0.5, 0.7, 0.9, 1.0], ""ce_model"": ""BAAI/bge-reranker-v2-m3"", ""coarse_to_fine"": true, ""dataset"": ""2wikimultihopqa"", ""dead_zone_min"": -1.0, ""device"": ""cuda"", ""encoder_model"": ""BAAI/bge-m3"", ""fine_step"": null, ""generator_model"": ""google/flan-t5-base"", ""max_new_tokens"": 64, ""max_samples"": null, ""metric"": ""cosine"", ""mmr_lambdas"": [0.3, 0.5, 0.7], ""num_beams"": 4, ""objective"": [""apd"", ""f1"", ""ndcg""], ""run_generation"": true, ""script"": ""evaluate_cross_encoder.py"", ""split"": ""validation"", ""top_k"": 5, ""top_m"": 100}"
S2-V3(α*=-0.3) [f1],0.9044,0.9018,0.9959,0.9018,0.9044,0.5632,3.5711,0.0306,0.3114,0.3776,"{""alpha_grid"": [-1.0, -0.95, -0.9, -0.85, -0.8, -0.75, -0.7, -0.65, -0.6, -0.55, -0.5, -0.45, -0.4, -0.35, -0.3, -0.25, -0.2, -0.15, -0.1, -0.05, 0.0, 0.05, 0.1, 0.15, 0.2, 0.25, 0.3, 0.35, 0.4, 0.45, 0.5, 0.55, 0.6, 0.65, 0.7, 0.75, 0.8, 0.85, 0.9, 0.95, 1.0, 1.05, 1.1, 1.15, 1.2, 1.25], ""alpha_json"": null, ""alpha_max"": 1.0, ""alpha_min"": -1.0, ""alpha_step"": 0.25, ""beta_grid"": [0, 0.1, 0.3, 0.5, 0.7, 0.9, 1.0], ""ce_model"": ""BAAI/bge-reranker-v2-m3"", ""coarse_to_fine"": true, ""dataset"": ""2wikimultihopqa"", ""dead_zone_min"": -1.0, ""device"": ""cuda"", ""encoder_model"": ""BAAI/bge-m3"", ""fine_step"": null, ""generator_model"": ""google/flan-t5-base"", ""max_new_tokens"": 64, ""max_samples"": null, ""metric"": ""cosine"", ""mmr_lambdas"": [0.3, 0.5, 0.7], ""num_beams"": 4, ""objective"": [""apd"", ""f1"", ""ndcg""], ""run_generation"": true, ""script"": ""evaluate_cross_encoder.py"", ""split"": ""validation"", ""top_k"": 5, ""top_m"": 100}"
S2-V4(α*=1.25) [f1],0.9056,0.9026,0.9959,0.9027,0.9056,0.5619,3.5600,0.0269,0.3126,0.3787,"{""alpha_grid"": [-1.0, -0.95, -0.9, -0.85, -0.8, -0.75, -0.7, -0.65, -0.6, -0.55, -0.5, -0.45, -0.4, -0.35, -0.3, -0.25, -0.2, -0.15, -0.1, -0.05, 0.0, 0.05, 0.1, 0.15, 0.2, 0.25, 0.3, 0.35, 0.4, 0.45, 0.5, 0.55, 0.6, 0.65, 0.7, 0.75, 0.8, 0.85, 0.9, 0.95, 1.0, 1.05, 1.1, 1.15, 1.2, 1.25], ""alpha_json"": null, ""alpha_max"": 1.0, ""alpha_min"": -1.0, ""alpha_step"": 0.25, ""beta_grid"": [0, 0.1, 0.3, 0.5, 0.7, 0.9, 1.0], ""ce_model"": ""BAAI/bge-reranker-v2-m3"", ""coarse_to_fine"": true, ""dataset"": ""2wikimultihopqa"", ""dead_zone_min"": -1.0, ""device"": ""cuda"", ""encoder_model"": ""BAAI/bge-m3"", ""fine_step"": null, ""generator_model"": ""google/flan-t5-base"", ""max_new_tokens"": 64, ""max_samples"": null, ""metric"": ""cosine"", ""mmr_lambdas"": [0.3, 0.5, 0.7], ""num_beams"": 4, ""objective"": [""apd"", ""f1"", ""ndcg""], ""run_generation"": true, ""script"": ""evaluate_cross_encoder.py"", ""split"": ""validation"", ""top_k"": 5, ""top_m"": 100}"
S2-V5(α*=-0.3) [f1],0.9056,0.9026,0.9959,0.9026,0.9056,0.5623,3.5648,0.0261,0.3122,0.3784,"{""alpha_grid"": [-1.0, -0.95, -0.9, -0.85, -0.8, -0.75, -0.7, -0.65, -0.6, -0.55, -0.5, -0.45, -0.4, -0.35, -0.3, -0.25, -0.2, -0.15, -0.1, -0.05, 0.0, 0.05, 0.1, 0.15, 0.2, 0.25, 0.3, 0.35, 0.4, 0.45, 0.5, 0.55, 0.6, 0.65, 0.7, 0.75, 0.8, 0.85, 0.9, 0.95, 1.0, 1.05, 1.1, 1.15, 1.2, 1.25], ""alpha_json"": null, ""alpha_max"": 1.0, ""alpha_min"": -1.0, ""alpha_step"": 0.25, ""beta_grid"": [0, 0.1, 0.3, 0.5, 0.7, 0.9, 1.0], ""ce_model"": ""BAAI/bge-reranker-v2-m3"", ""coarse_to_fine"": true, ""dataset"": ""2wikimultihopqa"", ""dead_zone_min"": -1.0, ""device"": ""cuda"", ""encoder_model"": ""BAAI/bge-m3"", ""fine_step"": null, ""generator_model"": ""google/flan-t5-base"", ""max_new_tokens"": 64, ""max_samples"": null, ""metric"": ""cosine"", ""mmr_lambdas"": [0.3, 0.5, 0.7], ""num_beams"": 4, ""objective"": [""apd"", ""f1"", ""ndcg""], ""run_generation"": true, ""script"": ""evaluate_cross_encoder.py"", ""split"": ""validation"", ""top_k"": 5, ""top_m"": 100}"
"S1-V1-Blend(α*=-0.35,β*=0.1) [ndcg]",0.9044,0.9020,0.9954,0.9020,0.9045,0.5478,3.5071,0.0292,0.3181,0.3860,"{""alpha_grid"": [-1.0, -0.95, -0.9, -0.85, -0.8, -0.75, -0.7, -0.65, -0.6, -0.55, -0.5, -0.45, -0.4, -0.35, -0.3, -0.25, -0.2, -0.15, -0.1, -0.05, 0.0, 0.05, 0.1, 0.15, 0.2, 0.25, 0.3, 0.35, 0.4, 0.45, 0.5, 0.55, 0.6, 0.65, 0.7, 0.75, 0.8, 0.85, 0.9, 0.95, 1.0, 1.05, 1.1, 1.15, 1.2, 1.25], ""alpha_json"": null, ""alpha_max"": 1.0, ""alpha_min"": -1.0, ""alpha_step"": 0.25, ""beta_grid"": [0, 0.1, 0.3, 0.5, 0.7, 0.9, 1.0], ""ce_model"": ""BAAI/bge-reranker-v2-m3"", ""coarse_to_fine"": true, ""dataset"": ""2wikimultihopqa"", ""dead_zone_min"": -1.0, ""device"": ""cuda"", ""encoder_model"": ""BAAI/bge-m3"", ""fine_step"": null, ""generator_model"": ""google/flan-t5-base"", ""max_new_tokens"": 64, ""max_samples"": null, ""metric"": ""cosine"", ""mmr_lambdas"": [0.3, 0.5, 0.7], ""num_beams"": 4, ""objective"": [""apd"", ""f1"", ""ndcg""], ""run_generation"": true, ""script"": ""evaluate_cross_encoder.py"", ""split"": ""validation"", ""top_k"": 5, ""top_m"": 100}"
"S1-V2-Blend(α*=-0.45,β*=0.1) [ndcg]",0.9060,0.9031,0.9954,0.9031,0.9060,0.5484,3.5076,0.0253,0.3181,0.3855,"{""alpha_grid"": [-1.0, -0.95, -0.9, -0.85, -0.8, -0.75, -0.7, -0.65, -0.6, -0.55, -0.5, -0.45, -0.4, -0.35, -0.3, -0.25, -0.2, -0.15, -0.1, -0.05, 0.0, 0.05, 0.1, 0.15, 0.2, 0.25, 0.3, 0.35, 0.4, 0.45, 0.5, 0.55, 0.6, 0.65, 0.7, 0.75, 0.8, 0.85, 0.9, 0.95, 1.0, 1.05, 1.1, 1.15, 1.2, 1.25], ""alpha_json"": null, ""alpha_max"": 1.0, ""alpha_min"": -1.0, ""alpha_step"": 0.25, ""beta_grid"": [0, 0.1, 0.3, 0.5, 0.7, 0.9, 1.0], ""ce_model"": ""BAAI/bge-reranker-v2-m3"", ""coarse_to_fine"": true, ""dataset"": ""2wikimultihopqa"", ""dead_zone_min"": -1.0, ""device"": ""cuda"", ""encoder_model"": ""BAAI/bge-m3"", ""fine_step"": null, ""generator_model"": ""google/flan-t5-base"", ""max_new_tokens"": 64, ""max_samples"": null, ""metric"": ""cosine"", ""mmr_lambdas"": [0.3, 0.5, 0.7], ""num_beams"": 4, ""objective"": [""apd"", ""f1"", ""ndcg""], ""run_generation"": true, ""script"": ""evaluate_cross_encoder.py"", ""split"": ""validation"", ""top_k"": 5, ""top_m"": 100}"
S2-V1(α*=-0.3) [ndcg],0.9064,0.9031,0.9959,0.9031,0.9064,0.5612,3.5584,0.0265,0.3127,0.3788,"{""alpha_grid"": [-1.0, -0.95, -0.9, -0.85, -0.8, -0.75, -0.7, -0.65, -0.6, -0.55, -0.5, -0.45, -0.4, -0.35, -0.3, -0.25, -0.2, -0.15, -0.1, -0.05, 0.0, 0.05, 0.1, 0.15, 0.2, 0.25, 0.3, 0.35, 0.4, 0.45, 0.5, 0.55, 0.6, 0.65, 0.7, 0.75, 0.8, 0.85, 0.9, 0.95, 1.0, 1.05, 1.1, 1.15, 1.2, 1.25], ""alpha_json"": null, ""alpha_max"": 1.0, ""alpha_min"": -1.0, ""alpha_step"": 0.25, ""beta_grid"": [0, 0.1, 0.3, 0.5, 0.7, 0.9, 1.0], ""ce_model"": ""BAAI/bge-reranker-v2-m3"", ""coarse_to_fine"": true, ""dataset"": ""2wikimultihopqa"", ""dead_zone_min"": -1.0, ""device"": ""cuda"", ""encoder_model"": ""BAAI/bge-m3"", ""fine_step"": null, ""generator_model"": ""google/flan-t5-base"", ""max_new_tokens"": 64, ""max_samples"": null, ""metric"": ""cosine"", ""mmr_lambdas"": [0.3, 0.5, 0.7], ""num_beams"": 4, ""objective"": [""apd"", ""f1"", ""ndcg""], ""run_generation"": true, ""script"": ""evaluate_cross_encoder.py"", ""split"": ""validation"", ""top_k"": 5, ""top_m"": 100}"
S2-V2(α*=-0.1) [ndcg],0.9063,0.9030,0.9959,0.9030,0.9063,0.5614,3.5597,0.0284,0.3125,0.3787,"{""alpha_grid"": [-1.0, -0.95, -0.9, -0.85, -0.8, -0.75, -0.7, -0.65, -0.6, -0.55, -0.5, -0.45, -0.4, -0.35, -0.3, -0.25, -0.2, -0.15, -0.1, -0.05, 0.0, 0.05, 0.1, 0.15, 0.2, 0.25, 0.3, 0.35, 0.4, 0.45, 0.5, 0.55, 0.6, 0.65, 0.7, 0.75, 0.8, 0.85, 0.9, 0.95, 1.0, 1.05, 1.1, 1.15, 1.2, 1.25], ""alpha_json"": null, ""alpha_max"": 1.0, ""alpha_min"": -1.0, ""alpha_step"": 0.25, ""beta_grid"": [0, 0.1, 0.3, 0.5, 0.7, 0.9, 1.0], ""ce_model"": ""BAAI/bge-reranker-v2-m3"", ""coarse_to_fine"": true, ""dataset"": ""2wikimultihopqa"", ""dead_zone_min"": -1.0, ""device"": ""cuda"", ""encoder_model"": ""BAAI/bge-m3"", ""fine_step"": null, ""generator_model"": ""google/flan-t5-base"", ""max_new_tokens"": 64, ""max_samples"": null, ""metric"": ""cosine"", ""mmr_lambdas"": [0.3, 0.5, 0.7], ""num_beams"": 4, ""objective"": [""apd"", ""f1"", ""ndcg""], ""run_generation"": true, ""script"": ""evaluate_cross_encoder.py"", ""split"": ""validation"", ""top_k"": 5, ""top_m"": 100}"
S2-V3(α*=-0.35) [ndcg],0.9064,0.9031,0.9959,0.9031,0.9064,0.5615,3.5606,0.0307,0.3125,0.3787,"{""alpha_grid"": [-1.0, -0.95, -0.9, -0.85, -0.8, -0.75, -0.7, -0.65, -0.6, -0.55, -0.5, -0.45, -0.4, -0.35, -0.3, -0.25, -0.2, -0.15, -0.1, -0.05, 0.0, 0.05, 0.1, 0.15, 0.2, 0.25, 0.3, 0.35, 0.4, 0.45, 0.5, 0.55, 0.6, 0.65, 0.7, 0.75, 0.8, 0.85, 0.9, 0.95, 1.0, 1.05, 1.1, 1.15, 1.2, 1.25], ""alpha_json"": null, ""alpha_max"": 1.0, ""alpha_min"": -1.0, ""alpha_step"": 0.25, ""beta_grid"": [0, 0.1, 0.3, 0.5, 0.7, 0.9, 1.0], ""ce_model"": ""BAAI/bge-reranker-v2-m3"", ""coarse_to_fine"": true, ""dataset"": ""2wikimultihopqa"", ""dead_zone_min"": -1.0, ""device"": ""cuda"", ""encoder_model"": ""BAAI/bge-m3"", ""fine_step"": null, ""generator_model"": ""google/flan-t5-base"", ""max_new_tokens"": 64, ""max_samples"": null, ""metric"": ""cosine"", ""mmr_lambdas"": [0.3, 0.5, 0.7], ""num_beams"": 4, ""objective"": [""apd"", ""f1"", ""ndcg""], ""run_generation"": true, ""script"": ""evaluate_cross_encoder.py"", ""split"": ""validation"", ""top_k"": 5, ""top_m"": 100}"
S2-V4(α*=-0.15) [ndcg],0.9047,0.9020,0.9959,0.9020,0.9047,0.5630,3.5693,0.0270,0.3119,0.3781,"{""alpha_grid"": [-1.0, -0.95, -0.9, -0.85, -0.8, -0.75, -0.7, -0.65, -0.6, -0.55, -0.5, -0.45, -0.4, -0.35, -0.3, -0.25, -0.2, -0.15, -0.1, -0.05, 0.0, 0.05, 0.1, 0.15, 0.2, 0.25, 0.3, 0.35, 0.4, 0.45, 0.5, 0.55, 0.6, 0.65, 0.7, 0.75, 0.8, 0.85, 0.9, 0.95, 1.0, 1.05, 1.1, 1.15, 1.2, 1.25], ""alpha_json"": null, ""alpha_max"": 1.0, ""alpha_min"": -1.0, ""alpha_step"": 0.25, ""beta_grid"": [0, 0.1, 0.3, 0.5, 0.7, 0.9, 1.0], ""ce_model"": ""BAAI/bge-reranker-v2-m3"", ""coarse_to_fine"": true, ""dataset"": ""2wikimultihopqa"", ""dead_zone_min"": -1.0, ""device"": ""cuda"", ""encoder_model"": ""BAAI/bge-m3"", ""fine_step"": null, ""generator_model"": ""google/flan-t5-base"", ""max_new_tokens"": 64, ""max_samples"": null, ""metric"": ""cosine"", ""mmr_lambdas"": [0.3, 0.5, 0.7], ""num_beams"": 4, ""objective"": [""apd"", ""f1"", ""ndcg""], ""run_generation"": true, ""script"": ""evaluate_cross_encoder.py"", ""split"": ""validation"", ""top_k"": 5, ""top_m"": 100}"
S2-V5(α*=-0.4) [ndcg],0.9065,0.9031,0.9959,0.9031,0.9065,0.5608,3.5563,0.0261,0.3126,0.3788,"{""alpha_grid"": [-1.0, -0.95, -0.9, -0.85, -0.8, -0.75, -0.7, -0.65, -0.6, -0.55, -0.5, -0.45, -0.4, -0.35, -0.3, -0.25, -0.2, -0.15, -0.1, -0.05, 0.0, 0.05, 0.1, 0.15, 0.2, 0.25, 0.3, 0.35, 0.4, 0.45, 0.5, 0.55, 0.6, 0.65, 0.7, 0.75, 0.8, 0.85, 0.9, 0.95, 1.0, 1.05, 1.1, 1.15, 1.2, 1.25], ""alpha_json"": null, ""alpha_max"": 1.0, ""alpha_min"": -1.0, ""alpha_step"": 0.25, ""beta_grid"": [0, 0.1, 0.3, 0.5, 0.7, 0.9, 1.0], ""ce_model"": ""BAAI/bge-reranker-v2-m3"", ""coarse_to_fine"": true, ""dataset"": ""2wikimultihopqa"", ""dead_zone_min"": -1.0, ""device"": ""cuda"", ""encoder_model"": ""BAAI/bge-m3"", ""fine_step"": null, ""generator_model"": ""google/flan-t5-base"", ""max_new_tokens"": 64, ""max_samples"": null, ""metric"": ""cosine"", ""mmr_lambdas"": [0.3, 0.5, 0.7], ""num_beams"": 4, ""objective"": [""apd"", ""f1"", ""ndcg""], ""run_generation"": true, ""script"": ""evaluate_cross_encoder.py"", ""split"": ""validation"", ""top_k"": 5, ""top_m"": 100}"
