rho,Method,n_test,PoolRedundancy,Recall@k,NDCG@k,MRR,alpha-NDCG@k,S-Recall@k,ERR-IA@k,APD,Vendi,p(S-Recall@k vs kNN)
0.0,kNN,240,0.0,0.7744,0.6414,0.6023,0.643,0.7788,0.5858,0.5411,5.437,
0.0,Maxmin,240,0.0,0.5161,0.5057,0.5156,0.5059,0.5163,0.4986,0.7887,7.5789,0.0
0.0,Greedy-DPP,240,0.0,0.7344,0.616,0.5867,0.6173,0.7376,0.5685,0.6169,6.3391,0.03304
0.0,MMR* [MMR(0.9)],240,0.0,0.7778,0.6431,0.6035,0.6447,0.7819,0.5873,0.558,5.6416,0.654721
0.0,RNG* [RNG(0.5)],240,0.0,0.7765,0.6414,0.6023,0.643,0.7808,0.5855,0.5537,5.5498,0.654721
0.0,Seg* [Seg(0.5)],240,0.0,0.7786,0.6423,0.6024,0.6438,0.7829,0.5859,0.5522,5.5356,0.317311
0.025,kNN,240,0.0005,0.8078,0.6824,0.6466,0.6801,0.8121,0.6299,0.498,4.678,
0.025,Maxmin,240,0.0005,0.5661,0.5568,0.5669,0.3941,0.5663,0.5499,0.7817,7.4533,0.0
0.025,Greedy-DPP,240,0.0005,0.7733,0.6642,0.6372,0.4763,0.7772,0.6187,0.614,6.2944,0.078903
0.025,MMR* [MMR(0.9)],240,0.0005,0.8078,0.682,0.6456,0.6596,0.8121,0.6293,0.5146,4.8885,1.0
0.025,RNG* [RNG(0.2)],240,0.0005,0.7965,0.6783,0.6459,0.6507,0.8006,0.6282,0.5405,5.059,0.320308
0.025,Seg* [Seg(0.2)],240,0.0005,0.8015,0.6797,0.6456,0.6646,0.8058,0.6285,0.5248,4.9098,0.578515
0.05,kNN,240,0.0018,0.8315,0.7026,0.668,0.7037,0.8358,0.6491,0.3972,3.5317,
0.05,Maxmin,240,0.0018,0.6015,0.5826,0.59,0.3912,0.6038,0.573,0.7727,7.3339,0.0
0.05,Greedy-DPP,240,0.0018,0.798,0.6847,0.6571,0.4648,0.8012,0.6382,0.6106,6.2416,0.051597
0.05,MMR* [MMR(0.9)],240,0.0018,0.8174,0.6991,0.6665,0.6754,0.8215,0.6487,0.4207,3.8134,0.03936
0.05,RNG* [RNG(0.5)],240,0.0018,0.834,0.7031,0.6684,0.6964,0.8381,0.6493,0.4256,3.7664,1.0
0.05,Seg* [Seg(0.3)],240,0.0018,0.834,0.7036,0.6688,0.6929,0.8381,0.6498,0.4302,3.8138,1.0
0.1,kNN,240,0.0062,0.8292,0.7145,0.6876,0.7215,0.8333,0.6663,0.2292,2.535,
0.1,Maxmin,240,0.0062,0.6411,0.6117,0.6157,0.4109,0.6413,0.5987,0.7613,7.1506,0.0
0.1,Greedy-DPP,240,0.0062,0.8167,0.7061,0.6782,0.4777,0.8199,0.6595,0.6077,6.2189,0.418267
0.1,MMR* [MMR(0.9)],240,0.0062,0.8411,0.7188,0.6868,0.6984,0.8454,0.6675,0.2814,2.9513,0.142691
0.1,RNG* [RNG(0.3)],240,0.0062,0.8347,0.7178,0.6897,0.7114,0.8388,0.6684,0.3803,3.3482,0.449692
0.1,Seg* [Seg(0.3)],240,0.0062,0.8306,0.7157,0.6882,0.7142,0.8347,0.6669,0.3161,3.0014,0.785495
0.15,kNN,240,0.013,0.8283,0.719,0.6972,0.725,0.8322,0.6743,0.2119,2.4313,
0.15,Maxmin,240,0.013,0.6349,0.6225,0.6337,0.4225,0.6351,0.6133,0.7485,6.9441,0.0
0.15,Greedy-DPP,240,0.013,0.8214,0.716,0.6908,0.4886,0.8255,0.6714,0.6058,6.1931,0.685166
0.15,MMR* [MMR(0.9)],240,0.013,0.8285,0.7203,0.6959,0.7046,0.8326,0.6749,0.258,2.7864,0.915583
0.15,RNG* [RNG(0.3)],240,0.013,0.8408,0.7232,0.698,0.7199,0.8447,0.6755,0.3215,2.9836,0.063318
0.15,Seg* [Seg(0.3)],240,0.013,0.8408,0.7225,0.6974,0.7211,0.8447,0.6748,0.2678,2.736,0.063318
0.25,kNN,240,0.0345,0.8334,0.7259,0.7081,0.7303,0.8373,0.6826,0.1948,2.2965,
0.25,Maxmin,240,0.0345,0.6788,0.6523,0.6621,0.445,0.6792,0.6375,0.7341,6.7833,0.0
0.25,Greedy-DPP,240,0.0345,0.8288,0.7285,0.7079,0.4964,0.8343,0.6848,0.6059,6.1994,0.802357
0.25,MMR* [MMR(0.9)],240,0.0345,0.8382,0.7297,0.7088,0.7124,0.8423,0.6846,0.2432,2.6548,0.477845
0.25,RNG* [RNG(0.3)],240,0.0345,0.8457,0.7314,0.7097,0.7306,0.8496,0.6849,0.2476,2.5719,0.143433
0.25,Seg* [Seg(0.3)],240,0.0345,0.8426,0.7298,0.7093,0.7304,0.8465,0.6842,0.2267,2.481,0.257899
0.5,kNN,240,0.1308,0.82,0.7226,0.7082,0.7309,0.822,0.6817,0.1789,2.1513,
0.5,Maxmin,240,0.1308,0.6842,0.652,0.6621,0.4568,0.6865,0.6361,0.6751,6.0547,2e-06
0.5,Greedy-DPP,240,0.1308,0.8272,0.7271,0.7068,0.4995,0.8303,0.6832,0.6033,6.1607,0.733752
0.5,MMR* [MMR(0.9)],240,0.1308,0.8335,0.7277,0.7081,0.7133,0.8376,0.6836,0.2285,2.5487,0.114404
0.5,RNG* [RNG(0.3)],240,0.1308,0.8304,0.7269,0.7099,0.7314,0.8324,0.6838,0.2066,2.3257,0.257899
0.5,Seg* [Seg(0.2)],240,0.1308,0.8315,0.7276,0.7103,0.7281,0.8335,0.6841,0.2234,2.4296,0.195668
1.0,kNN,240,0.4505,0.8086,0.7189,0.7104,0.7287,0.8116,0.682,0.1683,2.0466,
1.0,Maxmin,240,0.4505,0.8534,0.7474,0.7269,0.7266,0.8571,0.7027,0.2826,2.655,0.015961
1.0,Greedy-DPP,240,0.4505,0.8578,0.7501,0.7238,0.685,0.8642,0.7014,0.3155,3.3625,0.008735
1.0,MMR* [MMR(0.3)],240,0.4505,0.8582,0.7494,0.7218,0.6826,0.8644,0.7014,0.3289,3.5583,0.032561
1.0,RNG* [RNG(1)],240,0.4505,0.8128,0.7203,0.711,0.7295,0.8158,0.6827,0.172,2.0694,0.317311
1.0,Seg* [Seg(1)],240,0.4505,0.8128,0.7203,0.711,0.7295,0.8158,0.6827,0.1719,2.0686,0.317311
