overlap,Family,kNN,best member,best,worst member,worst,regret(best),regret(worst)
0.0,MMR,0.692,MMR(0.9),0.7125,MMR(0.3),0.5292,-0.0205,0.1628
0.0,RNG,0.692,RNG(-0.1),0.72,RNG(1),0.6947,-0.028,-0.0027
0.0,Seg,0.692,Seg(0.05),0.7174,Seg(1),0.6943,-0.0254,-0.0023
0.0,Maxmin,0.692,Maxmin,0.4841,Maxmin,0.4841,0.2079,0.2079
0.0,Greedy-DPP,0.692,Greedy-DPP,0.7127,Greedy-DPP,0.7127,-0.0207,-0.0207
0.25,MMR,0.6699,MMR(0.7),0.7114,MMR(0.3),0.542,-0.0415,0.1279
0.25,RNG,0.6699,RNG(-0.1),0.7178,RNG(1),0.6752,-0.0479,-0.0053
0.25,Seg,0.6699,Seg(-0.2),0.7145,Seg(1),0.6744,-0.0446,-0.0045
0.25,Maxmin,0.6699,Maxmin,0.4805,Maxmin,0.4805,0.1894,0.1894
0.25,Greedy-DPP,0.6699,Greedy-DPP,0.7123,Greedy-DPP,0.7123,-0.0424,-0.0424
0.5,MMR,0.6425,MMR(0.7),0.7092,MMR(0.3),0.5348,-0.0667,0.1077
0.5,RNG,0.6425,RNG(-0.1),0.7155,RNG(1),0.6492,-0.073,-0.0067
0.5,Seg,0.6425,Seg(-0.2),0.7133,Seg(1),0.6485,-0.0708,-0.006
0.5,Maxmin,0.6425,Maxmin,0.4737,Maxmin,0.4737,0.1688,0.1688
0.5,Greedy-DPP,0.6425,Greedy-DPP,0.7148,Greedy-DPP,0.7148,-0.0723,-0.0723
0.75,MMR,0.5988,MMR(0.7),0.7073,MMR(0.3),0.5386,-0.1086,0.0602
0.75,RNG,0.5988,RNG(-0.1),0.7176,RNG(1),0.6098,-0.1188,-0.011
0.75,Seg,0.5988,Seg(-0.2),0.7153,Seg(1),0.6088,-0.1165,-0.0101
0.75,Maxmin,0.5988,Maxmin,0.4653,Maxmin,0.4653,0.1334,0.1334
0.75,Greedy-DPP,0.5988,Greedy-DPP,0.7178,Greedy-DPP,0.7178,-0.1191,-0.1191
