overlap,Method,n_test,PoolRedundancy,Recall@k,NDCG@k,MRR,alpha-NDCG@k,S-Recall@k,ERR-IA@k,APD,Vendi,p(S-Recall@k vs kNN)
0.0,kNN,5956,0.0007,0.5526,0.6108,0.8349,0.8158,0.9208,0.8349,0.2786,2.2356,
0.0,Maxmin,5956,0.0007,0.4802,0.5618,0.8099,0.66,0.8679,0.8099,0.5062,3.2673,0.0
0.0,Greedy-DPP,5956,0.0007,0.5357,0.6045,0.8316,0.7018,0.9159,0.8316,0.4579,3.1602,0.120582
0.0,MMR* [MMR(0.7)],5956,0.0007,0.5508,0.614,0.8366,0.7485,0.9276,0.8366,0.3854,2.7984,0.005816
0.0,RNG* [RNG(-0.1)],5956,0.0007,0.556,0.6211,0.8403,0.7766,0.9293,0.8403,0.3538,2.6388,8.7e-05
0.0,Seg* [Seg(-0.1)],5956,0.0007,0.5494,0.6159,0.8399,0.7643,0.9293,0.8399,0.3659,2.6946,0.000126
0.25,kNN,5956,0.0009,0.5436,0.6044,0.8365,0.8191,0.9176,0.8365,0.2647,2.16,
0.25,Maxmin,5956,0.0009,0.48,0.5627,0.8136,0.6589,0.8682,0.8136,0.4963,3.2057,0.0
0.25,Greedy-DPP,5956,0.0009,0.5362,0.6066,0.835,0.6999,0.9149,0.835,0.4563,3.1521,0.396439
0.25,MMR* [MMR(0.9)],5956,0.0009,0.5563,0.6175,0.8427,0.8113,0.929,0.8427,0.2921,2.3142,0.0
0.25,RNG* [RNG(-0.1)],5956,0.0009,0.5554,0.6215,0.8438,0.7722,0.9302,0.8438,0.3531,2.6327,0.0
0.25,Seg* [Seg(-0.2)],5956,0.0009,0.5605,0.6229,0.8423,0.8075,0.9276,0.8423,0.3017,2.3822,0.0
0.5,kNN,5956,0.0012,0.5264,0.5887,0.8321,0.8197,0.9098,0.8321,0.24,2.0299,
0.5,Maxmin,5956,0.0012,0.4878,0.5691,0.8169,0.676,0.8744,0.8169,0.4725,3.0734,0.0
0.5,Greedy-DPP,5956,0.0012,0.5422,0.6104,0.8371,0.7071,0.9218,0.8371,0.4507,3.1269,0.000138
0.5,MMR* [MMR(0.7)],5956,0.0012,0.5547,0.6187,0.8409,0.7516,0.9303,0.8409,0.3781,2.7619,0.0
0.5,RNG* [RNG(-0.1)],5956,0.0012,0.5574,0.6231,0.8448,0.7725,0.9333,0.8448,0.3502,2.6157,0.0
0.5,Seg* [Seg(-0.2)],5956,0.0012,0.5603,0.6213,0.843,0.8089,0.9302,0.843,0.2946,2.3445,0.0
0.75,kNN,5956,0.0053,0.502,0.5663,0.8254,0.818,0.8972,0.8254,0.198,1.8192,
0.75,Maxmin,5956,0.0053,0.4897,0.5721,0.8184,0.6861,0.8759,0.8184,0.4399,2.8688,0.0
0.75,Greedy-DPP,5956,0.0053,0.5416,0.6104,0.8367,0.7071,0.9201,0.8367,0.4419,3.0854,0.0
0.75,MMR* [MMR(0.7)],5956,0.0053,0.5534,0.6181,0.8406,0.7502,0.9297,0.8406,0.3729,2.7366,0.0
0.75,RNG* [RNG(-0.1)],5956,0.0053,0.5521,0.6196,0.8438,0.765,0.9298,0.8438,0.3481,2.6008,0.0
0.75,Seg* [Seg(-0.2)],5956,0.0053,0.5597,0.6217,0.8425,0.8061,0.93,0.8425,0.2901,2.3199,0.0
