D,tau,val mean
MMR(0.3),1.08,0.9059
MMR(0.3),1.09,0.9059
MMR(0.3),1.1,0.9059
MMR(0.3),1.13,0.9059
MMR(0.3),1.14,0.9059
MMR(0.3),1.16,0.9059
MMR(0.3),1.17,0.9061
MMR(0.3),1.18,0.9061
MMR(0.3),1.19,0.9061
MMR(0.3),1.2,0.9062
MMR(0.3),1.21,0.9062
MMR(0.3),1.22,0.9062
MMR(0.3),1.23,0.9062
MMR(0.3),1.24,0.9062
MMR(0.3),1.25,0.9062
MMR(0.3),1.26,0.9062
MMR(0.3),1.27,0.9062
MMR(0.3),1.28,0.9062
MMR(0.3),1.29,0.9062
MMR(0.3),1.3,0.9062
MMR(0.3),1.31,0.9062
MMR(0.3),1.32,0.9062
MMR(0.3),1.33,0.9064
MMR(0.3),1.34,0.9064
MMR(0.3),1.35,0.9064
MMR(0.3),1.36,0.9064
MMR(0.3),1.37,0.9064
MMR(0.3),1.38,0.9064
MMR(0.3),1.39,0.9064
MMR(0.3),1.4,0.9064
MMR(0.3),1.41,0.9066
MMR(0.3),1.42,0.9066
MMR(0.3),1.43,0.9066
MMR(0.3),1.44,0.9066
MMR(0.3),1.45,0.9066
MMR(0.3),1.46,0.9062
MMR(0.3),1.47,0.9062
MMR(0.3),1.48,0.9062
MMR(0.3),1.49,0.9062
MMR(0.3),1.5,0.9064
MMR(0.3),1.51,0.9066
MMR(0.3),1.52,0.9064
MMR(0.3),1.53,0.9066
MMR(0.3),1.54,0.9066
MMR(0.3),1.55,0.9066
MMR(0.3),1.56,0.9066
MMR(0.3),1.57,0.9066
MMR(0.3),1.58,0.9064
MMR(0.3),1.59,0.9069
MMR(0.3),1.6,0.9069
MMR(0.3),1.61,0.9071
MMR(0.3),1.62,0.9071
MMR(0.3),1.63,0.9071
MMR(0.3),1.64,0.9076
MMR(0.3),1.65,0.9079
MMR(0.3),1.66,0.9081
MMR(0.3),1.67,0.9078
MMR(0.3),1.68,0.9079
MMR(0.3),1.69,0.9079
MMR(0.3),1.7,0.9081
MMR(0.3),1.71,0.9081
MMR(0.3),1.72,0.9079
MMR(0.3),1.73,0.9083
MMR(0.3),1.74,0.9084
MMR(0.3),1.75,0.9089
MMR(0.3),1.76,0.9091
MMR(0.3),1.77,0.9083
MMR(0.3),1.78,0.9081
MMR(0.3),1.79,0.9083
MMR(0.3),1.8,0.9076
MMR(0.3),1.81,0.9069
MMR(0.3),1.82,0.9068
MMR(0.3),1.83,0.9066
MMR(0.3),1.84,0.9066
MMR(0.3),1.85,0.9074
MMR(0.3),1.86,0.9076
MMR(0.3),1.87,0.9068
MMR(0.3),1.88,0.9061
MMR(0.3),1.89,0.9057
MMR(0.3),1.9,0.9056
MMR(0.3),1.91,0.9059
MMR(0.3),1.92,0.9056
MMR(0.3),1.93,0.9051
MMR(0.3),1.94,0.9044
MMR(0.3),1.95,0.9036
MMR(0.3),1.96,0.9027
MMR(0.3),1.97,0.9022
MMR(0.3),1.98,0.902
MMR(0.3),1.99,0.902
MMR(0.3),2.0,0.9019
MMR(0.3),2.01,0.9012
MMR(0.3),2.02,0.9017
MMR(0.3),2.03,0.9012
MMR(0.3),2.04,0.9009
MMR(0.3),2.05,0.8999
MMR(0.3),2.06,0.8995
MMR(0.3),2.07,0.8992
MMR(0.3),2.08,0.899
MMR(0.3),2.09,0.899
MMR(0.3),2.1,0.8982
MMR(0.3),2.11,0.8973
MMR(0.3),2.12,0.897
MMR(0.3),2.13,0.8965
MMR(0.3),2.14,0.896
MMR(0.3),2.15,0.895
MMR(0.3),2.16,0.8943
MMR(0.3),2.17,0.894
MMR(0.3),2.18,0.8935
MMR(0.3),2.19,0.893
MMR(0.3),2.2,0.8925
MMR(0.3),2.21,0.892
MMR(0.3),2.22,0.8908
MMR(0.3),2.23,0.8903
MMR(0.3),2.24,0.8901
MMR(0.3),2.25,0.8896
MMR(0.3),2.26,0.8891
MMR(0.3),2.27,0.8886
MMR(0.3),2.28,0.8878
MMR(0.3),2.29,0.8874
MMR(0.3),2.3,0.8871
MMR(0.3),2.31,0.8873
MMR(0.3),2.32,0.8868
MMR(0.3),2.33,0.8864
MMR(0.3),2.34,0.8858
MMR(0.3),2.35,0.8852
MMR(0.3),2.36,0.8844
MMR(0.3),2.37,0.8837
MMR(0.3),2.38,0.8829
MMR(0.3),2.39,0.8817
MMR(0.3),2.4,0.8814
MMR(0.3),2.41,0.8804
MMR(0.3),2.42,0.8802
MMR(0.3),2.43,0.8797
MMR(0.3),2.44,0.8789
MMR(0.3),2.45,0.8785
MMR(0.3),2.46,0.878
MMR(0.3),2.47,0.8779
MMR(0.3),2.48,0.8779
MMR(0.3),2.49,0.8768
MMR(0.3),2.5,0.8762
MMR(0.3),2.51,0.8755
MMR(0.3),2.52,0.8753
MMR(0.3),2.53,0.8752
MMR(0.3),2.54,0.8748
MMR(0.3),2.55,0.8743
MMR(0.3),2.56,0.874
MMR(0.3),2.57,0.874
MMR(0.3),2.58,0.8735
MMR(0.3),2.59,0.8732
MMR(0.3),2.6,0.8728
MMR(0.3),2.61,0.8725
MMR(0.3),2.62,0.8723
MMR(0.3),2.63,0.872
MMR(0.3),2.64,0.8715
MMR(0.3),2.65,0.8713
MMR(0.3),2.66,0.8711
MMR(0.3),2.67,0.8706
MMR(0.3),2.68,0.8703
MMR(0.3),2.69,0.8695
MMR(0.3),2.7,0.8695
MMR(0.3),2.71,0.8686
MMR(0.3),2.72,0.8686
MMR(0.3),2.73,0.8678
MMR(0.3),2.74,0.8674
MMR(0.3),2.75,0.8668
MMR(0.3),2.76,0.8664
MMR(0.3),2.77,0.8664
MMR(0.3),2.78,0.8663
MMR(0.3),2.79,0.8663
MMR(0.3),2.8,0.8661
MMR(0.3),2.81,0.8658
MMR(0.3),2.82,0.8654
MMR(0.3),2.83,0.8651
MMR(0.3),2.84,0.8648
MMR(0.3),2.85,0.8646
MMR(0.3),2.86,0.8646
MMR(0.3),2.87,0.8648
MMR(0.3),2.88,0.8648
MMR(0.3),2.89,0.8644
MMR(0.3),2.9,0.8644
MMR(0.3),2.91,0.8641
MMR(0.3),2.92,0.8634
MMR(0.3),2.93,0.8632
MMR(0.3),2.94,0.8629
MMR(0.3),2.95,0.8627
MMR(0.3),2.96,0.8624
MMR(0.3),2.97,0.8619
MMR(0.3),2.98,0.8614
MMR(0.3),2.99,0.8614
MMR(0.3),3.0,0.8614
MMR(0.3),3.01,0.8614
MMR(0.3),3.02,0.8614
MMR(0.3),3.03,0.8614
MMR(0.3),3.04,0.8611
MMR(0.3),3.05,0.8609
MMR(0.3),3.06,0.8609
MMR(0.3),3.07,0.8609
MMR(0.3),3.08,0.8607
MMR(0.3),3.09,0.8609
MMR(0.3),3.1,0.8607
MMR(0.3),3.11,0.8606
MMR(0.3),3.12,0.8604
MMR(0.3),3.13,0.8602
MMR(0.3),3.14,0.8602
MMR(0.3),3.15,0.86
MMR(0.3),3.16,0.8599
MMR(0.3),3.17,0.8595
MMR(0.3),3.18,0.8595
MMR(0.3),3.19,0.8594
MMR(0.3),3.2,0.8594
MMR(0.3),3.21,0.8594
MMR(0.3),3.22,0.8592
MMR(0.3),3.23,0.8592
MMR(0.3),3.24,0.859
MMR(0.3),3.26,0.8589
MMR(0.3),3.27,0.8589
MMR(0.3),3.28,0.8589
MMR(0.3),3.29,0.8587
MMR(0.3),3.3,0.8587
MMR(0.3),3.31,0.8587
MMR(0.3),3.32,0.8587
MMR(0.3),3.33,0.8587
MMR(0.3),3.34,0.8587
MMR(0.3),3.36,0.8587
MMR(0.3),3.37,0.8587
MMR(0.3),3.38,0.8587
MMR(0.3),3.4,0.8587
MMR(0.3),3.41,0.8587
MMR(0.3),3.42,0.8587
MMR(0.3),3.43,0.8584
MMR(0.3),3.44,0.8584
MMR(0.3),3.47,0.8584
MMR(0.3),3.52,0.8582
MMR(0.3),3.56,0.8582
MMR(0.3),3.58,0.8582
MMR(0.3),3.59,0.858
MMR(0.3),3.61,0.858
MMR(0.3),3.62,0.8577
MMR(0.3),3.64,0.8574
MMR(0.3),3.65,0.8574
MMR(0.3),3.69,0.8574
MMR(0.3),3.7,0.8574
MMR(0.5),1.08,0.9059
MMR(0.5),1.09,0.9059
MMR(0.5),1.1,0.9059
MMR(0.5),1.13,0.9059
MMR(0.5),1.14,0.9059
MMR(0.5),1.16,0.9059
MMR(0.5),1.17,0.9061
MMR(0.5),1.18,0.9061
MMR(0.5),1.19,0.9061
MMR(0.5),1.2,0.9061
MMR(0.5),1.21,0.9061
MMR(0.5),1.22,0.9061
MMR(0.5),1.23,0.9061
MMR(0.5),1.24,0.9061
MMR(0.5),1.25,0.9061
MMR(0.5),1.26,0.9061
MMR(0.5),1.27,0.9061
MMR(0.5),1.28,0.9061
MMR(0.5),1.29,0.9061
MMR(0.5),1.3,0.9061
MMR(0.5),1.31,0.9061
MMR(0.5),1.32,0.9061
MMR(0.5),1.33,0.9062
MMR(0.5),1.34,0.9062
MMR(0.5),1.35,0.9062
MMR(0.5),1.36,0.9062
MMR(0.5),1.37,0.9062
MMR(0.5),1.38,0.9062
MMR(0.5),1.39,0.9062
MMR(0.5),1.4,0.9062
MMR(0.5),1.41,0.9064
MMR(0.5),1.42,0.9064
MMR(0.5),1.43,0.9064
MMR(0.5),1.44,0.9064
MMR(0.5),1.45,0.9064
MMR(0.5),1.46,0.9064
MMR(0.5),1.47,0.9064
MMR(0.5),1.48,0.9064
MMR(0.5),1.49,0.9064
MMR(0.5),1.5,0.9066
MMR(0.5),1.51,0.9066
MMR(0.5),1.52,0.9064
MMR(0.5),1.53,0.9064
MMR(0.5),1.54,0.9064
MMR(0.5),1.55,0.9062
MMR(0.5),1.56,0.9062
MMR(0.5),1.57,0.9062
MMR(0.5),1.58,0.9062
MMR(0.5),1.59,0.9068
MMR(0.5),1.6,0.9069
MMR(0.5),1.61,0.9069
MMR(0.5),1.62,0.9069
MMR(0.5),1.63,0.9071
MMR(0.5),1.64,0.9076
MMR(0.5),1.65,0.9079
MMR(0.5),1.66,0.9083
MMR(0.5),1.67,0.9081
MMR(0.5),1.68,0.9083
MMR(0.5),1.69,0.9083
MMR(0.5),1.7,0.9084
MMR(0.5),1.71,0.9084
MMR(0.5),1.72,0.9084
MMR(0.5),1.73,0.9088
MMR(0.5),1.74,0.9089
MMR(0.5),1.75,0.9094
MMR(0.5),1.76,0.9096
MMR(0.5),1.77,0.9096
MMR(0.5),1.78,0.9094
MMR(0.5),1.79,0.9098
MMR(0.5),1.8,0.9091
MMR(0.5),1.81,0.9084
MMR(0.5),1.82,0.9083
MMR(0.5),1.83,0.9081
MMR(0.5),1.84,0.9083
MMR(0.5),1.85,0.9091
MMR(0.5),1.86,0.9091
MMR(0.5),1.87,0.9086
MMR(0.5),1.88,0.9078
MMR(0.5),1.89,0.9074
MMR(0.5),1.9,0.9074
MMR(0.5),1.91,0.9078
MMR(0.5),1.92,0.9074
MMR(0.5),1.93,0.9071
MMR(0.5),1.94,0.9071
MMR(0.5),1.95,0.9066
MMR(0.5),1.96,0.9059
MMR(0.5),1.97,0.9057
MMR(0.5),1.98,0.9061
MMR(0.5),1.99,0.9062
MMR(0.5),2.0,0.9062
MMR(0.5),2.01,0.9059
MMR(0.5),2.02,0.9064
MMR(0.5),2.03,0.9061
MMR(0.5),2.04,0.9059
MMR(0.5),2.05,0.9054
MMR(0.5),2.06,0.9054
MMR(0.5),2.07,0.9052
MMR(0.5),2.08,0.9052
MMR(0.5),2.09,0.9052
MMR(0.5),2.1,0.9047
MMR(0.5),2.11,0.9046
MMR(0.5),2.12,0.9047
MMR(0.5),2.13,0.9044
MMR(0.5),2.14,0.9042
MMR(0.5),2.15,0.9034
MMR(0.5),2.16,0.9032
MMR(0.5),2.17,0.9034
MMR(0.5),2.18,0.9034
MMR(0.5),2.19,0.9031
MMR(0.5),2.2,0.9027
MMR(0.5),2.21,0.9027
MMR(0.5),2.22,0.9019
MMR(0.5),2.23,0.9015
MMR(0.5),2.24,0.9014
MMR(0.5),2.25,0.901
MMR(0.5),2.26,0.9009
MMR(0.5),2.27,0.9004
MMR(0.5),2.28,0.9002
MMR(0.5),2.29,0.8999
MMR(0.5),2.3,0.8995
MMR(0.5),2.31,0.8995
MMR(0.5),2.32,0.8992
MMR(0.5),2.33,0.8989
MMR(0.5),2.34,0.8985
MMR(0.5),2.35,0.8982
MMR(0.5),2.36,0.8975
MMR(0.5),2.37,0.897
MMR(0.5),2.38,0.897
MMR(0.5),2.39,0.896
MMR(0.5),2.4,0.8958
MMR(0.5),2.41,0.8953
MMR(0.5),2.42,0.8957
MMR(0.5),2.43,0.8955
MMR(0.5),2.44,0.8948
MMR(0.5),2.45,0.8947
MMR(0.5),2.46,0.8945
MMR(0.5),2.47,0.894
MMR(0.5),2.48,0.894
MMR(0.5),2.49,0.8935
MMR(0.5),2.5,0.8928
MMR(0.5),2.51,0.8923
MMR(0.5),2.52,0.8923
MMR(0.5),2.53,0.8926
MMR(0.5),2.54,0.8928
MMR(0.5),2.55,0.8923
MMR(0.5),2.56,0.8923
MMR(0.5),2.57,0.8923
MMR(0.5),2.58,0.8916
MMR(0.5),2.59,0.8913
MMR(0.5),2.6,0.8911
MMR(0.5),2.61,0.8911
MMR(0.5),2.62,0.891
MMR(0.5),2.63,0.8906
MMR(0.5),2.64,0.8901
MMR(0.5),2.65,0.8901
MMR(0.5),2.66,0.8903
MMR(0.5),2.67,0.8898
MMR(0.5),2.68,0.8898
MMR(0.5),2.69,0.8894
MMR(0.5),2.7,0.8891
MMR(0.5),2.71,0.8881
MMR(0.5),2.72,0.8881
MMR(0.5),2.73,0.8873
MMR(0.5),2.74,0.8869
MMR(0.5),2.75,0.8868
MMR(0.5),2.76,0.8866
MMR(0.5),2.77,0.8866
MMR(0.5),2.78,0.8864
MMR(0.5),2.79,0.8864
MMR(0.5),2.8,0.8864
MMR(0.5),2.81,0.8863
MMR(0.5),2.82,0.8861
MMR(0.5),2.83,0.8856
MMR(0.5),2.84,0.8852
MMR(0.5),2.85,0.8852
MMR(0.5),2.86,0.8851
MMR(0.5),2.87,0.8852
MMR(0.5),2.88,0.8852
MMR(0.5),2.89,0.8852
MMR(0.5),2.9,0.8852
MMR(0.5),2.91,0.8849
MMR(0.5),2.92,0.8847
MMR(0.5),2.93,0.8844
MMR(0.5),2.94,0.8839
MMR(0.5),2.95,0.8841
MMR(0.5),2.96,0.8837
MMR(0.5),2.97,0.8836
MMR(0.5),2.98,0.8832
MMR(0.5),2.99,0.8832
MMR(0.5),3.0,0.8832
MMR(0.5),3.01,0.8832
MMR(0.5),3.02,0.8832
MMR(0.5),3.03,0.8832
MMR(0.5),3.04,0.8829
MMR(0.5),3.05,0.8829
MMR(0.5),3.06,0.8829
MMR(0.5),3.07,0.8829
MMR(0.5),3.08,0.8829
MMR(0.5),3.09,0.8831
MMR(0.5),3.1,0.8832
MMR(0.5),3.11,0.8831
MMR(0.5),3.12,0.8829
MMR(0.5),3.13,0.8829
MMR(0.5),3.14,0.8829
MMR(0.5),3.15,0.8829
MMR(0.5),3.16,0.8826
MMR(0.5),3.17,0.8824
MMR(0.5),3.18,0.8824
MMR(0.5),3.19,0.8822
MMR(0.5),3.2,0.8822
MMR(0.5),3.21,0.8822
MMR(0.5),3.22,0.8821
MMR(0.5),3.23,0.8821
MMR(0.5),3.24,0.8821
MMR(0.5),3.26,0.8819
MMR(0.5),3.27,0.8819
MMR(0.5),3.28,0.8819
MMR(0.5),3.29,0.8817
MMR(0.5),3.3,0.8817
MMR(0.5),3.31,0.8817
MMR(0.5),3.32,0.8817
MMR(0.5),3.33,0.8817
MMR(0.5),3.34,0.8817
MMR(0.5),3.36,0.8817
MMR(0.5),3.37,0.8817
MMR(0.5),3.38,0.8817
MMR(0.5),3.4,0.8817
MMR(0.5),3.41,0.8817
MMR(0.5),3.42,0.8817
MMR(0.5),3.43,0.8814
MMR(0.5),3.44,0.8814
MMR(0.5),3.47,0.8814
MMR(0.5),3.52,0.8812
MMR(0.5),3.56,0.8812
MMR(0.5),3.58,0.8812
MMR(0.5),3.59,0.881
MMR(0.5),3.61,0.881
MMR(0.5),3.62,0.8807
MMR(0.5),3.64,0.8805
MMR(0.5),3.65,0.8805
MMR(0.5),3.69,0.8805
MMR(0.5),3.7,0.8805
MMR(0.7),1.08,0.9059
MMR(0.7),1.09,0.9059
MMR(0.7),1.1,0.9059
MMR(0.7),1.13,0.9059
MMR(0.7),1.14,0.9059
MMR(0.7),1.16,0.9061
MMR(0.7),1.17,0.9062
MMR(0.7),1.18,0.9062
MMR(0.7),1.19,0.9062
MMR(0.7),1.2,0.9064
MMR(0.7),1.21,0.9064
MMR(0.7),1.22,0.9064
MMR(0.7),1.23,0.9064
MMR(0.7),1.24,0.9064
MMR(0.7),1.25,0.9064
MMR(0.7),1.26,0.9064
MMR(0.7),1.27,0.9064
MMR(0.7),1.28,0.9064
MMR(0.7),1.29,0.9064
MMR(0.7),1.3,0.9064
MMR(0.7),1.31,0.9064
MMR(0.7),1.32,0.9064
MMR(0.7),1.33,0.9066
MMR(0.7),1.34,0.9066
MMR(0.7),1.35,0.9066
MMR(0.7),1.36,0.9066
MMR(0.7),1.37,0.9066
MMR(0.7),1.38,0.9066
MMR(0.7),1.39,0.9066
MMR(0.7),1.4,0.9064
MMR(0.7),1.41,0.9066
MMR(0.7),1.42,0.9068
MMR(0.7),1.43,0.9068
MMR(0.7),1.44,0.9068
MMR(0.7),1.45,0.9069
MMR(0.7),1.46,0.9071
MMR(0.7),1.47,0.9071
MMR(0.7),1.48,0.9071
MMR(0.7),1.49,0.9071
MMR(0.7),1.5,0.9071
MMR(0.7),1.51,0.9073
MMR(0.7),1.52,0.9071
MMR(0.7),1.53,0.9071
MMR(0.7),1.54,0.9071
MMR(0.7),1.55,0.9071
MMR(0.7),1.56,0.9071
MMR(0.7),1.57,0.9071
MMR(0.7),1.58,0.9071
MMR(0.7),1.59,0.9073
MMR(0.7),1.6,0.9074
MMR(0.7),1.61,0.9076
MMR(0.7),1.62,0.9078
MMR(0.7),1.63,0.9083
MMR(0.7),1.64,0.9086
MMR(0.7),1.65,0.9088
MMR(0.7),1.66,0.9093
MMR(0.7),1.67,0.9093
MMR(0.7),1.68,0.9094
MMR(0.7),1.69,0.9096
MMR(0.7),1.7,0.9098
MMR(0.7),1.71,0.9096
MMR(0.7),1.72,0.9096
MMR(0.7),1.73,0.9099
MMR(0.7),1.74,0.9101
MMR(0.7),1.75,0.9106
MMR(0.7),1.76,0.9111
MMR(0.7),1.77,0.9115
MMR(0.7),1.78,0.9116
MMR(0.7),1.79,0.912
MMR(0.7),1.8,0.9121
MMR(0.7),1.81,0.9125
MMR(0.7),1.82,0.913
MMR(0.7),1.83,0.9131
MMR(0.7),1.84,0.9136
MMR(0.7),1.85,0.9141
MMR(0.7),1.86,0.9143
MMR(0.7),1.87,0.9143
MMR(0.7),1.88,0.914
MMR(0.7),1.89,0.9143
MMR(0.7),1.9,0.9143
MMR(0.7),1.91,0.9148
MMR(0.7),1.92,0.9148
MMR(0.7),1.93,0.9148
MMR(0.7),1.94,0.915
MMR(0.7),1.95,0.9148
MMR(0.7),1.96,0.9155
MMR(0.7),1.97,0.9155
MMR(0.7),1.98,0.916
MMR(0.7),1.99,0.9163
MMR(0.7),2.0,0.9163
MMR(0.7),2.01,0.9168
MMR(0.7),2.02,0.9173
MMR(0.7),2.03,0.9173
MMR(0.7),2.04,0.9178
MMR(0.7),2.05,0.9178
MMR(0.7),2.06,0.9182
MMR(0.7),2.07,0.9185
MMR(0.7),2.08,0.9185
MMR(0.7),2.09,0.919
MMR(0.7),2.1,0.9192
MMR(0.7),2.11,0.9194
MMR(0.7),2.12,0.9195
MMR(0.7),2.13,0.9192
MMR(0.7),2.14,0.9192
MMR(0.7),2.15,0.9195
MMR(0.7),2.16,0.9194
MMR(0.7),2.17,0.9192
MMR(0.7),2.18,0.9192
MMR(0.7),2.19,0.9192
MMR(0.7),2.2,0.9194
MMR(0.7),2.21,0.9195
MMR(0.7),2.22,0.919
MMR(0.7),2.23,0.9192
MMR(0.7),2.24,0.9192
MMR(0.7),2.25,0.9194
MMR(0.7),2.26,0.9197
MMR(0.7),2.27,0.9199
MMR(0.7),2.28,0.92
MMR(0.7),2.29,0.92
MMR(0.7),2.3,0.92
MMR(0.7),2.31,0.9202
MMR(0.7),2.32,0.9204
MMR(0.7),2.33,0.9205
MMR(0.7),2.34,0.9209
MMR(0.7),2.35,0.921
MMR(0.7),2.36,0.921
MMR(0.7),2.37,0.921
MMR(0.7),2.38,0.921
MMR(0.7),2.39,0.921
MMR(0.7),2.4,0.9214
MMR(0.7),2.41,0.921
MMR(0.7),2.42,0.921
MMR(0.7),2.43,0.9214
MMR(0.7),2.44,0.9217
MMR(0.7),2.45,0.9217
MMR(0.7),2.46,0.9219
MMR(0.7),2.47,0.9219
MMR(0.7),2.48,0.9222
MMR(0.7),2.49,0.9222
MMR(0.7),2.5,0.9222
MMR(0.7),2.51,0.9222
MMR(0.7),2.52,0.9224
MMR(0.7),2.53,0.9227
MMR(0.7),2.54,0.9227
MMR(0.7),2.55,0.9225
MMR(0.7),2.56,0.9229
MMR(0.7),2.57,0.9229
MMR(0.7),2.58,0.9225
MMR(0.7),2.59,0.9227
MMR(0.7),2.6,0.9227
MMR(0.7),2.61,0.9231
MMR(0.7),2.62,0.9231
MMR(0.7),2.63,0.9229
MMR(0.7),2.64,0.9227
MMR(0.7),2.65,0.9229
MMR(0.7),2.66,0.9232
MMR(0.7),2.67,0.9232
MMR(0.7),2.68,0.9232
MMR(0.7),2.69,0.9227
MMR(0.7),2.7,0.9225
MMR(0.7),2.71,0.9222
MMR(0.7),2.72,0.9224
MMR(0.7),2.73,0.9219
MMR(0.7),2.74,0.9217
MMR(0.7),2.75,0.9219
MMR(0.7),2.76,0.9217
MMR(0.7),2.77,0.9217
MMR(0.7),2.78,0.9217
MMR(0.7),2.79,0.9217
MMR(0.7),2.8,0.9217
MMR(0.7),2.81,0.9215
MMR(0.7),2.82,0.9215
MMR(0.7),2.83,0.9215
MMR(0.7),2.84,0.9215
MMR(0.7),2.85,0.9214
MMR(0.7),2.86,0.9214
MMR(0.7),2.87,0.9215
MMR(0.7),2.88,0.9215
MMR(0.7),2.89,0.9217
MMR(0.7),2.9,0.922
MMR(0.7),2.91,0.922
MMR(0.7),2.92,0.922
MMR(0.7),2.93,0.9219
MMR(0.7),2.94,0.9219
MMR(0.7),2.95,0.922
MMR(0.7),2.96,0.922
MMR(0.7),2.97,0.9222
MMR(0.7),2.98,0.9222
MMR(0.7),2.99,0.9222
MMR(0.7),3.0,0.9222
MMR(0.7),3.01,0.9222
MMR(0.7),3.02,0.9224
MMR(0.7),3.03,0.9224
MMR(0.7),3.04,0.9224
MMR(0.7),3.05,0.9224
MMR(0.7),3.06,0.9224
MMR(0.7),3.07,0.9224
MMR(0.7),3.08,0.9224
MMR(0.7),3.09,0.9225
MMR(0.7),3.1,0.9229
MMR(0.7),3.11,0.9229
MMR(0.7),3.12,0.9229
MMR(0.7),3.13,0.9229
MMR(0.7),3.14,0.9229
MMR(0.7),3.15,0.9229
MMR(0.7),3.16,0.9227
MMR(0.7),3.17,0.9229
MMR(0.7),3.18,0.9229
MMR(0.7),3.19,0.9227
MMR(0.7),3.2,0.9227
MMR(0.7),3.21,0.9227
MMR(0.7),3.22,0.9225
MMR(0.7),3.23,0.9225
MMR(0.7),3.24,0.9225
MMR(0.7),3.26,0.9225
MMR(0.7),3.27,0.9225
MMR(0.7),3.28,0.9225
MMR(0.7),3.29,0.9224
MMR(0.7),3.3,0.9224
MMR(0.7),3.31,0.9224
MMR(0.7),3.32,0.9224
MMR(0.7),3.33,0.9224
MMR(0.7),3.34,0.9224
MMR(0.7),3.36,0.9224
MMR(0.7),3.37,0.9224
MMR(0.7),3.38,0.9224
MMR(0.7),3.4,0.9224
MMR(0.7),3.41,0.9224
MMR(0.7),3.42,0.9224
MMR(0.7),3.43,0.9224
MMR(0.7),3.44,0.9224
MMR(0.7),3.47,0.9224
MMR(0.7),3.52,0.9222
MMR(0.7),3.56,0.9222
MMR(0.7),3.58,0.9222
MMR(0.7),3.59,0.922
MMR(0.7),3.61,0.922
MMR(0.7),3.62,0.9219
MMR(0.7),3.64,0.9219
MMR(0.7),3.65,0.9219
MMR(0.7),3.69,0.9219
MMR(0.7),3.7,0.9219
MMR(0.9),1.08,0.9059
MMR(0.9),1.09,0.9059
MMR(0.9),1.1,0.9059
MMR(0.9),1.13,0.9059
MMR(0.9),1.14,0.9059
MMR(0.9),1.16,0.9061
MMR(0.9),1.17,0.9061
MMR(0.9),1.18,0.9061
MMR(0.9),1.19,0.9061
MMR(0.9),1.2,0.9061
MMR(0.9),1.21,0.9061
MMR(0.9),1.22,0.9061
MMR(0.9),1.23,0.9061
MMR(0.9),1.24,0.9061
MMR(0.9),1.25,0.9062
MMR(0.9),1.26,0.9062
MMR(0.9),1.27,0.9062
MMR(0.9),1.28,0.9062
MMR(0.9),1.29,0.9062
MMR(0.9),1.3,0.9062
MMR(0.9),1.31,0.9062
MMR(0.9),1.32,0.9062
MMR(0.9),1.33,0.9062
MMR(0.9),1.34,0.9062
MMR(0.9),1.35,0.9062
MMR(0.9),1.36,0.9062
MMR(0.9),1.37,0.9062
MMR(0.9),1.38,0.9062
MMR(0.9),1.39,0.9062
MMR(0.9),1.4,0.9061
MMR(0.9),1.41,0.9062
MMR(0.9),1.42,0.9064
MMR(0.9),1.43,0.9064
MMR(0.9),1.44,0.9064
MMR(0.9),1.45,0.9066
MMR(0.9),1.46,0.9068
MMR(0.9),1.47,0.9068
MMR(0.9),1.48,0.9068
MMR(0.9),1.49,0.9068
MMR(0.9),1.5,0.9068
MMR(0.9),1.51,0.9069
MMR(0.9),1.52,0.9069
MMR(0.9),1.53,0.9069
MMR(0.9),1.54,0.9069
MMR(0.9),1.55,0.9069
MMR(0.9),1.56,0.9069
MMR(0.9),1.57,0.9069
MMR(0.9),1.58,0.9068
MMR(0.9),1.59,0.9068
MMR(0.9),1.6,0.9069
MMR(0.9),1.61,0.9069
MMR(0.9),1.62,0.9071
MMR(0.9),1.63,0.9073
MMR(0.9),1.64,0.9074
MMR(0.9),1.65,0.9076
MMR(0.9),1.66,0.9076
MMR(0.9),1.67,0.9076
MMR(0.9),1.68,0.9076
MMR(0.9),1.69,0.9078
MMR(0.9),1.7,0.9078
MMR(0.9),1.71,0.9079
MMR(0.9),1.72,0.9079
MMR(0.9),1.73,0.9081
MMR(0.9),1.74,0.9081
MMR(0.9),1.75,0.9086
MMR(0.9),1.76,0.9086
MMR(0.9),1.77,0.9088
MMR(0.9),1.78,0.9088
MMR(0.9),1.79,0.9089
MMR(0.9),1.8,0.9093
MMR(0.9),1.81,0.9093
MMR(0.9),1.82,0.9094
MMR(0.9),1.83,0.9094
MMR(0.9),1.84,0.9096
MMR(0.9),1.85,0.9098
MMR(0.9),1.86,0.9099
MMR(0.9),1.87,0.9099
MMR(0.9),1.88,0.9101
MMR(0.9),1.89,0.9105
MMR(0.9),1.9,0.9108
MMR(0.9),1.91,0.911
MMR(0.9),1.92,0.911
MMR(0.9),1.93,0.911
MMR(0.9),1.94,0.9111
MMR(0.9),1.95,0.9111
MMR(0.9),1.96,0.9113
MMR(0.9),1.97,0.9115
MMR(0.9),1.98,0.9115
MMR(0.9),1.99,0.9115
MMR(0.9),2.0,0.9115
MMR(0.9),2.01,0.9115
MMR(0.9),2.02,0.9116
MMR(0.9),2.03,0.9116
MMR(0.9),2.04,0.912
MMR(0.9),2.05,0.9121
MMR(0.9),2.06,0.9121
MMR(0.9),2.07,0.9123
MMR(0.9),2.08,0.9121
MMR(0.9),2.09,0.9125
MMR(0.9),2.1,0.9126
MMR(0.9),2.11,0.9128
MMR(0.9),2.12,0.913
MMR(0.9),2.13,0.913
MMR(0.9),2.14,0.913
MMR(0.9),2.15,0.9131
MMR(0.9),2.16,0.9133
MMR(0.9),2.17,0.9133
MMR(0.9),2.18,0.9135
MMR(0.9),2.19,0.9135
MMR(0.9),2.2,0.9135
MMR(0.9),2.21,0.9138
MMR(0.9),2.22,0.9138
MMR(0.9),2.23,0.914
MMR(0.9),2.24,0.914
MMR(0.9),2.25,0.914
MMR(0.9),2.26,0.9147
MMR(0.9),2.27,0.9148
MMR(0.9),2.28,0.9148
MMR(0.9),2.29,0.9148
MMR(0.9),2.3,0.9147
MMR(0.9),2.31,0.9148
MMR(0.9),2.32,0.915
MMR(0.9),2.33,0.9152
MMR(0.9),2.34,0.9153
MMR(0.9),2.35,0.9153
MMR(0.9),2.36,0.9153
MMR(0.9),2.37,0.9153
MMR(0.9),2.38,0.9153
MMR(0.9),2.39,0.9153
MMR(0.9),2.4,0.9155
MMR(0.9),2.41,0.9155
MMR(0.9),2.42,0.9155
MMR(0.9),2.43,0.9157
MMR(0.9),2.44,0.9158
MMR(0.9),2.45,0.916
MMR(0.9),2.46,0.9162
MMR(0.9),2.47,0.9163
MMR(0.9),2.48,0.9167
MMR(0.9),2.49,0.9167
MMR(0.9),2.5,0.9167
MMR(0.9),2.51,0.9167
MMR(0.9),2.52,0.9167
MMR(0.9),2.53,0.917
MMR(0.9),2.54,0.9168
MMR(0.9),2.55,0.9168
MMR(0.9),2.56,0.9168
MMR(0.9),2.57,0.9168
MMR(0.9),2.58,0.9168
MMR(0.9),2.59,0.917
MMR(0.9),2.6,0.917
MMR(0.9),2.61,0.917
MMR(0.9),2.62,0.917
MMR(0.9),2.63,0.917
MMR(0.9),2.64,0.9172
MMR(0.9),2.65,0.9173
MMR(0.9),2.66,0.9175
MMR(0.9),2.67,0.9177
MMR(0.9),2.68,0.9177
MMR(0.9),2.69,0.9175
MMR(0.9),2.7,0.9175
MMR(0.9),2.71,0.9172
MMR(0.9),2.72,0.9173
MMR(0.9),2.73,0.9173
MMR(0.9),2.74,0.9173
MMR(0.9),2.75,0.9175
MMR(0.9),2.76,0.9175
MMR(0.9),2.77,0.9175
MMR(0.9),2.78,0.9175
MMR(0.9),2.79,0.9175
MMR(0.9),2.8,0.9175
MMR(0.9),2.81,0.9175
MMR(0.9),2.82,0.9175
MMR(0.9),2.83,0.9175
MMR(0.9),2.84,0.9175
MMR(0.9),2.85,0.9175
MMR(0.9),2.86,0.9175
MMR(0.9),2.87,0.9177
MMR(0.9),2.88,0.9177
MMR(0.9),2.89,0.9178
MMR(0.9),2.9,0.9178
MMR(0.9),2.91,0.9178
MMR(0.9),2.92,0.9178
MMR(0.9),2.93,0.9178
MMR(0.9),2.94,0.9178
MMR(0.9),2.95,0.918
MMR(0.9),2.96,0.918
MMR(0.9),2.97,0.9182
MMR(0.9),2.98,0.9182
MMR(0.9),2.99,0.9182
MMR(0.9),3.0,0.9183
MMR(0.9),3.01,0.9183
MMR(0.9),3.02,0.9183
MMR(0.9),3.03,0.9183
MMR(0.9),3.04,0.9183
MMR(0.9),3.05,0.9183
MMR(0.9),3.06,0.9183
MMR(0.9),3.07,0.9183
MMR(0.9),3.08,0.9183
MMR(0.9),3.09,0.9183
MMR(0.9),3.1,0.9183
MMR(0.9),3.11,0.9183
MMR(0.9),3.12,0.9183
MMR(0.9),3.13,0.9183
MMR(0.9),3.14,0.9183
MMR(0.9),3.15,0.9183
MMR(0.9),3.16,0.9183
MMR(0.9),3.17,0.9185
MMR(0.9),3.18,0.9185
MMR(0.9),3.19,0.9185
MMR(0.9),3.2,0.9187
MMR(0.9),3.21,0.9187
MMR(0.9),3.22,0.9187
MMR(0.9),3.23,0.9187
MMR(0.9),3.24,0.9187
MMR(0.9),3.26,0.9187
MMR(0.9),3.27,0.9187
MMR(0.9),3.28,0.9187
MMR(0.9),3.29,0.9187
MMR(0.9),3.3,0.9187
MMR(0.9),3.31,0.9187
MMR(0.9),3.32,0.9187
MMR(0.9),3.33,0.9187
MMR(0.9),3.34,0.9187
MMR(0.9),3.36,0.9187
MMR(0.9),3.37,0.9187
MMR(0.9),3.38,0.9187
MMR(0.9),3.4,0.9187
MMR(0.9),3.41,0.9187
MMR(0.9),3.42,0.9187
MMR(0.9),3.43,0.9187
MMR(0.9),3.44,0.9187
MMR(0.9),3.47,0.9187
MMR(0.9),3.52,0.9187
MMR(0.9),3.56,0.9187
MMR(0.9),3.58,0.9187
MMR(0.9),3.59,0.9187
MMR(0.9),3.61,0.9187
MMR(0.9),3.62,0.9187
MMR(0.9),3.64,0.9187
MMR(0.9),3.65,0.9187
MMR(0.9),3.69,0.9187
MMR(0.9),3.7,0.9187
Maxmin,1.08,0.9059
Maxmin,1.09,0.9059
Maxmin,1.1,0.9059
Maxmin,1.13,0.9059
Maxmin,1.14,0.9059
Maxmin,1.16,0.9059
Maxmin,1.17,0.9061
Maxmin,1.18,0.9061
Maxmin,1.19,0.9061
Maxmin,1.2,0.9062
Maxmin,1.21,0.9064
Maxmin,1.22,0.9064
Maxmin,1.23,0.9064
Maxmin,1.24,0.9064
Maxmin,1.25,0.9066
Maxmin,1.26,0.9066
Maxmin,1.27,0.9066
Maxmin,1.28,0.9066
Maxmin,1.29,0.9066
Maxmin,1.3,0.9066
Maxmin,1.31,0.9066
Maxmin,1.32,0.9066
Maxmin,1.33,0.9068
Maxmin,1.34,0.9068
Maxmin,1.35,0.9068
Maxmin,1.36,0.9068
Maxmin,1.37,0.9068
Maxmin,1.38,0.9068
Maxmin,1.39,0.9068
Maxmin,1.4,0.9068
Maxmin,1.41,0.9069
Maxmin,1.42,0.9069
Maxmin,1.43,0.9068
Maxmin,1.44,0.9068
Maxmin,1.45,0.9068
Maxmin,1.46,0.9066
Maxmin,1.47,0.9066
Maxmin,1.48,0.9066
Maxmin,1.49,0.9066
Maxmin,1.5,0.9068
Maxmin,1.51,0.9069
Maxmin,1.52,0.9069
Maxmin,1.53,0.9069
Maxmin,1.54,0.9069
Maxmin,1.55,0.9069
Maxmin,1.56,0.9069
Maxmin,1.57,0.9069
Maxmin,1.58,0.9068
Maxmin,1.59,0.9073
Maxmin,1.6,0.9073
Maxmin,1.61,0.9074
Maxmin,1.62,0.9074
Maxmin,1.63,0.9076
Maxmin,1.64,0.9078
Maxmin,1.65,0.9076
Maxmin,1.66,0.9074
Maxmin,1.67,0.9069
Maxmin,1.68,0.9071
Maxmin,1.69,0.9069
Maxmin,1.7,0.9071
Maxmin,1.71,0.9069
Maxmin,1.72,0.9069
Maxmin,1.73,0.9071
Maxmin,1.74,0.9071
Maxmin,1.75,0.9074
Maxmin,1.76,0.9069
Maxmin,1.77,0.9066
Maxmin,1.78,0.9064
Maxmin,1.79,0.9071
Maxmin,1.8,0.9066
Maxmin,1.81,0.9066
Maxmin,1.82,0.9066
Maxmin,1.83,0.9062
Maxmin,1.84,0.9061
Maxmin,1.85,0.9059
Maxmin,1.86,0.9059
Maxmin,1.87,0.9054
Maxmin,1.88,0.9044
Maxmin,1.89,0.9042
Maxmin,1.9,0.9044
Maxmin,1.91,0.9044
Maxmin,1.92,0.9039
Maxmin,1.93,0.9034
Maxmin,1.94,0.9027
Maxmin,1.95,0.9027
Maxmin,1.96,0.902
Maxmin,1.97,0.9024
Maxmin,1.98,0.9027
Maxmin,1.99,0.902
Maxmin,2.0,0.9017
Maxmin,2.01,0.9007
Maxmin,2.02,0.9009
Maxmin,2.03,0.9005
Maxmin,2.04,0.9005
Maxmin,2.05,0.8995
Maxmin,2.06,0.8992
Maxmin,2.07,0.8992
Maxmin,2.08,0.899
Maxmin,2.09,0.8992
Maxmin,2.1,0.8982
Maxmin,2.11,0.8975
Maxmin,2.12,0.897
Maxmin,2.13,0.8967
Maxmin,2.14,0.896
Maxmin,2.15,0.8952
Maxmin,2.16,0.8945
Maxmin,2.17,0.8938
Maxmin,2.18,0.8931
Maxmin,2.19,0.893
Maxmin,2.2,0.8923
Maxmin,2.21,0.8921
Maxmin,2.22,0.8913
Maxmin,2.23,0.8908
Maxmin,2.24,0.891
Maxmin,2.25,0.891
Maxmin,2.26,0.8903
Maxmin,2.27,0.8898
Maxmin,2.28,0.8889
Maxmin,2.29,0.8884
Maxmin,2.3,0.8879
Maxmin,2.31,0.8881
Maxmin,2.32,0.8873
Maxmin,2.33,0.8866
Maxmin,2.34,0.8859
Maxmin,2.35,0.8852
Maxmin,2.36,0.8846
Maxmin,2.37,0.8844
Maxmin,2.38,0.8839
Maxmin,2.39,0.8827
Maxmin,2.4,0.8824
Maxmin,2.41,0.8816
Maxmin,2.42,0.8814
Maxmin,2.43,0.8802
Maxmin,2.44,0.8792
Maxmin,2.45,0.8787
Maxmin,2.46,0.878
Maxmin,2.47,0.8774
Maxmin,2.48,0.8768
Maxmin,2.49,0.8758
Maxmin,2.5,0.8752
Maxmin,2.51,0.8743
Maxmin,2.52,0.8743
Maxmin,2.53,0.8742
Maxmin,2.54,0.8735
Maxmin,2.55,0.8728
Maxmin,2.56,0.8726
Maxmin,2.57,0.8726
Maxmin,2.58,0.8721
Maxmin,2.59,0.8715
Maxmin,2.6,0.8715
Maxmin,2.61,0.8711
Maxmin,2.62,0.8708
Maxmin,2.63,0.8703
Maxmin,2.64,0.8693
Maxmin,2.65,0.869
Maxmin,2.66,0.8688
Maxmin,2.67,0.8679
Maxmin,2.68,0.8671
Maxmin,2.69,0.8663
Maxmin,2.7,0.8661
Maxmin,2.71,0.8653
Maxmin,2.72,0.8653
Maxmin,2.73,0.8644
Maxmin,2.74,0.8644
Maxmin,2.75,0.8639
Maxmin,2.76,0.8632
Maxmin,2.77,0.8629
Maxmin,2.78,0.8627
Maxmin,2.79,0.8627
Maxmin,2.8,0.8629
Maxmin,2.81,0.8626
Maxmin,2.82,0.8624
Maxmin,2.83,0.8622
Maxmin,2.84,0.8619
Maxmin,2.85,0.8619
Maxmin,2.86,0.8617
Maxmin,2.87,0.8617
Maxmin,2.88,0.8617
Maxmin,2.89,0.8614
Maxmin,2.9,0.8612
Maxmin,2.91,0.8609
Maxmin,2.92,0.86
Maxmin,2.93,0.8597
Maxmin,2.94,0.8594
Maxmin,2.95,0.8594
Maxmin,2.96,0.859
Maxmin,2.97,0.8587
Maxmin,2.98,0.8584
Maxmin,2.99,0.8584
Maxmin,3.0,0.8584
Maxmin,3.01,0.8584
Maxmin,3.02,0.8584
Maxmin,3.03,0.8584
Maxmin,3.04,0.858
Maxmin,3.05,0.858
Maxmin,3.06,0.858
Maxmin,3.07,0.8577
Maxmin,3.08,0.8577
Maxmin,3.09,0.8575
Maxmin,3.1,0.8574
Maxmin,3.11,0.8574
Maxmin,3.12,0.8572
Maxmin,3.13,0.857
Maxmin,3.14,0.857
Maxmin,3.15,0.8569
Maxmin,3.16,0.8567
Maxmin,3.17,0.8565
Maxmin,3.18,0.8565
Maxmin,3.19,0.8565
Maxmin,3.2,0.8565
Maxmin,3.21,0.8565
Maxmin,3.22,0.8564
Maxmin,3.23,0.8564
Maxmin,3.24,0.8562
Maxmin,3.26,0.856
Maxmin,3.27,0.856
Maxmin,3.28,0.856
Maxmin,3.29,0.8558
Maxmin,3.3,0.8558
Maxmin,3.31,0.8558
Maxmin,3.32,0.8558
Maxmin,3.33,0.8558
Maxmin,3.34,0.8558
Maxmin,3.36,0.856
Maxmin,3.37,0.856
Maxmin,3.38,0.856
Maxmin,3.4,0.856
Maxmin,3.41,0.856
Maxmin,3.42,0.856
Maxmin,3.43,0.8557
Maxmin,3.44,0.8557
Maxmin,3.47,0.8557
Maxmin,3.52,0.8555
Maxmin,3.56,0.8553
Maxmin,3.58,0.8553
Maxmin,3.59,0.8552
Maxmin,3.61,0.8552
Maxmin,3.62,0.8548
Maxmin,3.64,0.8547
Maxmin,3.65,0.8547
Maxmin,3.69,0.8547
Maxmin,3.7,0.8547
Greedy-DPP,1.08,0.9059
Greedy-DPP,1.09,0.9059
Greedy-DPP,1.1,0.9059
Greedy-DPP,1.13,0.9059
Greedy-DPP,1.14,0.9059
Greedy-DPP,1.16,0.9059
Greedy-DPP,1.17,0.9061
Greedy-DPP,1.18,0.9061
Greedy-DPP,1.19,0.9061
Greedy-DPP,1.2,0.9062
Greedy-DPP,1.21,0.9062
Greedy-DPP,1.22,0.9062
Greedy-DPP,1.23,0.9062
Greedy-DPP,1.24,0.9062
Greedy-DPP,1.25,0.9062
Greedy-DPP,1.26,0.9062
Greedy-DPP,1.27,0.9062
Greedy-DPP,1.28,0.9062
Greedy-DPP,1.29,0.9062
Greedy-DPP,1.3,0.9062
Greedy-DPP,1.31,0.9062
Greedy-DPP,1.32,0.9062
Greedy-DPP,1.33,0.9064
Greedy-DPP,1.34,0.9064
Greedy-DPP,1.35,0.9064
Greedy-DPP,1.36,0.9064
Greedy-DPP,1.37,0.9064
Greedy-DPP,1.38,0.9064
Greedy-DPP,1.39,0.9064
Greedy-DPP,1.4,0.9064
Greedy-DPP,1.41,0.9066
Greedy-DPP,1.42,0.9066
Greedy-DPP,1.43,0.9066
Greedy-DPP,1.44,0.9066
Greedy-DPP,1.45,0.9066
Greedy-DPP,1.46,0.9066
Greedy-DPP,1.47,0.9066
Greedy-DPP,1.48,0.9066
Greedy-DPP,1.49,0.9066
Greedy-DPP,1.5,0.9068
Greedy-DPP,1.51,0.9071
Greedy-DPP,1.52,0.9069
Greedy-DPP,1.53,0.9069
Greedy-DPP,1.54,0.9069
Greedy-DPP,1.55,0.9068
Greedy-DPP,1.56,0.9068
Greedy-DPP,1.57,0.9068
Greedy-DPP,1.58,0.9068
Greedy-DPP,1.59,0.9071
Greedy-DPP,1.6,0.9073
Greedy-DPP,1.61,0.9074
Greedy-DPP,1.62,0.9076
Greedy-DPP,1.63,0.9078
Greedy-DPP,1.64,0.9078
Greedy-DPP,1.65,0.9079
Greedy-DPP,1.66,0.9083
Greedy-DPP,1.67,0.9083
Greedy-DPP,1.68,0.9086
Greedy-DPP,1.69,0.9086
Greedy-DPP,1.7,0.9088
Greedy-DPP,1.71,0.9088
Greedy-DPP,1.72,0.9088
Greedy-DPP,1.73,0.9091
Greedy-DPP,1.74,0.9094
Greedy-DPP,1.75,0.9099
Greedy-DPP,1.76,0.9106
Greedy-DPP,1.77,0.9106
Greedy-DPP,1.78,0.9106
Greedy-DPP,1.79,0.9111
Greedy-DPP,1.8,0.911
Greedy-DPP,1.81,0.9111
Greedy-DPP,1.82,0.911
Greedy-DPP,1.83,0.9108
Greedy-DPP,1.84,0.9111
Greedy-DPP,1.85,0.9118
Greedy-DPP,1.86,0.912
Greedy-DPP,1.87,0.9115
Greedy-DPP,1.88,0.9106
Greedy-DPP,1.89,0.9105
Greedy-DPP,1.9,0.911
Greedy-DPP,1.91,0.9115
Greedy-DPP,1.92,0.9115
Greedy-DPP,1.93,0.9115
Greedy-DPP,1.94,0.9116
Greedy-DPP,1.95,0.9115
Greedy-DPP,1.96,0.9116
Greedy-DPP,1.97,0.9116
Greedy-DPP,1.98,0.9121
Greedy-DPP,1.99,0.9125
Greedy-DPP,2.0,0.9125
Greedy-DPP,2.01,0.9125
Greedy-DPP,2.02,0.913
Greedy-DPP,2.03,0.913
Greedy-DPP,2.04,0.9133
Greedy-DPP,2.05,0.9131
Greedy-DPP,2.06,0.9135
Greedy-DPP,2.07,0.9136
Greedy-DPP,2.08,0.9135
Greedy-DPP,2.09,0.9138
Greedy-DPP,2.1,0.9138
Greedy-DPP,2.11,0.9136
Greedy-DPP,2.12,0.914
Greedy-DPP,2.13,0.9138
Greedy-DPP,2.14,0.9138
Greedy-DPP,2.15,0.9135
Greedy-DPP,2.16,0.9131
Greedy-DPP,2.17,0.913
Greedy-DPP,2.18,0.913
Greedy-DPP,2.19,0.913
Greedy-DPP,2.2,0.9131
Greedy-DPP,2.21,0.9133
Greedy-DPP,2.22,0.9128
Greedy-DPP,2.23,0.9126
Greedy-DPP,2.24,0.9128
Greedy-DPP,2.25,0.9126
Greedy-DPP,2.26,0.9126
Greedy-DPP,2.27,0.9128
Greedy-DPP,2.28,0.9125
Greedy-DPP,2.29,0.9128
Greedy-DPP,2.3,0.9125
Greedy-DPP,2.31,0.9128
Greedy-DPP,2.32,0.913
Greedy-DPP,2.33,0.913
Greedy-DPP,2.34,0.9133
Greedy-DPP,2.35,0.9133
Greedy-DPP,2.36,0.9131
Greedy-DPP,2.37,0.9128
Greedy-DPP,2.38,0.9128
Greedy-DPP,2.39,0.9123
Greedy-DPP,2.4,0.9126
Greedy-DPP,2.41,0.9123
Greedy-DPP,2.42,0.9123
Greedy-DPP,2.43,0.9126
Greedy-DPP,2.44,0.9123
Greedy-DPP,2.45,0.9123
Greedy-DPP,2.46,0.9125
Greedy-DPP,2.47,0.9125
Greedy-DPP,2.48,0.9128
Greedy-DPP,2.49,0.9126
Greedy-DPP,2.5,0.9125
Greedy-DPP,2.51,0.9121
Greedy-DPP,2.52,0.9123
Greedy-DPP,2.53,0.9126
Greedy-DPP,2.54,0.9126
Greedy-DPP,2.55,0.9126
Greedy-DPP,2.56,0.9128
Greedy-DPP,2.57,0.9128
Greedy-DPP,2.58,0.9125
Greedy-DPP,2.59,0.9125
Greedy-DPP,2.6,0.9125
Greedy-DPP,2.61,0.9126
Greedy-DPP,2.62,0.9125
Greedy-DPP,2.63,0.9123
Greedy-DPP,2.64,0.9118
Greedy-DPP,2.65,0.9118
Greedy-DPP,2.66,0.912
Greedy-DPP,2.67,0.912
Greedy-DPP,2.68,0.9118
Greedy-DPP,2.69,0.9118
Greedy-DPP,2.7,0.9116
Greedy-DPP,2.71,0.9111
Greedy-DPP,2.72,0.9113
Greedy-DPP,2.73,0.9106
Greedy-DPP,2.74,0.9103
Greedy-DPP,2.75,0.9105
Greedy-DPP,2.76,0.9103
Greedy-DPP,2.77,0.9103
Greedy-DPP,2.78,0.9101
Greedy-DPP,2.79,0.9101
Greedy-DPP,2.8,0.9103
Greedy-DPP,2.81,0.9101
Greedy-DPP,2.82,0.9099
Greedy-DPP,2.83,0.9098
Greedy-DPP,2.84,0.9094
Greedy-DPP,2.85,0.9093
Greedy-DPP,2.86,0.9093
Greedy-DPP,2.87,0.9094
Greedy-DPP,2.88,0.9094
Greedy-DPP,2.89,0.9096
Greedy-DPP,2.9,0.9098
Greedy-DPP,2.91,0.9098
Greedy-DPP,2.92,0.9096
Greedy-DPP,2.93,0.9094
Greedy-DPP,2.94,0.9091
Greedy-DPP,2.95,0.9093
Greedy-DPP,2.96,0.9093
Greedy-DPP,2.97,0.9094
Greedy-DPP,2.98,0.9093
Greedy-DPP,2.99,0.9093
Greedy-DPP,3.0,0.9093
Greedy-DPP,3.01,0.9093
Greedy-DPP,3.02,0.9094
Greedy-DPP,3.03,0.9094
Greedy-DPP,3.04,0.9094
Greedy-DPP,3.05,0.9094
Greedy-DPP,3.06,0.9094
Greedy-DPP,3.07,0.9094
Greedy-DPP,3.08,0.9094
Greedy-DPP,3.09,0.9094
Greedy-DPP,3.1,0.9098
Greedy-DPP,3.11,0.9098
Greedy-DPP,3.12,0.9098
Greedy-DPP,3.13,0.9098
Greedy-DPP,3.14,0.9098
Greedy-DPP,3.15,0.9098
Greedy-DPP,3.16,0.9096
Greedy-DPP,3.17,0.9096
Greedy-DPP,3.18,0.9096
Greedy-DPP,3.19,0.9094
Greedy-DPP,3.2,0.9094
Greedy-DPP,3.21,0.9094
Greedy-DPP,3.22,0.9093
Greedy-DPP,3.23,0.9093
Greedy-DPP,3.24,0.9093
Greedy-DPP,3.26,0.9093
Greedy-DPP,3.27,0.9093
Greedy-DPP,3.28,0.9093
Greedy-DPP,3.29,0.9091
Greedy-DPP,3.3,0.9091
Greedy-DPP,3.31,0.9091
Greedy-DPP,3.32,0.9091
Greedy-DPP,3.33,0.9091
Greedy-DPP,3.34,0.9091
Greedy-DPP,3.36,0.9091
Greedy-DPP,3.37,0.9091
Greedy-DPP,3.38,0.9091
Greedy-DPP,3.4,0.9091
Greedy-DPP,3.41,0.9091
Greedy-DPP,3.42,0.9091
Greedy-DPP,3.43,0.9091
Greedy-DPP,3.44,0.9091
Greedy-DPP,3.47,0.9091
Greedy-DPP,3.52,0.9091
Greedy-DPP,3.56,0.9091
Greedy-DPP,3.58,0.9091
Greedy-DPP,3.59,0.9089
Greedy-DPP,3.61,0.9089
Greedy-DPP,3.62,0.9088
Greedy-DPP,3.64,0.9088
Greedy-DPP,3.65,0.9088
Greedy-DPP,3.69,0.9088
Greedy-DPP,3.7,0.9088
RNG(-0.3),1.08,0.9059
RNG(-0.3),1.09,0.9059
RNG(-0.3),1.1,0.9059
RNG(-0.3),1.13,0.9059
RNG(-0.3),1.14,0.9059
RNG(-0.3),1.16,0.9061
RNG(-0.3),1.17,0.9061
RNG(-0.3),1.18,0.9061
RNG(-0.3),1.19,0.9061
RNG(-0.3),1.2,0.9061
RNG(-0.3),1.21,0.9061
RNG(-0.3),1.22,0.9061
RNG(-0.3),1.23,0.9061
RNG(-0.3),1.24,0.9061
RNG(-0.3),1.25,0.9062
RNG(-0.3),1.26,0.9062
RNG(-0.3),1.27,0.9062
RNG(-0.3),1.28,0.9062
RNG(-0.3),1.29,0.9062
RNG(-0.3),1.3,0.9062
RNG(-0.3),1.31,0.9062
RNG(-0.3),1.32,0.9062
RNG(-0.3),1.33,0.9062
RNG(-0.3),1.34,0.9062
RNG(-0.3),1.35,0.9062
RNG(-0.3),1.36,0.9062
RNG(-0.3),1.37,0.9062
RNG(-0.3),1.38,0.9062
RNG(-0.3),1.39,0.9062
RNG(-0.3),1.4,0.9062
RNG(-0.3),1.41,0.9062
RNG(-0.3),1.42,0.9062
RNG(-0.3),1.43,0.9062
RNG(-0.3),1.44,0.9062
RNG(-0.3),1.45,0.9062
RNG(-0.3),1.46,0.9064
RNG(-0.3),1.47,0.9064
RNG(-0.3),1.48,0.9064
RNG(-0.3),1.49,0.9064
RNG(-0.3),1.5,0.9064
RNG(-0.3),1.51,0.9064
RNG(-0.3),1.52,0.9064
RNG(-0.3),1.53,0.9064
RNG(-0.3),1.54,0.9064
RNG(-0.3),1.55,0.9064
RNG(-0.3),1.56,0.9064
RNG(-0.3),1.57,0.9064
RNG(-0.3),1.58,0.9064
RNG(-0.3),1.59,0.9064
RNG(-0.3),1.6,0.9064
RNG(-0.3),1.61,0.9064
RNG(-0.3),1.62,0.9064
RNG(-0.3),1.63,0.9064
RNG(-0.3),1.64,0.9064
RNG(-0.3),1.65,0.9066
RNG(-0.3),1.66,0.9066
RNG(-0.3),1.67,0.9066
RNG(-0.3),1.68,0.9066
RNG(-0.3),1.69,0.9066
RNG(-0.3),1.7,0.9068
RNG(-0.3),1.71,0.9069
RNG(-0.3),1.72,0.9069
RNG(-0.3),1.73,0.9071
RNG(-0.3),1.74,0.9071
RNG(-0.3),1.75,0.9071
RNG(-0.3),1.76,0.9071
RNG(-0.3),1.77,0.9073
RNG(-0.3),1.78,0.9073
RNG(-0.3),1.79,0.9073
RNG(-0.3),1.8,0.9073
RNG(-0.3),1.81,0.9074
RNG(-0.3),1.82,0.9074
RNG(-0.3),1.83,0.9074
RNG(-0.3),1.84,0.9074
RNG(-0.3),1.85,0.9074
RNG(-0.3),1.86,0.9074
RNG(-0.3),1.87,0.9074
RNG(-0.3),1.88,0.9076
RNG(-0.3),1.89,0.9076
RNG(-0.3),1.9,0.9078
RNG(-0.3),1.91,0.9079
RNG(-0.3),1.92,0.9079
RNG(-0.3),1.93,0.9079
RNG(-0.3),1.94,0.9079
RNG(-0.3),1.95,0.9079
RNG(-0.3),1.96,0.9081
RNG(-0.3),1.97,0.9081
RNG(-0.3),1.98,0.9081
RNG(-0.3),1.99,0.9081
RNG(-0.3),2.0,0.9081
RNG(-0.3),2.01,0.9081
RNG(-0.3),2.02,0.9083
RNG(-0.3),2.03,0.9083
RNG(-0.3),2.04,0.9084
RNG(-0.3),2.05,0.9084
RNG(-0.3),2.06,0.9084
RNG(-0.3),2.07,0.9086
RNG(-0.3),2.08,0.9086
RNG(-0.3),2.09,0.9088
RNG(-0.3),2.1,0.9088
RNG(-0.3),2.11,0.9089
RNG(-0.3),2.12,0.9089
RNG(-0.3),2.13,0.9089
RNG(-0.3),2.14,0.9089
RNG(-0.3),2.15,0.9093
RNG(-0.3),2.16,0.9093
RNG(-0.3),2.17,0.9093
RNG(-0.3),2.18,0.9093
RNG(-0.3),2.19,0.9093
RNG(-0.3),2.2,0.9093
RNG(-0.3),2.21,0.9093
RNG(-0.3),2.22,0.9093
RNG(-0.3),2.23,0.9093
RNG(-0.3),2.24,0.9093
RNG(-0.3),2.25,0.9093
RNG(-0.3),2.26,0.9096
RNG(-0.3),2.27,0.9096
RNG(-0.3),2.28,0.9096
RNG(-0.3),2.29,0.9096
RNG(-0.3),2.3,0.9096
RNG(-0.3),2.31,0.9098
RNG(-0.3),2.32,0.9098
RNG(-0.3),2.33,0.9098
RNG(-0.3),2.34,0.9099
RNG(-0.3),2.35,0.9101
RNG(-0.3),2.36,0.9101
RNG(-0.3),2.37,0.9101
RNG(-0.3),2.38,0.9101
RNG(-0.3),2.39,0.9101
RNG(-0.3),2.4,0.9101
RNG(-0.3),2.41,0.9101
RNG(-0.3),2.42,0.9101
RNG(-0.3),2.43,0.9105
RNG(-0.3),2.44,0.911
RNG(-0.3),2.45,0.911
RNG(-0.3),2.46,0.9111
RNG(-0.3),2.47,0.9111
RNG(-0.3),2.48,0.9111
RNG(-0.3),2.49,0.9111
RNG(-0.3),2.5,0.9111
RNG(-0.3),2.51,0.9111
RNG(-0.3),2.52,0.9111
RNG(-0.3),2.53,0.9111
RNG(-0.3),2.54,0.9111
RNG(-0.3),2.55,0.9111
RNG(-0.3),2.56,0.9111
RNG(-0.3),2.57,0.9111
RNG(-0.3),2.58,0.9111
RNG(-0.3),2.59,0.9111
RNG(-0.3),2.6,0.9111
RNG(-0.3),2.61,0.9111
RNG(-0.3),2.62,0.9111
RNG(-0.3),2.63,0.9111
RNG(-0.3),2.64,0.9111
RNG(-0.3),2.65,0.9113
RNG(-0.3),2.66,0.9113
RNG(-0.3),2.67,0.9113
RNG(-0.3),2.68,0.9113
RNG(-0.3),2.69,0.9113
RNG(-0.3),2.7,0.9113
RNG(-0.3),2.71,0.9113
RNG(-0.3),2.72,0.9113
RNG(-0.3),2.73,0.9113
RNG(-0.3),2.74,0.9113
RNG(-0.3),2.75,0.9113
RNG(-0.3),2.76,0.9113
RNG(-0.3),2.77,0.9113
RNG(-0.3),2.78,0.9113
RNG(-0.3),2.79,0.9113
RNG(-0.3),2.8,0.9113
RNG(-0.3),2.81,0.9113
RNG(-0.3),2.82,0.9113
RNG(-0.3),2.83,0.9113
RNG(-0.3),2.84,0.9113
RNG(-0.3),2.85,0.9113
RNG(-0.3),2.86,0.9113
RNG(-0.3),2.87,0.9113
RNG(-0.3),2.88,0.9113
RNG(-0.3),2.89,0.9113
RNG(-0.3),2.9,0.9113
RNG(-0.3),2.91,0.9113
RNG(-0.3),2.92,0.9113
RNG(-0.3),2.93,0.9113
RNG(-0.3),2.94,0.9113
RNG(-0.3),2.95,0.9113
RNG(-0.3),2.96,0.9113
RNG(-0.3),2.97,0.9113
RNG(-0.3),2.98,0.9113
RNG(-0.3),2.99,0.9115
RNG(-0.3),3.0,0.9116
RNG(-0.3),3.01,0.9116
RNG(-0.3),3.02,0.9116
RNG(-0.3),3.03,0.9116
RNG(-0.3),3.04,0.9116
RNG(-0.3),3.05,0.9116
RNG(-0.3),3.06,0.9116
RNG(-0.3),3.07,0.9116
RNG(-0.3),3.08,0.9116
RNG(-0.3),3.09,0.9116
RNG(-0.3),3.1,0.9116
RNG(-0.3),3.11,0.9116
RNG(-0.3),3.12,0.9116
RNG(-0.3),3.13,0.9116
RNG(-0.3),3.14,0.9116
RNG(-0.3),3.15,0.9116
RNG(-0.3),3.16,0.9116
RNG(-0.3),3.17,0.9118
RNG(-0.3),3.18,0.9118
RNG(-0.3),3.19,0.9118
RNG(-0.3),3.2,0.9118
RNG(-0.3),3.21,0.9118
RNG(-0.3),3.22,0.9118
RNG(-0.3),3.23,0.9118
RNG(-0.3),3.24,0.9118
RNG(-0.3),3.26,0.9118
RNG(-0.3),3.27,0.9118
RNG(-0.3),3.28,0.9118
RNG(-0.3),3.29,0.9118
RNG(-0.3),3.3,0.9118
RNG(-0.3),3.31,0.9118
RNG(-0.3),3.32,0.9118
RNG(-0.3),3.33,0.9118
RNG(-0.3),3.34,0.9118
RNG(-0.3),3.36,0.9118
RNG(-0.3),3.37,0.9118
RNG(-0.3),3.38,0.9118
RNG(-0.3),3.4,0.9118
RNG(-0.3),3.41,0.9118
RNG(-0.3),3.42,0.9118
RNG(-0.3),3.43,0.9118
RNG(-0.3),3.44,0.9118
RNG(-0.3),3.47,0.9118
RNG(-0.3),3.52,0.9118
RNG(-0.3),3.56,0.9118
RNG(-0.3),3.58,0.9118
RNG(-0.3),3.59,0.9118
RNG(-0.3),3.61,0.9118
RNG(-0.3),3.62,0.9118
RNG(-0.3),3.64,0.9118
RNG(-0.3),3.65,0.9118
RNG(-0.3),3.69,0.9118
RNG(-0.3),3.7,0.9118
RNG(-0.2),1.08,0.9059
RNG(-0.2),1.09,0.9059
RNG(-0.2),1.1,0.9059
RNG(-0.2),1.13,0.9059
RNG(-0.2),1.14,0.9059
RNG(-0.2),1.16,0.9061
RNG(-0.2),1.17,0.9062
RNG(-0.2),1.18,0.9062
RNG(-0.2),1.19,0.9062
RNG(-0.2),1.2,0.9064
RNG(-0.2),1.21,0.9064
RNG(-0.2),1.22,0.9064
RNG(-0.2),1.23,0.9064
RNG(-0.2),1.24,0.9064
RNG(-0.2),1.25,0.9066
RNG(-0.2),1.26,0.9066
RNG(-0.2),1.27,0.9066
RNG(-0.2),1.28,0.9066
RNG(-0.2),1.29,0.9066
RNG(-0.2),1.3,0.9066
RNG(-0.2),1.31,0.9066
RNG(-0.2),1.32,0.9066
RNG(-0.2),1.33,0.9066
RNG(-0.2),1.34,0.9066
RNG(-0.2),1.35,0.9066
RNG(-0.2),1.36,0.9066
RNG(-0.2),1.37,0.9066
RNG(-0.2),1.38,0.9066
RNG(-0.2),1.39,0.9066
RNG(-0.2),1.4,0.9066
RNG(-0.2),1.41,0.9068
RNG(-0.2),1.42,0.9069
RNG(-0.2),1.43,0.9069
RNG(-0.2),1.44,0.9069
RNG(-0.2),1.45,0.9071
RNG(-0.2),1.46,0.9073
RNG(-0.2),1.47,0.9073
RNG(-0.2),1.48,0.9073
RNG(-0.2),1.49,0.9073
RNG(-0.2),1.5,0.9073
RNG(-0.2),1.51,0.9073
RNG(-0.2),1.52,0.9074
RNG(-0.2),1.53,0.9074
RNG(-0.2),1.54,0.9074
RNG(-0.2),1.55,0.9074
RNG(-0.2),1.56,0.9074
RNG(-0.2),1.57,0.9074
RNG(-0.2),1.58,0.9074
RNG(-0.2),1.59,0.9076
RNG(-0.2),1.6,0.9078
RNG(-0.2),1.61,0.9079
RNG(-0.2),1.62,0.9081
RNG(-0.2),1.63,0.9083
RNG(-0.2),1.64,0.9081
RNG(-0.2),1.65,0.9084
RNG(-0.2),1.66,0.9084
RNG(-0.2),1.67,0.9086
RNG(-0.2),1.68,0.9089
RNG(-0.2),1.69,0.9091
RNG(-0.2),1.7,0.9093
RNG(-0.2),1.71,0.9094
RNG(-0.2),1.72,0.9094
RNG(-0.2),1.73,0.9098
RNG(-0.2),1.74,0.9098
RNG(-0.2),1.75,0.9101
RNG(-0.2),1.76,0.9103
RNG(-0.2),1.77,0.9106
RNG(-0.2),1.78,0.9106
RNG(-0.2),1.79,0.911
RNG(-0.2),1.8,0.9113
RNG(-0.2),1.81,0.9115
RNG(-0.2),1.82,0.9116
RNG(-0.2),1.83,0.9116
RNG(-0.2),1.84,0.9121
RNG(-0.2),1.85,0.9125
RNG(-0.2),1.86,0.9125
RNG(-0.2),1.87,0.9125
RNG(-0.2),1.88,0.9126
RNG(-0.2),1.89,0.9126
RNG(-0.2),1.9,0.913
RNG(-0.2),1.91,0.9131
RNG(-0.2),1.92,0.9131
RNG(-0.2),1.93,0.9131
RNG(-0.2),1.94,0.9133
RNG(-0.2),1.95,0.9133
RNG(-0.2),1.96,0.9136
RNG(-0.2),1.97,0.9138
RNG(-0.2),1.98,0.914
RNG(-0.2),1.99,0.9143
RNG(-0.2),2.0,0.9145
RNG(-0.2),2.01,0.9145
RNG(-0.2),2.02,0.9147
RNG(-0.2),2.03,0.9147
RNG(-0.2),2.04,0.9148
RNG(-0.2),2.05,0.915
RNG(-0.2),2.06,0.915
RNG(-0.2),2.07,0.9152
RNG(-0.2),2.08,0.9152
RNG(-0.2),2.09,0.9153
RNG(-0.2),2.1,0.9155
RNG(-0.2),2.11,0.9158
RNG(-0.2),2.12,0.9158
RNG(-0.2),2.13,0.9158
RNG(-0.2),2.14,0.9158
RNG(-0.2),2.15,0.9162
RNG(-0.2),2.16,0.9163
RNG(-0.2),2.17,0.9163
RNG(-0.2),2.18,0.9163
RNG(-0.2),2.19,0.9163
RNG(-0.2),2.2,0.9163
RNG(-0.2),2.21,0.9165
RNG(-0.2),2.22,0.9163
RNG(-0.2),2.23,0.9163
RNG(-0.2),2.24,0.9163
RNG(-0.2),2.25,0.9163
RNG(-0.2),2.26,0.917
RNG(-0.2),2.27,0.9173
RNG(-0.2),2.28,0.9173
RNG(-0.2),2.29,0.9173
RNG(-0.2),2.3,0.9173
RNG(-0.2),2.31,0.9175
RNG(-0.2),2.32,0.9175
RNG(-0.2),2.33,0.9177
RNG(-0.2),2.34,0.9178
RNG(-0.2),2.35,0.918
RNG(-0.2),2.36,0.9182
RNG(-0.2),2.37,0.9183
RNG(-0.2),2.38,0.9183
RNG(-0.2),2.39,0.9183
RNG(-0.2),2.4,0.9185
RNG(-0.2),2.41,0.9185
RNG(-0.2),2.42,0.9185
RNG(-0.2),2.43,0.9189
RNG(-0.2),2.44,0.9192
RNG(-0.2),2.45,0.9194
RNG(-0.2),2.46,0.9195
RNG(-0.2),2.47,0.9195
RNG(-0.2),2.48,0.9197
RNG(-0.2),2.49,0.9197
RNG(-0.2),2.5,0.9197
RNG(-0.2),2.51,0.9197
RNG(-0.2),2.52,0.9197
RNG(-0.2),2.53,0.92
RNG(-0.2),2.54,0.92
RNG(-0.2),2.55,0.92
RNG(-0.2),2.56,0.92
RNG(-0.2),2.57,0.92
RNG(-0.2),2.58,0.92
RNG(-0.2),2.59,0.92
RNG(-0.2),2.6,0.92
RNG(-0.2),2.61,0.92
RNG(-0.2),2.62,0.92
RNG(-0.2),2.63,0.92
RNG(-0.2),2.64,0.9202
RNG(-0.2),2.65,0.9204
RNG(-0.2),2.66,0.9205
RNG(-0.2),2.67,0.9207
RNG(-0.2),2.68,0.9207
RNG(-0.2),2.69,0.9207
RNG(-0.2),2.7,0.9207
RNG(-0.2),2.71,0.9207
RNG(-0.2),2.72,0.9207
RNG(-0.2),2.73,0.9207
RNG(-0.2),2.74,0.9207
RNG(-0.2),2.75,0.9209
RNG(-0.2),2.76,0.9209
RNG(-0.2),2.77,0.9209
RNG(-0.2),2.78,0.9209
RNG(-0.2),2.79,0.9209
RNG(-0.2),2.8,0.9209
RNG(-0.2),2.81,0.9209
RNG(-0.2),2.82,0.9209
RNG(-0.2),2.83,0.9209
RNG(-0.2),2.84,0.9209
RNG(-0.2),2.85,0.9209
RNG(-0.2),2.86,0.9209
RNG(-0.2),2.87,0.9209
RNG(-0.2),2.88,0.9209
RNG(-0.2),2.89,0.921
RNG(-0.2),2.9,0.921
RNG(-0.2),2.91,0.921
RNG(-0.2),2.92,0.9214
RNG(-0.2),2.93,0.9214
RNG(-0.2),2.94,0.9214
RNG(-0.2),2.95,0.9215
RNG(-0.2),2.96,0.9215
RNG(-0.2),2.97,0.9215
RNG(-0.2),2.98,0.9215
RNG(-0.2),2.99,0.9217
RNG(-0.2),3.0,0.9219
RNG(-0.2),3.01,0.9219
RNG(-0.2),3.02,0.9219
RNG(-0.2),3.03,0.9219
RNG(-0.2),3.04,0.9219
RNG(-0.2),3.05,0.9219
RNG(-0.2),3.06,0.9219
RNG(-0.2),3.07,0.9219
RNG(-0.2),3.08,0.9219
RNG(-0.2),3.09,0.9219
RNG(-0.2),3.1,0.9219
RNG(-0.2),3.11,0.9219
RNG(-0.2),3.12,0.9219
RNG(-0.2),3.13,0.9219
RNG(-0.2),3.14,0.9219
RNG(-0.2),3.15,0.9219
RNG(-0.2),3.16,0.9219
RNG(-0.2),3.17,0.922
RNG(-0.2),3.18,0.922
RNG(-0.2),3.19,0.922
RNG(-0.2),3.2,0.922
RNG(-0.2),3.21,0.922
RNG(-0.2),3.22,0.922
RNG(-0.2),3.23,0.922
RNG(-0.2),3.24,0.922
RNG(-0.2),3.26,0.922
RNG(-0.2),3.27,0.922
RNG(-0.2),3.28,0.922
RNG(-0.2),3.29,0.922
RNG(-0.2),3.3,0.922
RNG(-0.2),3.31,0.922
RNG(-0.2),3.32,0.922
RNG(-0.2),3.33,0.922
RNG(-0.2),3.34,0.922
RNG(-0.2),3.36,0.922
RNG(-0.2),3.37,0.922
RNG(-0.2),3.38,0.922
RNG(-0.2),3.4,0.922
RNG(-0.2),3.41,0.922
RNG(-0.2),3.42,0.922
RNG(-0.2),3.43,0.922
RNG(-0.2),3.44,0.922
RNG(-0.2),3.47,0.922
RNG(-0.2),3.52,0.922
RNG(-0.2),3.56,0.922
RNG(-0.2),3.58,0.922
RNG(-0.2),3.59,0.922
RNG(-0.2),3.61,0.922
RNG(-0.2),3.62,0.922
RNG(-0.2),3.64,0.922
RNG(-0.2),3.65,0.922
RNG(-0.2),3.69,0.922
RNG(-0.2),3.7,0.922
RNG(-0.1),1.08,0.9059
RNG(-0.1),1.09,0.9059
RNG(-0.1),1.1,0.9059
RNG(-0.1),1.13,0.9059
RNG(-0.1),1.14,0.9059
RNG(-0.1),1.16,0.9061
RNG(-0.1),1.17,0.9062
RNG(-0.1),1.18,0.9062
RNG(-0.1),1.19,0.9062
RNG(-0.1),1.2,0.9064
RNG(-0.1),1.21,0.9064
RNG(-0.1),1.22,0.9064
RNG(-0.1),1.23,0.9064
RNG(-0.1),1.24,0.9064
RNG(-0.1),1.25,0.9064
RNG(-0.1),1.26,0.9064
RNG(-0.1),1.27,0.9064
RNG(-0.1),1.28,0.9064
RNG(-0.1),1.29,0.9064
RNG(-0.1),1.3,0.9064
RNG(-0.1),1.31,0.9064
RNG(-0.1),1.32,0.9064
RNG(-0.1),1.33,0.9066
RNG(-0.1),1.34,0.9066
RNG(-0.1),1.35,0.9066
RNG(-0.1),1.36,0.9066
RNG(-0.1),1.37,0.9066
RNG(-0.1),1.38,0.9066
RNG(-0.1),1.39,0.9066
RNG(-0.1),1.4,0.9066
RNG(-0.1),1.41,0.9068
RNG(-0.1),1.42,0.9069
RNG(-0.1),1.43,0.9068
RNG(-0.1),1.44,0.9068
RNG(-0.1),1.45,0.9069
RNG(-0.1),1.46,0.9071
RNG(-0.1),1.47,0.9071
RNG(-0.1),1.48,0.9071
RNG(-0.1),1.49,0.9071
RNG(-0.1),1.5,0.9071
RNG(-0.1),1.51,0.9073
RNG(-0.1),1.52,0.9073
RNG(-0.1),1.53,0.9073
RNG(-0.1),1.54,0.9073
RNG(-0.1),1.55,0.9073
RNG(-0.1),1.56,0.9073
RNG(-0.1),1.57,0.9073
RNG(-0.1),1.58,0.9073
RNG(-0.1),1.59,0.9073
RNG(-0.1),1.6,0.9076
RNG(-0.1),1.61,0.9078
RNG(-0.1),1.62,0.9078
RNG(-0.1),1.63,0.9079
RNG(-0.1),1.64,0.9081
RNG(-0.1),1.65,0.9083
RNG(-0.1),1.66,0.9089
RNG(-0.1),1.67,0.9089
RNG(-0.1),1.68,0.9091
RNG(-0.1),1.69,0.9093
RNG(-0.1),1.7,0.9094
RNG(-0.1),1.71,0.9094
RNG(-0.1),1.72,0.9094
RNG(-0.1),1.73,0.9098
RNG(-0.1),1.74,0.9099
RNG(-0.1),1.75,0.9105
RNG(-0.1),1.76,0.911
RNG(-0.1),1.77,0.9113
RNG(-0.1),1.78,0.9115
RNG(-0.1),1.79,0.9118
RNG(-0.1),1.8,0.912
RNG(-0.1),1.81,0.9125
RNG(-0.1),1.82,0.9128
RNG(-0.1),1.83,0.9128
RNG(-0.1),1.84,0.9133
RNG(-0.1),1.85,0.9138
RNG(-0.1),1.86,0.914
RNG(-0.1),1.87,0.9141
RNG(-0.1),1.88,0.9143
RNG(-0.1),1.89,0.9147
RNG(-0.1),1.9,0.9148
RNG(-0.1),1.91,0.9152
RNG(-0.1),1.92,0.9152
RNG(-0.1),1.93,0.9152
RNG(-0.1),1.94,0.9153
RNG(-0.1),1.95,0.9153
RNG(-0.1),1.96,0.9157
RNG(-0.1),1.97,0.9157
RNG(-0.1),1.98,0.916
RNG(-0.1),1.99,0.916
RNG(-0.1),2.0,0.9162
RNG(-0.1),2.01,0.9165
RNG(-0.1),2.02,0.9168
RNG(-0.1),2.03,0.9168
RNG(-0.1),2.04,0.9173
RNG(-0.1),2.05,0.9173
RNG(-0.1),2.06,0.9177
RNG(-0.1),2.07,0.918
RNG(-0.1),2.08,0.918
RNG(-0.1),2.09,0.9183
RNG(-0.1),2.1,0.9183
RNG(-0.1),2.11,0.9189
RNG(-0.1),2.12,0.919
RNG(-0.1),2.13,0.9187
RNG(-0.1),2.14,0.9187
RNG(-0.1),2.15,0.919
RNG(-0.1),2.16,0.919
RNG(-0.1),2.17,0.919
RNG(-0.1),2.18,0.919
RNG(-0.1),2.19,0.919
RNG(-0.1),2.2,0.9194
RNG(-0.1),2.21,0.9197
RNG(-0.1),2.22,0.9195
RNG(-0.1),2.23,0.9195
RNG(-0.1),2.24,0.9195
RNG(-0.1),2.25,0.9195
RNG(-0.1),2.26,0.9202
RNG(-0.1),2.27,0.9202
RNG(-0.1),2.28,0.9204
RNG(-0.1),2.29,0.9204
RNG(-0.1),2.3,0.9204
RNG(-0.1),2.31,0.9205
RNG(-0.1),2.32,0.9205
RNG(-0.1),2.33,0.9209
RNG(-0.1),2.34,0.9212
RNG(-0.1),2.35,0.9212
RNG(-0.1),2.36,0.9212
RNG(-0.1),2.37,0.9212
RNG(-0.1),2.38,0.9212
RNG(-0.1),2.39,0.9214
RNG(-0.1),2.4,0.9217
RNG(-0.1),2.41,0.9217
RNG(-0.1),2.42,0.9217
RNG(-0.1),2.43,0.922
RNG(-0.1),2.44,0.9225
RNG(-0.1),2.45,0.9227
RNG(-0.1),2.46,0.9229
RNG(-0.1),2.47,0.9231
RNG(-0.1),2.48,0.9234
RNG(-0.1),2.49,0.9236
RNG(-0.1),2.5,0.9236
RNG(-0.1),2.51,0.9236
RNG(-0.1),2.52,0.9236
RNG(-0.1),2.53,0.9239
RNG(-0.1),2.54,0.9239
RNG(-0.1),2.55,0.9239
RNG(-0.1),2.56,0.9239
RNG(-0.1),2.57,0.9239
RNG(-0.1),2.58,0.9239
RNG(-0.1),2.59,0.9239
RNG(-0.1),2.6,0.9239
RNG(-0.1),2.61,0.9241
RNG(-0.1),2.62,0.9241
RNG(-0.1),2.63,0.9241
RNG(-0.1),2.64,0.9242
RNG(-0.1),2.65,0.9244
RNG(-0.1),2.66,0.9244
RNG(-0.1),2.67,0.9246
RNG(-0.1),2.68,0.9246
RNG(-0.1),2.69,0.9244
RNG(-0.1),2.7,0.9246
RNG(-0.1),2.71,0.9244
RNG(-0.1),2.72,0.9244
RNG(-0.1),2.73,0.9244
RNG(-0.1),2.74,0.9242
RNG(-0.1),2.75,0.9246
RNG(-0.1),2.76,0.9246
RNG(-0.1),2.77,0.9246
RNG(-0.1),2.78,0.9246
RNG(-0.1),2.79,0.9246
RNG(-0.1),2.8,0.9246
RNG(-0.1),2.81,0.9244
RNG(-0.1),2.82,0.9242
RNG(-0.1),2.83,0.9242
RNG(-0.1),2.84,0.9242
RNG(-0.1),2.85,0.9241
RNG(-0.1),2.86,0.9241
RNG(-0.1),2.87,0.9241
RNG(-0.1),2.88,0.9241
RNG(-0.1),2.89,0.9241
RNG(-0.1),2.9,0.9241
RNG(-0.1),2.91,0.9241
RNG(-0.1),2.92,0.9244
RNG(-0.1),2.93,0.9244
RNG(-0.1),2.94,0.9244
RNG(-0.1),2.95,0.9246
RNG(-0.1),2.96,0.9246
RNG(-0.1),2.97,0.9247
RNG(-0.1),2.98,0.9247
RNG(-0.1),2.99,0.9247
RNG(-0.1),3.0,0.9249
RNG(-0.1),3.01,0.9249
RNG(-0.1),3.02,0.9251
RNG(-0.1),3.03,0.9251
RNG(-0.1),3.04,0.9251
RNG(-0.1),3.05,0.9251
RNG(-0.1),3.06,0.9251
RNG(-0.1),3.07,0.9251
RNG(-0.1),3.08,0.9251
RNG(-0.1),3.09,0.9251
RNG(-0.1),3.1,0.9251
RNG(-0.1),3.11,0.9251
RNG(-0.1),3.12,0.9249
RNG(-0.1),3.13,0.9249
RNG(-0.1),3.14,0.9249
RNG(-0.1),3.15,0.9249
RNG(-0.1),3.16,0.9249
RNG(-0.1),3.17,0.9251
RNG(-0.1),3.18,0.9251
RNG(-0.1),3.19,0.9249
RNG(-0.1),3.2,0.9251
RNG(-0.1),3.21,0.9251
RNG(-0.1),3.22,0.9249
RNG(-0.1),3.23,0.9249
RNG(-0.1),3.24,0.9249
RNG(-0.1),3.26,0.9249
RNG(-0.1),3.27,0.9249
RNG(-0.1),3.28,0.9249
RNG(-0.1),3.29,0.9249
RNG(-0.1),3.3,0.9249
RNG(-0.1),3.31,0.9249
RNG(-0.1),3.32,0.9249
RNG(-0.1),3.33,0.9249
RNG(-0.1),3.34,0.9249
RNG(-0.1),3.36,0.9249
RNG(-0.1),3.37,0.9249
RNG(-0.1),3.38,0.9249
RNG(-0.1),3.4,0.9249
RNG(-0.1),3.41,0.9249
RNG(-0.1),3.42,0.9249
RNG(-0.1),3.43,0.9249
RNG(-0.1),3.44,0.9249
RNG(-0.1),3.47,0.9249
RNG(-0.1),3.52,0.9249
RNG(-0.1),3.56,0.9249
RNG(-0.1),3.58,0.9249
RNG(-0.1),3.59,0.9249
RNG(-0.1),3.61,0.9249
RNG(-0.1),3.62,0.9249
RNG(-0.1),3.64,0.9249
RNG(-0.1),3.65,0.9249
RNG(-0.1),3.69,0.9249
RNG(-0.1),3.7,0.9249
RNG(-0.05),1.08,0.9059
RNG(-0.05),1.09,0.9059
RNG(-0.05),1.1,0.9059
RNG(-0.05),1.13,0.9059
RNG(-0.05),1.14,0.9059
RNG(-0.05),1.16,0.9061
RNG(-0.05),1.17,0.9062
RNG(-0.05),1.18,0.9062
RNG(-0.05),1.19,0.9062
RNG(-0.05),1.2,0.9064
RNG(-0.05),1.21,0.9064
RNG(-0.05),1.22,0.9064
RNG(-0.05),1.23,0.9064
RNG(-0.05),1.24,0.9064
RNG(-0.05),1.25,0.9064
RNG(-0.05),1.26,0.9064
RNG(-0.05),1.27,0.9064
RNG(-0.05),1.28,0.9064
RNG(-0.05),1.29,0.9064
RNG(-0.05),1.3,0.9064
RNG(-0.05),1.31,0.9064
RNG(-0.05),1.32,0.9064
RNG(-0.05),1.33,0.9066
RNG(-0.05),1.34,0.9066
RNG(-0.05),1.35,0.9066
RNG(-0.05),1.36,0.9066
RNG(-0.05),1.37,0.9066
RNG(-0.05),1.38,0.9066
RNG(-0.05),1.39,0.9066
RNG(-0.05),1.4,0.9064
RNG(-0.05),1.41,0.9066
RNG(-0.05),1.42,0.9068
RNG(-0.05),1.43,0.9068
RNG(-0.05),1.44,0.9068
RNG(-0.05),1.45,0.9069
RNG(-0.05),1.46,0.9071
RNG(-0.05),1.47,0.9071
RNG(-0.05),1.48,0.9071
RNG(-0.05),1.49,0.9071
RNG(-0.05),1.5,0.9071
RNG(-0.05),1.51,0.9073
RNG(-0.05),1.52,0.9073
RNG(-0.05),1.53,0.9073
RNG(-0.05),1.54,0.9073
RNG(-0.05),1.55,0.9073
RNG(-0.05),1.56,0.9073
RNG(-0.05),1.57,0.9073
RNG(-0.05),1.58,0.9073
RNG(-0.05),1.59,0.9073
RNG(-0.05),1.6,0.9073
RNG(-0.05),1.61,0.9074
RNG(-0.05),1.62,0.9074
RNG(-0.05),1.63,0.9076
RNG(-0.05),1.64,0.9078
RNG(-0.05),1.65,0.9079
RNG(-0.05),1.66,0.9084
RNG(-0.05),1.67,0.9084
RNG(-0.05),1.68,0.9084
RNG(-0.05),1.69,0.9084
RNG(-0.05),1.7,0.9084
RNG(-0.05),1.71,0.9086
RNG(-0.05),1.72,0.9088
RNG(-0.05),1.73,0.9091
RNG(-0.05),1.74,0.9094
RNG(-0.05),1.75,0.9099
RNG(-0.05),1.76,0.9103
RNG(-0.05),1.77,0.9105
RNG(-0.05),1.78,0.9105
RNG(-0.05),1.79,0.911
RNG(-0.05),1.8,0.911
RNG(-0.05),1.81,0.9111
RNG(-0.05),1.82,0.9116
RNG(-0.05),1.83,0.9118
RNG(-0.05),1.84,0.9121
RNG(-0.05),1.85,0.9128
RNG(-0.05),1.86,0.913
RNG(-0.05),1.87,0.913
RNG(-0.05),1.88,0.9126
RNG(-0.05),1.89,0.913
RNG(-0.05),1.9,0.9133
RNG(-0.05),1.91,0.9135
RNG(-0.05),1.92,0.9133
RNG(-0.05),1.93,0.9131
RNG(-0.05),1.94,0.9135
RNG(-0.05),1.95,0.9135
RNG(-0.05),1.96,0.9136
RNG(-0.05),1.97,0.9138
RNG(-0.05),1.98,0.9141
RNG(-0.05),1.99,0.9141
RNG(-0.05),2.0,0.9141
RNG(-0.05),2.01,0.9147
RNG(-0.05),2.02,0.915
RNG(-0.05),2.03,0.915
RNG(-0.05),2.04,0.9155
RNG(-0.05),2.05,0.9155
RNG(-0.05),2.06,0.9158
RNG(-0.05),2.07,0.9162
RNG(-0.05),2.08,0.9163
RNG(-0.05),2.09,0.9165
RNG(-0.05),2.1,0.9162
RNG(-0.05),2.11,0.9163
RNG(-0.05),2.12,0.9165
RNG(-0.05),2.13,0.9162
RNG(-0.05),2.14,0.9162
RNG(-0.05),2.15,0.9163
RNG(-0.05),2.16,0.9165
RNG(-0.05),2.17,0.9165
RNG(-0.05),2.18,0.9165
RNG(-0.05),2.19,0.9163
RNG(-0.05),2.2,0.9167
RNG(-0.05),2.21,0.9167
RNG(-0.05),2.22,0.9162
RNG(-0.05),2.23,0.9162
RNG(-0.05),2.24,0.9162
RNG(-0.05),2.25,0.9163
RNG(-0.05),2.26,0.9167
RNG(-0.05),2.27,0.9167
RNG(-0.05),2.28,0.9167
RNG(-0.05),2.29,0.9165
RNG(-0.05),2.3,0.9163
RNG(-0.05),2.31,0.9165
RNG(-0.05),2.32,0.9165
RNG(-0.05),2.33,0.9165
RNG(-0.05),2.34,0.9167
RNG(-0.05),2.35,0.9167
RNG(-0.05),2.36,0.9165
RNG(-0.05),2.37,0.9165
RNG(-0.05),2.38,0.9165
RNG(-0.05),2.39,0.9167
RNG(-0.05),2.4,0.9168
RNG(-0.05),2.41,0.9167
RNG(-0.05),2.42,0.9167
RNG(-0.05),2.43,0.9168
RNG(-0.05),2.44,0.9173
RNG(-0.05),2.45,0.9172
RNG(-0.05),2.46,0.9173
RNG(-0.05),2.47,0.9173
RNG(-0.05),2.48,0.9177
RNG(-0.05),2.49,0.9172
RNG(-0.05),2.5,0.9172
RNG(-0.05),2.51,0.917
RNG(-0.05),2.52,0.917
RNG(-0.05),2.53,0.9173
RNG(-0.05),2.54,0.9173
RNG(-0.05),2.55,0.9172
RNG(-0.05),2.56,0.9172
RNG(-0.05),2.57,0.9172
RNG(-0.05),2.58,0.9172
RNG(-0.05),2.59,0.9172
RNG(-0.05),2.6,0.9172
RNG(-0.05),2.61,0.917
RNG(-0.05),2.62,0.917
RNG(-0.05),2.63,0.917
RNG(-0.05),2.64,0.9172
RNG(-0.05),2.65,0.9173
RNG(-0.05),2.66,0.9175
RNG(-0.05),2.67,0.9175
RNG(-0.05),2.68,0.9175
RNG(-0.05),2.69,0.9172
RNG(-0.05),2.7,0.9172
RNG(-0.05),2.71,0.917
RNG(-0.05),2.72,0.917
RNG(-0.05),2.73,0.917
RNG(-0.05),2.74,0.9168
RNG(-0.05),2.75,0.917
RNG(-0.05),2.76,0.9168
RNG(-0.05),2.77,0.9168
RNG(-0.05),2.78,0.9168
RNG(-0.05),2.79,0.9168
RNG(-0.05),2.8,0.9168
RNG(-0.05),2.81,0.9167
RNG(-0.05),2.82,0.9165
RNG(-0.05),2.83,0.9165
RNG(-0.05),2.84,0.9163
RNG(-0.05),2.85,0.9163
RNG(-0.05),2.86,0.9163
RNG(-0.05),2.87,0.9163
RNG(-0.05),2.88,0.9163
RNG(-0.05),2.89,0.9163
RNG(-0.05),2.9,0.9163
RNG(-0.05),2.91,0.9163
RNG(-0.05),2.92,0.9163
RNG(-0.05),2.93,0.9162
RNG(-0.05),2.94,0.916
RNG(-0.05),2.95,0.9162
RNG(-0.05),2.96,0.9162
RNG(-0.05),2.97,0.9163
RNG(-0.05),2.98,0.9163
RNG(-0.05),2.99,0.9163
RNG(-0.05),3.0,0.9165
RNG(-0.05),3.01,0.9165
RNG(-0.05),3.02,0.9167
RNG(-0.05),3.03,0.9167
RNG(-0.05),3.04,0.9167
RNG(-0.05),3.05,0.9167
RNG(-0.05),3.06,0.9167
RNG(-0.05),3.07,0.9167
RNG(-0.05),3.08,0.9167
RNG(-0.05),3.09,0.9167
RNG(-0.05),3.1,0.9167
RNG(-0.05),3.11,0.9167
RNG(-0.05),3.12,0.9165
RNG(-0.05),3.13,0.9165
RNG(-0.05),3.14,0.9165
RNG(-0.05),3.15,0.9165
RNG(-0.05),3.16,0.9163
RNG(-0.05),3.17,0.9163
RNG(-0.05),3.18,0.9163
RNG(-0.05),3.19,0.9162
RNG(-0.05),3.2,0.9163
RNG(-0.05),3.21,0.9163
RNG(-0.05),3.22,0.9162
RNG(-0.05),3.23,0.9162
RNG(-0.05),3.24,0.9162
RNG(-0.05),3.26,0.9162
RNG(-0.05),3.27,0.9162
RNG(-0.05),3.28,0.9162
RNG(-0.05),3.29,0.9162
RNG(-0.05),3.3,0.9162
RNG(-0.05),3.31,0.9162
RNG(-0.05),3.32,0.9162
RNG(-0.05),3.33,0.9162
RNG(-0.05),3.34,0.9162
RNG(-0.05),3.36,0.9162
RNG(-0.05),3.37,0.9162
RNG(-0.05),3.38,0.9162
RNG(-0.05),3.4,0.9162
RNG(-0.05),3.41,0.9162
RNG(-0.05),3.42,0.9162
RNG(-0.05),3.43,0.9162
RNG(-0.05),3.44,0.9162
RNG(-0.05),3.47,0.9162
RNG(-0.05),3.52,0.9162
RNG(-0.05),3.56,0.9162
RNG(-0.05),3.58,0.9162
RNG(-0.05),3.59,0.9162
RNG(-0.05),3.61,0.9162
RNG(-0.05),3.62,0.9162
RNG(-0.05),3.64,0.9162
RNG(-0.05),3.65,0.9162
RNG(-0.05),3.69,0.9162
RNG(-0.05),3.7,0.9162
RNG(0),1.08,0.9059
RNG(0),1.09,0.9059
RNG(0),1.1,0.9059
RNG(0),1.13,0.9059
RNG(0),1.14,0.9059
RNG(0),1.16,0.9059
RNG(0),1.17,0.9061
RNG(0),1.18,0.9061
RNG(0),1.19,0.9061
RNG(0),1.2,0.9062
RNG(0),1.21,0.9062
RNG(0),1.22,0.9062
RNG(0),1.23,0.9062
RNG(0),1.24,0.9062
RNG(0),1.25,0.9062
RNG(0),1.26,0.9062
RNG(0),1.27,0.9062
RNG(0),1.28,0.9062
RNG(0),1.29,0.9062
RNG(0),1.3,0.9062
RNG(0),1.31,0.9062
RNG(0),1.32,0.9062
RNG(0),1.33,0.9062
RNG(0),1.34,0.9062
RNG(0),1.35,0.9062
RNG(0),1.36,0.9062
RNG(0),1.37,0.9062
RNG(0),1.38,0.9062
RNG(0),1.39,0.9062
RNG(0),1.4,0.9061
RNG(0),1.41,0.9062
RNG(0),1.42,0.9062
RNG(0),1.43,0.9062
RNG(0),1.44,0.9062
RNG(0),1.45,0.9064
RNG(0),1.46,0.9066
RNG(0),1.47,0.9066
RNG(0),1.48,0.9066
RNG(0),1.49,0.9066
RNG(0),1.5,0.9066
RNG(0),1.51,0.9068
RNG(0),1.52,0.9068
RNG(0),1.53,0.9068
RNG(0),1.54,0.9068
RNG(0),1.55,0.9068
RNG(0),1.56,0.9068
RNG(0),1.57,0.9068
RNG(0),1.58,0.9066
RNG(0),1.59,0.9066
RNG(0),1.6,0.9066
RNG(0),1.61,0.9066
RNG(0),1.62,0.9066
RNG(0),1.63,0.9068
RNG(0),1.64,0.9069
RNG(0),1.65,0.9071
RNG(0),1.66,0.9074
RNG(0),1.67,0.9074
RNG(0),1.68,0.9074
RNG(0),1.69,0.9076
RNG(0),1.7,0.9076
RNG(0),1.71,0.9076
RNG(0),1.72,0.9078
RNG(0),1.73,0.9081
RNG(0),1.74,0.9083
RNG(0),1.75,0.9088
RNG(0),1.76,0.9089
RNG(0),1.77,0.9091
RNG(0),1.78,0.9091
RNG(0),1.79,0.9096
RNG(0),1.8,0.9096
RNG(0),1.81,0.9099
RNG(0),1.82,0.9105
RNG(0),1.83,0.9105
RNG(0),1.84,0.9108
RNG(0),1.85,0.9113
RNG(0),1.86,0.9115
RNG(0),1.87,0.9115
RNG(0),1.88,0.9111
RNG(0),1.89,0.9115
RNG(0),1.9,0.9118
RNG(0),1.91,0.9123
RNG(0),1.92,0.9121
RNG(0),1.93,0.9121
RNG(0),1.94,0.9121
RNG(0),1.95,0.9121
RNG(0),1.96,0.9123
RNG(0),1.97,0.9125
RNG(0),1.98,0.9125
RNG(0),1.99,0.9128
RNG(0),2.0,0.9128
RNG(0),2.01,0.913
RNG(0),2.02,0.9133
RNG(0),2.03,0.9133
RNG(0),2.04,0.9136
RNG(0),2.05,0.9136
RNG(0),2.06,0.914
RNG(0),2.07,0.9143
RNG(0),2.08,0.9143
RNG(0),2.09,0.9143
RNG(0),2.1,0.9141
RNG(0),2.11,0.914
RNG(0),2.12,0.9141
RNG(0),2.13,0.9138
RNG(0),2.14,0.9141
RNG(0),2.15,0.9143
RNG(0),2.16,0.9143
RNG(0),2.17,0.9141
RNG(0),2.18,0.914
RNG(0),2.19,0.9138
RNG(0),2.2,0.914
RNG(0),2.21,0.914
RNG(0),2.22,0.9133
RNG(0),2.23,0.9133
RNG(0),2.24,0.9133
RNG(0),2.25,0.9135
RNG(0),2.26,0.9138
RNG(0),2.27,0.914
RNG(0),2.28,0.914
RNG(0),2.29,0.9138
RNG(0),2.3,0.9138
RNG(0),2.31,0.914
RNG(0),2.32,0.9141
RNG(0),2.33,0.9141
RNG(0),2.34,0.9143
RNG(0),2.35,0.9143
RNG(0),2.36,0.9141
RNG(0),2.37,0.914
RNG(0),2.38,0.914
RNG(0),2.39,0.9141
RNG(0),2.4,0.9143
RNG(0),2.41,0.9141
RNG(0),2.42,0.9141
RNG(0),2.43,0.9143
RNG(0),2.44,0.9145
RNG(0),2.45,0.9143
RNG(0),2.46,0.9145
RNG(0),2.47,0.9145
RNG(0),2.48,0.9148
RNG(0),2.49,0.9143
RNG(0),2.5,0.9143
RNG(0),2.51,0.9141
RNG(0),2.52,0.9141
RNG(0),2.53,0.9145
RNG(0),2.54,0.9143
RNG(0),2.55,0.9141
RNG(0),2.56,0.9143
RNG(0),2.57,0.9143
RNG(0),2.58,0.9143
RNG(0),2.59,0.9145
RNG(0),2.6,0.9143
RNG(0),2.61,0.9141
RNG(0),2.62,0.9141
RNG(0),2.63,0.914
RNG(0),2.64,0.914
RNG(0),2.65,0.9141
RNG(0),2.66,0.9141
RNG(0),2.67,0.9141
RNG(0),2.68,0.9141
RNG(0),2.69,0.9138
RNG(0),2.7,0.9136
RNG(0),2.71,0.9135
RNG(0),2.72,0.9135
RNG(0),2.73,0.9135
RNG(0),2.74,0.9133
RNG(0),2.75,0.9133
RNG(0),2.76,0.9131
RNG(0),2.77,0.9131
RNG(0),2.78,0.9131
RNG(0),2.79,0.9131
RNG(0),2.8,0.9131
RNG(0),2.81,0.913
RNG(0),2.82,0.9128
RNG(0),2.83,0.9128
RNG(0),2.84,0.9126
RNG(0),2.85,0.9126
RNG(0),2.86,0.9126
RNG(0),2.87,0.9128
RNG(0),2.88,0.9128
RNG(0),2.89,0.9128
RNG(0),2.9,0.913
RNG(0),2.91,0.913
RNG(0),2.92,0.913
RNG(0),2.93,0.9128
RNG(0),2.94,0.9126
RNG(0),2.95,0.9128
RNG(0),2.96,0.9128
RNG(0),2.97,0.913
RNG(0),2.98,0.913
RNG(0),2.99,0.913
RNG(0),3.0,0.9131
RNG(0),3.01,0.9131
RNG(0),3.02,0.9133
RNG(0),3.03,0.9133
RNG(0),3.04,0.9133
RNG(0),3.05,0.9133
RNG(0),3.06,0.9133
RNG(0),3.07,0.9133
RNG(0),3.08,0.9133
RNG(0),3.09,0.9133
RNG(0),3.1,0.9133
RNG(0),3.11,0.9133
RNG(0),3.12,0.9131
RNG(0),3.13,0.9131
RNG(0),3.14,0.9131
RNG(0),3.15,0.9131
RNG(0),3.16,0.913
RNG(0),3.17,0.913
RNG(0),3.18,0.913
RNG(0),3.19,0.9128
RNG(0),3.2,0.913
RNG(0),3.21,0.913
RNG(0),3.22,0.9128
RNG(0),3.23,0.9128
RNG(0),3.24,0.9128
RNG(0),3.26,0.9128
RNG(0),3.27,0.9128
RNG(0),3.28,0.9128
RNG(0),3.29,0.9128
RNG(0),3.3,0.9128
RNG(0),3.31,0.9128
RNG(0),3.32,0.9128
RNG(0),3.33,0.9128
RNG(0),3.34,0.9128
RNG(0),3.36,0.9128
RNG(0),3.37,0.9128
RNG(0),3.38,0.9128
RNG(0),3.4,0.9128
RNG(0),3.41,0.9128
RNG(0),3.42,0.9128
RNG(0),3.43,0.9126
RNG(0),3.44,0.9126
RNG(0),3.47,0.9126
RNG(0),3.52,0.9126
RNG(0),3.56,0.9126
RNG(0),3.58,0.9126
RNG(0),3.59,0.9125
RNG(0),3.61,0.9125
RNG(0),3.62,0.9123
RNG(0),3.64,0.9123
RNG(0),3.65,0.9123
RNG(0),3.69,0.9123
RNG(0),3.7,0.9123
RNG(0.05),1.08,0.9059
RNG(0.05),1.09,0.9059
RNG(0.05),1.1,0.9059
RNG(0.05),1.13,0.9059
RNG(0.05),1.14,0.9059
RNG(0.05),1.16,0.9059
RNG(0.05),1.17,0.9061
RNG(0.05),1.18,0.9061
RNG(0.05),1.19,0.9061
RNG(0.05),1.2,0.9062
RNG(0.05),1.21,0.9062
RNG(0.05),1.22,0.9062
RNG(0.05),1.23,0.9062
RNG(0.05),1.24,0.9062
RNG(0.05),1.25,0.9062
RNG(0.05),1.26,0.9062
RNG(0.05),1.27,0.9062
RNG(0.05),1.28,0.9062
RNG(0.05),1.29,0.9062
RNG(0.05),1.3,0.9062
RNG(0.05),1.31,0.9062
RNG(0.05),1.32,0.9062
RNG(0.05),1.33,0.9062
RNG(0.05),1.34,0.9062
RNG(0.05),1.35,0.9062
RNG(0.05),1.36,0.9062
RNG(0.05),1.37,0.9062
RNG(0.05),1.38,0.9062
RNG(0.05),1.39,0.9062
RNG(0.05),1.4,0.9061
RNG(0.05),1.41,0.9061
RNG(0.05),1.42,0.9061
RNG(0.05),1.43,0.9061
RNG(0.05),1.44,0.9061
RNG(0.05),1.45,0.9062
RNG(0.05),1.46,0.9064
RNG(0.05),1.47,0.9064
RNG(0.05),1.48,0.9064
RNG(0.05),1.49,0.9064
RNG(0.05),1.5,0.9064
RNG(0.05),1.51,0.9066
RNG(0.05),1.52,0.9066
RNG(0.05),1.53,0.9066
RNG(0.05),1.54,0.9066
RNG(0.05),1.55,0.9066
RNG(0.05),1.56,0.9066
RNG(0.05),1.57,0.9066
RNG(0.05),1.58,0.9064
RNG(0.05),1.59,0.9064
RNG(0.05),1.6,0.9064
RNG(0.05),1.61,0.9064
RNG(0.05),1.62,0.9064
RNG(0.05),1.63,0.9066
RNG(0.05),1.64,0.9068
RNG(0.05),1.65,0.9068
RNG(0.05),1.66,0.9068
RNG(0.05),1.67,0.9068
RNG(0.05),1.68,0.9068
RNG(0.05),1.69,0.9069
RNG(0.05),1.7,0.9069
RNG(0.05),1.71,0.9068
RNG(0.05),1.72,0.9069
RNG(0.05),1.73,0.9069
RNG(0.05),1.74,0.9069
RNG(0.05),1.75,0.9073
RNG(0.05),1.76,0.9073
RNG(0.05),1.77,0.9074
RNG(0.05),1.78,0.9074
RNG(0.05),1.79,0.9079
RNG(0.05),1.8,0.9081
RNG(0.05),1.81,0.9084
RNG(0.05),1.82,0.9089
RNG(0.05),1.83,0.9089
RNG(0.05),1.84,0.9089
RNG(0.05),1.85,0.9091
RNG(0.05),1.86,0.9093
RNG(0.05),1.87,0.9093
RNG(0.05),1.88,0.9091
RNG(0.05),1.89,0.9094
RNG(0.05),1.9,0.9098
RNG(0.05),1.91,0.9101
RNG(0.05),1.92,0.9099
RNG(0.05),1.93,0.9099
RNG(0.05),1.94,0.9099
RNG(0.05),1.95,0.9098
RNG(0.05),1.96,0.9099
RNG(0.05),1.97,0.9099
RNG(0.05),1.98,0.9099
RNG(0.05),1.99,0.9101
RNG(0.05),2.0,0.9101
RNG(0.05),2.01,0.9101
RNG(0.05),2.02,0.9105
RNG(0.05),2.03,0.9105
RNG(0.05),2.04,0.9105
RNG(0.05),2.05,0.9106
RNG(0.05),2.06,0.9108
RNG(0.05),2.07,0.9108
RNG(0.05),2.08,0.911
RNG(0.05),2.09,0.9111
RNG(0.05),2.1,0.9111
RNG(0.05),2.11,0.911
RNG(0.05),2.12,0.9113
RNG(0.05),2.13,0.9113
RNG(0.05),2.14,0.9116
RNG(0.05),2.15,0.9116
RNG(0.05),2.16,0.9118
RNG(0.05),2.17,0.9116
RNG(0.05),2.18,0.9115
RNG(0.05),2.19,0.9115
RNG(0.05),2.2,0.9116
RNG(0.05),2.21,0.9118
RNG(0.05),2.22,0.9116
RNG(0.05),2.23,0.9118
RNG(0.05),2.24,0.9118
RNG(0.05),2.25,0.9118
RNG(0.05),2.26,0.9121
RNG(0.05),2.27,0.912
RNG(0.05),2.28,0.912
RNG(0.05),2.29,0.9118
RNG(0.05),2.3,0.9116
RNG(0.05),2.31,0.9118
RNG(0.05),2.32,0.912
RNG(0.05),2.33,0.912
RNG(0.05),2.34,0.9123
RNG(0.05),2.35,0.9123
RNG(0.05),2.36,0.9121
RNG(0.05),2.37,0.9121
RNG(0.05),2.38,0.9121
RNG(0.05),2.39,0.9121
RNG(0.05),2.4,0.9123
RNG(0.05),2.41,0.9121
RNG(0.05),2.42,0.9121
RNG(0.05),2.43,0.9121
RNG(0.05),2.44,0.9125
RNG(0.05),2.45,0.9123
RNG(0.05),2.46,0.9125
RNG(0.05),2.47,0.9125
RNG(0.05),2.48,0.9126
RNG(0.05),2.49,0.9121
RNG(0.05),2.5,0.9121
RNG(0.05),2.51,0.912
RNG(0.05),2.52,0.912
RNG(0.05),2.53,0.9123
RNG(0.05),2.54,0.9123
RNG(0.05),2.55,0.9121
RNG(0.05),2.56,0.9121
RNG(0.05),2.57,0.9121
RNG(0.05),2.58,0.9121
RNG(0.05),2.59,0.9123
RNG(0.05),2.6,0.9123
RNG(0.05),2.61,0.9123
RNG(0.05),2.62,0.9123
RNG(0.05),2.63,0.9123
RNG(0.05),2.64,0.9123
RNG(0.05),2.65,0.9125
RNG(0.05),2.66,0.9126
RNG(0.05),2.67,0.9126
RNG(0.05),2.68,0.9126
RNG(0.05),2.69,0.9123
RNG(0.05),2.7,0.9123
RNG(0.05),2.71,0.9123
RNG(0.05),2.72,0.9123
RNG(0.05),2.73,0.9123
RNG(0.05),2.74,0.9123
RNG(0.05),2.75,0.9123
RNG(0.05),2.76,0.9121
RNG(0.05),2.77,0.9121
RNG(0.05),2.78,0.9121
RNG(0.05),2.79,0.9121
RNG(0.05),2.8,0.9121
RNG(0.05),2.81,0.9121
RNG(0.05),2.82,0.912
RNG(0.05),2.83,0.912
RNG(0.05),2.84,0.9118
RNG(0.05),2.85,0.9118
RNG(0.05),2.86,0.9118
RNG(0.05),2.87,0.912
RNG(0.05),2.88,0.912
RNG(0.05),2.89,0.9123
RNG(0.05),2.9,0.9125
RNG(0.05),2.91,0.9125
RNG(0.05),2.92,0.9125
RNG(0.05),2.93,0.9123
RNG(0.05),2.94,0.9121
RNG(0.05),2.95,0.9121
RNG(0.05),2.96,0.9121
RNG(0.05),2.97,0.9121
RNG(0.05),2.98,0.9121
RNG(0.05),2.99,0.9121
RNG(0.05),3.0,0.9123
RNG(0.05),3.01,0.9123
RNG(0.05),3.02,0.9123
RNG(0.05),3.03,0.9123
RNG(0.05),3.04,0.9123
RNG(0.05),3.05,0.9123
RNG(0.05),3.06,0.9123
RNG(0.05),3.07,0.9123
RNG(0.05),3.08,0.9123
RNG(0.05),3.09,0.9123
RNG(0.05),3.1,0.9123
RNG(0.05),3.11,0.9123
RNG(0.05),3.12,0.9121
RNG(0.05),3.13,0.9121
RNG(0.05),3.14,0.9121
RNG(0.05),3.15,0.9121
RNG(0.05),3.16,0.912
RNG(0.05),3.17,0.912
RNG(0.05),3.18,0.912
RNG(0.05),3.19,0.9118
RNG(0.05),3.2,0.9118
RNG(0.05),3.21,0.9118
RNG(0.05),3.22,0.9118
RNG(0.05),3.23,0.9118
RNG(0.05),3.24,0.9118
RNG(0.05),3.26,0.9118
RNG(0.05),3.27,0.9118
RNG(0.05),3.28,0.9118
RNG(0.05),3.29,0.9118
RNG(0.05),3.3,0.9118
RNG(0.05),3.31,0.9118
RNG(0.05),3.32,0.9118
RNG(0.05),3.33,0.9118
RNG(0.05),3.34,0.9118
RNG(0.05),3.36,0.9118
RNG(0.05),3.37,0.9118
RNG(0.05),3.38,0.9118
RNG(0.05),3.4,0.9118
RNG(0.05),3.41,0.9118
RNG(0.05),3.42,0.9118
RNG(0.05),3.43,0.9118
RNG(0.05),3.44,0.9118
RNG(0.05),3.47,0.9118
RNG(0.05),3.52,0.9118
RNG(0.05),3.56,0.9118
RNG(0.05),3.58,0.9118
RNG(0.05),3.59,0.9116
RNG(0.05),3.61,0.9116
RNG(0.05),3.62,0.9116
RNG(0.05),3.64,0.9116
RNG(0.05),3.65,0.9116
RNG(0.05),3.69,0.9116
RNG(0.05),3.7,0.9116
RNG(0.1),1.08,0.9059
RNG(0.1),1.09,0.9059
RNG(0.1),1.1,0.9059
RNG(0.1),1.13,0.9059
RNG(0.1),1.14,0.9059
RNG(0.1),1.16,0.9059
RNG(0.1),1.17,0.9059
RNG(0.1),1.18,0.9059
RNG(0.1),1.19,0.9059
RNG(0.1),1.2,0.9061
RNG(0.1),1.21,0.9061
RNG(0.1),1.22,0.9061
RNG(0.1),1.23,0.9061
RNG(0.1),1.24,0.9061
RNG(0.1),1.25,0.9061
RNG(0.1),1.26,0.9061
RNG(0.1),1.27,0.9061
RNG(0.1),1.28,0.9061
RNG(0.1),1.29,0.9061
RNG(0.1),1.3,0.9061
RNG(0.1),1.31,0.9061
RNG(0.1),1.32,0.9061
RNG(0.1),1.33,0.9061
RNG(0.1),1.34,0.9061
RNG(0.1),1.35,0.9061
RNG(0.1),1.36,0.9061
RNG(0.1),1.37,0.9061
RNG(0.1),1.38,0.9061
RNG(0.1),1.39,0.9061
RNG(0.1),1.4,0.9059
RNG(0.1),1.41,0.9059
RNG(0.1),1.42,0.9059
RNG(0.1),1.43,0.9059
RNG(0.1),1.44,0.9059
RNG(0.1),1.45,0.9061
RNG(0.1),1.46,0.9062
RNG(0.1),1.47,0.9062
RNG(0.1),1.48,0.9062
RNG(0.1),1.49,0.9062
RNG(0.1),1.5,0.9062
RNG(0.1),1.51,0.9062
RNG(0.1),1.52,0.9062
RNG(0.1),1.53,0.9062
RNG(0.1),1.54,0.9062
RNG(0.1),1.55,0.9062
RNG(0.1),1.56,0.9062
RNG(0.1),1.57,0.9062
RNG(0.1),1.58,0.9062
RNG(0.1),1.59,0.9062
RNG(0.1),1.6,0.9062
RNG(0.1),1.61,0.9062
RNG(0.1),1.62,0.9062
RNG(0.1),1.63,0.9064
RNG(0.1),1.64,0.9066
RNG(0.1),1.65,0.9066
RNG(0.1),1.66,0.9066
RNG(0.1),1.67,0.9066
RNG(0.1),1.68,0.9066
RNG(0.1),1.69,0.9068
RNG(0.1),1.7,0.9068
RNG(0.1),1.71,0.9068
RNG(0.1),1.72,0.9069
RNG(0.1),1.73,0.9069
RNG(0.1),1.74,0.9069
RNG(0.1),1.75,0.9073
RNG(0.1),1.76,0.9073
RNG(0.1),1.77,0.9074
RNG(0.1),1.78,0.9074
RNG(0.1),1.79,0.9076
RNG(0.1),1.8,0.9079
RNG(0.1),1.81,0.9083
RNG(0.1),1.82,0.9084
RNG(0.1),1.83,0.9084
RNG(0.1),1.84,0.9084
RNG(0.1),1.85,0.9086
RNG(0.1),1.86,0.9088
RNG(0.1),1.87,0.9088
RNG(0.1),1.88,0.9086
RNG(0.1),1.89,0.9088
RNG(0.1),1.9,0.9091
RNG(0.1),1.91,0.9094
RNG(0.1),1.92,0.9093
RNG(0.1),1.93,0.9093
RNG(0.1),1.94,0.9093
RNG(0.1),1.95,0.9091
RNG(0.1),1.96,0.9091
RNG(0.1),1.97,0.9091
RNG(0.1),1.98,0.9091
RNG(0.1),1.99,0.9093
RNG(0.1),2.0,0.9093
RNG(0.1),2.01,0.9093
RNG(0.1),2.02,0.9094
RNG(0.1),2.03,0.9094
RNG(0.1),2.04,0.9096
RNG(0.1),2.05,0.9096
RNG(0.1),2.06,0.9096
RNG(0.1),2.07,0.9098
RNG(0.1),2.08,0.9099
RNG(0.1),2.09,0.9101
RNG(0.1),2.1,0.9101
RNG(0.1),2.11,0.9105
RNG(0.1),2.12,0.9106
RNG(0.1),2.13,0.9106
RNG(0.1),2.14,0.9106
RNG(0.1),2.15,0.9105
RNG(0.1),2.16,0.9106
RNG(0.1),2.17,0.9105
RNG(0.1),2.18,0.9105
RNG(0.1),2.19,0.9105
RNG(0.1),2.2,0.9105
RNG(0.1),2.21,0.9105
RNG(0.1),2.22,0.9105
RNG(0.1),2.23,0.9106
RNG(0.1),2.24,0.9106
RNG(0.1),2.25,0.9106
RNG(0.1),2.26,0.911
RNG(0.1),2.27,0.911
RNG(0.1),2.28,0.911
RNG(0.1),2.29,0.9111
RNG(0.1),2.3,0.9111
RNG(0.1),2.31,0.9115
RNG(0.1),2.32,0.9116
RNG(0.1),2.33,0.9118
RNG(0.1),2.34,0.9121
RNG(0.1),2.35,0.9121
RNG(0.1),2.36,0.912
RNG(0.1),2.37,0.9118
RNG(0.1),2.38,0.9118
RNG(0.1),2.39,0.9118
RNG(0.1),2.4,0.912
RNG(0.1),2.41,0.912
RNG(0.1),2.42,0.912
RNG(0.1),2.43,0.912
RNG(0.1),2.44,0.9121
RNG(0.1),2.45,0.9121
RNG(0.1),2.46,0.9123
RNG(0.1),2.47,0.9125
RNG(0.1),2.48,0.9126
RNG(0.1),2.49,0.9126
RNG(0.1),2.5,0.9126
RNG(0.1),2.51,0.9126
RNG(0.1),2.52,0.9126
RNG(0.1),2.53,0.9128
RNG(0.1),2.54,0.9128
RNG(0.1),2.55,0.9128
RNG(0.1),2.56,0.9128
RNG(0.1),2.57,0.9128
RNG(0.1),2.58,0.9128
RNG(0.1),2.59,0.913
RNG(0.1),2.6,0.913
RNG(0.1),2.61,0.913
RNG(0.1),2.62,0.913
RNG(0.1),2.63,0.913
RNG(0.1),2.64,0.9131
RNG(0.1),2.65,0.9133
RNG(0.1),2.66,0.9135
RNG(0.1),2.67,0.9135
RNG(0.1),2.68,0.9135
RNG(0.1),2.69,0.9133
RNG(0.1),2.7,0.9133
RNG(0.1),2.71,0.9133
RNG(0.1),2.72,0.9133
RNG(0.1),2.73,0.9133
RNG(0.1),2.74,0.9133
RNG(0.1),2.75,0.9133
RNG(0.1),2.76,0.9133
RNG(0.1),2.77,0.9133
RNG(0.1),2.78,0.9133
RNG(0.1),2.79,0.9133
RNG(0.1),2.8,0.9133
RNG(0.1),2.81,0.9133
RNG(0.1),2.82,0.9133
RNG(0.1),2.83,0.9133
RNG(0.1),2.84,0.9131
RNG(0.1),2.85,0.9131
RNG(0.1),2.86,0.9131
RNG(0.1),2.87,0.9133
RNG(0.1),2.88,0.9133
RNG(0.1),2.89,0.9133
RNG(0.1),2.9,0.9135
RNG(0.1),2.91,0.9135
RNG(0.1),2.92,0.9135
RNG(0.1),2.93,0.9135
RNG(0.1),2.94,0.9133
RNG(0.1),2.95,0.9133
RNG(0.1),2.96,0.9133
RNG(0.1),2.97,0.9133
RNG(0.1),2.98,0.9133
RNG(0.1),2.99,0.9133
RNG(0.1),3.0,0.9135
RNG(0.1),3.01,0.9135
RNG(0.1),3.02,0.9135
RNG(0.1),3.03,0.9135
RNG(0.1),3.04,0.9135
RNG(0.1),3.05,0.9135
RNG(0.1),3.06,0.9135
RNG(0.1),3.07,0.9135
RNG(0.1),3.08,0.9135
RNG(0.1),3.09,0.9135
RNG(0.1),3.1,0.9135
RNG(0.1),3.11,0.9135
RNG(0.1),3.12,0.9133
RNG(0.1),3.13,0.9133
RNG(0.1),3.14,0.9133
RNG(0.1),3.15,0.9133
RNG(0.1),3.16,0.913
RNG(0.1),3.17,0.913
RNG(0.1),3.18,0.913
RNG(0.1),3.19,0.913
RNG(0.1),3.2,0.913
RNG(0.1),3.21,0.913
RNG(0.1),3.22,0.913
RNG(0.1),3.23,0.913
RNG(0.1),3.24,0.913
RNG(0.1),3.26,0.913
RNG(0.1),3.27,0.913
RNG(0.1),3.28,0.913
RNG(0.1),3.29,0.913
RNG(0.1),3.3,0.913
RNG(0.1),3.31,0.913
RNG(0.1),3.32,0.913
RNG(0.1),3.33,0.913
RNG(0.1),3.34,0.913
RNG(0.1),3.36,0.913
RNG(0.1),3.37,0.913
RNG(0.1),3.38,0.913
RNG(0.1),3.4,0.913
RNG(0.1),3.41,0.913
RNG(0.1),3.42,0.913
RNG(0.1),3.43,0.913
RNG(0.1),3.44,0.913
RNG(0.1),3.47,0.913
RNG(0.1),3.52,0.913
RNG(0.1),3.56,0.913
RNG(0.1),3.58,0.913
RNG(0.1),3.59,0.913
RNG(0.1),3.61,0.913
RNG(0.1),3.62,0.913
RNG(0.1),3.64,0.913
RNG(0.1),3.65,0.913
RNG(0.1),3.69,0.913
RNG(0.1),3.7,0.913
RNG(0.2),1.08,0.9059
RNG(0.2),1.09,0.9059
RNG(0.2),1.1,0.9059
RNG(0.2),1.13,0.9059
RNG(0.2),1.14,0.9059
RNG(0.2),1.16,0.9059
RNG(0.2),1.17,0.9059
RNG(0.2),1.18,0.9059
RNG(0.2),1.19,0.9059
RNG(0.2),1.2,0.9061
RNG(0.2),1.21,0.9061
RNG(0.2),1.22,0.9061
RNG(0.2),1.23,0.9061
RNG(0.2),1.24,0.9061
RNG(0.2),1.25,0.9061
RNG(0.2),1.26,0.9061
RNG(0.2),1.27,0.9061
RNG(0.2),1.28,0.9061
RNG(0.2),1.29,0.9061
RNG(0.2),1.3,0.9061
RNG(0.2),1.31,0.9061
RNG(0.2),1.32,0.9061
RNG(0.2),1.33,0.9061
RNG(0.2),1.34,0.9061
RNG(0.2),1.35,0.9061
RNG(0.2),1.36,0.9061
RNG(0.2),1.37,0.9061
RNG(0.2),1.38,0.9061
RNG(0.2),1.39,0.9061
RNG(0.2),1.4,0.9061
RNG(0.2),1.41,0.9061
RNG(0.2),1.42,0.9061
RNG(0.2),1.43,0.9061
RNG(0.2),1.44,0.9061
RNG(0.2),1.45,0.9062
RNG(0.2),1.46,0.9064
RNG(0.2),1.47,0.9064
RNG(0.2),1.48,0.9064
RNG(0.2),1.49,0.9064
RNG(0.2),1.5,0.9064
RNG(0.2),1.51,0.9064
RNG(0.2),1.52,0.9064
RNG(0.2),1.53,0.9064
RNG(0.2),1.54,0.9064
RNG(0.2),1.55,0.9064
RNG(0.2),1.56,0.9064
RNG(0.2),1.57,0.9064
RNG(0.2),1.58,0.9064
RNG(0.2),1.59,0.9064
RNG(0.2),1.6,0.9064
RNG(0.2),1.61,0.9064
RNG(0.2),1.62,0.9064
RNG(0.2),1.63,0.9066
RNG(0.2),1.64,0.9066
RNG(0.2),1.65,0.9066
RNG(0.2),1.66,0.9066
RNG(0.2),1.67,0.9066
RNG(0.2),1.68,0.9066
RNG(0.2),1.69,0.9068
RNG(0.2),1.7,0.9068
RNG(0.2),1.71,0.9068
RNG(0.2),1.72,0.9068
RNG(0.2),1.73,0.9068
RNG(0.2),1.74,0.9068
RNG(0.2),1.75,0.9069
RNG(0.2),1.76,0.9069
RNG(0.2),1.77,0.9071
RNG(0.2),1.78,0.9071
RNG(0.2),1.79,0.9073
RNG(0.2),1.8,0.9073
RNG(0.2),1.81,0.9076
RNG(0.2),1.82,0.9076
RNG(0.2),1.83,0.9076
RNG(0.2),1.84,0.9076
RNG(0.2),1.85,0.9078
RNG(0.2),1.86,0.9079
RNG(0.2),1.87,0.9079
RNG(0.2),1.88,0.9079
RNG(0.2),1.89,0.9079
RNG(0.2),1.9,0.9079
RNG(0.2),1.91,0.9079
RNG(0.2),1.92,0.9078
RNG(0.2),1.93,0.9078
RNG(0.2),1.94,0.9078
RNG(0.2),1.95,0.9076
RNG(0.2),1.96,0.9078
RNG(0.2),1.97,0.9078
RNG(0.2),1.98,0.9078
RNG(0.2),1.99,0.9079
RNG(0.2),2.0,0.9079
RNG(0.2),2.01,0.9079
RNG(0.2),2.02,0.9079
RNG(0.2),2.03,0.9079
RNG(0.2),2.04,0.9079
RNG(0.2),2.05,0.9079
RNG(0.2),2.06,0.9079
RNG(0.2),2.07,0.9079
RNG(0.2),2.08,0.9079
RNG(0.2),2.09,0.9081
RNG(0.2),2.1,0.9081
RNG(0.2),2.11,0.9083
RNG(0.2),2.12,0.9083
RNG(0.2),2.13,0.9083
RNG(0.2),2.14,0.9083
RNG(0.2),2.15,0.9083
RNG(0.2),2.16,0.9084
RNG(0.2),2.17,0.9084
RNG(0.2),2.18,0.9084
RNG(0.2),2.19,0.9084
RNG(0.2),2.2,0.9084
RNG(0.2),2.21,0.9086
RNG(0.2),2.22,0.9086
RNG(0.2),2.23,0.9086
RNG(0.2),2.24,0.9086
RNG(0.2),2.25,0.9086
RNG(0.2),2.26,0.9088
RNG(0.2),2.27,0.9088
RNG(0.2),2.28,0.9088
RNG(0.2),2.29,0.9088
RNG(0.2),2.3,0.9088
RNG(0.2),2.31,0.9089
RNG(0.2),2.32,0.9089
RNG(0.2),2.33,0.9089
RNG(0.2),2.34,0.9091
RNG(0.2),2.35,0.9091
RNG(0.2),2.36,0.9091
RNG(0.2),2.37,0.9091
RNG(0.2),2.38,0.9091
RNG(0.2),2.39,0.9091
RNG(0.2),2.4,0.9093
RNG(0.2),2.41,0.9091
RNG(0.2),2.42,0.9091
RNG(0.2),2.43,0.9091
RNG(0.2),2.44,0.9093
RNG(0.2),2.45,0.9093
RNG(0.2),2.46,0.9094
RNG(0.2),2.47,0.9094
RNG(0.2),2.48,0.9094
RNG(0.2),2.49,0.9094
RNG(0.2),2.5,0.9094
RNG(0.2),2.51,0.9094
RNG(0.2),2.52,0.9094
RNG(0.2),2.53,0.9094
RNG(0.2),2.54,0.9094
RNG(0.2),2.55,0.9094
RNG(0.2),2.56,0.9094
RNG(0.2),2.57,0.9094
RNG(0.2),2.58,0.9094
RNG(0.2),2.59,0.9094
RNG(0.2),2.6,0.9094
RNG(0.2),2.61,0.9094
RNG(0.2),2.62,0.9094
RNG(0.2),2.63,0.9094
RNG(0.2),2.64,0.9094
RNG(0.2),2.65,0.9096
RNG(0.2),2.66,0.9096
RNG(0.2),2.67,0.9096
RNG(0.2),2.68,0.9096
RNG(0.2),2.69,0.9096
RNG(0.2),2.7,0.9096
RNG(0.2),2.71,0.9094
RNG(0.2),2.72,0.9094
RNG(0.2),2.73,0.9094
RNG(0.2),2.74,0.9094
RNG(0.2),2.75,0.9094
RNG(0.2),2.76,0.9094
RNG(0.2),2.77,0.9094
RNG(0.2),2.78,0.9094
RNG(0.2),2.79,0.9094
RNG(0.2),2.8,0.9094
RNG(0.2),2.81,0.9094
RNG(0.2),2.82,0.9094
RNG(0.2),2.83,0.9094
RNG(0.2),2.84,0.9093
RNG(0.2),2.85,0.9093
RNG(0.2),2.86,0.9093
RNG(0.2),2.87,0.9094
RNG(0.2),2.88,0.9094
RNG(0.2),2.89,0.9094
RNG(0.2),2.9,0.9096
RNG(0.2),2.91,0.9096
RNG(0.2),2.92,0.9096
RNG(0.2),2.93,0.9096
RNG(0.2),2.94,0.9096
RNG(0.2),2.95,0.9098
RNG(0.2),2.96,0.9098
RNG(0.2),2.97,0.9098
RNG(0.2),2.98,0.9098
RNG(0.2),2.99,0.9098
RNG(0.2),3.0,0.9098
RNG(0.2),3.01,0.9098
RNG(0.2),3.02,0.9098
RNG(0.2),3.03,0.9098
RNG(0.2),3.04,0.9098
RNG(0.2),3.05,0.9098
RNG(0.2),3.06,0.9098
RNG(0.2),3.07,0.9098
RNG(0.2),3.08,0.9098
RNG(0.2),3.09,0.9098
RNG(0.2),3.1,0.9098
RNG(0.2),3.11,0.9098
RNG(0.2),3.12,0.9098
RNG(0.2),3.13,0.9098
RNG(0.2),3.14,0.9098
RNG(0.2),3.15,0.9098
RNG(0.2),3.16,0.9098
RNG(0.2),3.17,0.9098
RNG(0.2),3.18,0.9098
RNG(0.2),3.19,0.9098
RNG(0.2),3.2,0.9098
RNG(0.2),3.21,0.9098
RNG(0.2),3.22,0.9098
RNG(0.2),3.23,0.9098
RNG(0.2),3.24,0.9098
RNG(0.2),3.26,0.9098
RNG(0.2),3.27,0.9098
RNG(0.2),3.28,0.9098
RNG(0.2),3.29,0.9098
RNG(0.2),3.3,0.9098
RNG(0.2),3.31,0.9098
RNG(0.2),3.32,0.9098
RNG(0.2),3.33,0.9098
RNG(0.2),3.34,0.9098
RNG(0.2),3.36,0.9098
RNG(0.2),3.37,0.9098
RNG(0.2),3.38,0.9098
RNG(0.2),3.4,0.9098
RNG(0.2),3.41,0.9098
RNG(0.2),3.42,0.9098
RNG(0.2),3.43,0.9098
RNG(0.2),3.44,0.9098
RNG(0.2),3.47,0.9098
RNG(0.2),3.52,0.9098
RNG(0.2),3.56,0.9098
RNG(0.2),3.58,0.9098
RNG(0.2),3.59,0.9098
RNG(0.2),3.61,0.9098
RNG(0.2),3.62,0.9098
RNG(0.2),3.64,0.9098
RNG(0.2),3.65,0.9098
RNG(0.2),3.69,0.9098
RNG(0.2),3.7,0.9098
RNG(0.3),1.08,0.9059
RNG(0.3),1.09,0.9059
RNG(0.3),1.1,0.9059
RNG(0.3),1.13,0.9059
RNG(0.3),1.14,0.9059
RNG(0.3),1.16,0.9059
RNG(0.3),1.17,0.9059
RNG(0.3),1.18,0.9059
RNG(0.3),1.19,0.9059
RNG(0.3),1.2,0.9061
RNG(0.3),1.21,0.9061
RNG(0.3),1.22,0.9061
RNG(0.3),1.23,0.9061
RNG(0.3),1.24,0.9061
RNG(0.3),1.25,0.9061
RNG(0.3),1.26,0.9061
RNG(0.3),1.27,0.9061
RNG(0.3),1.28,0.9061
RNG(0.3),1.29,0.9061
RNG(0.3),1.3,0.9061
RNG(0.3),1.31,0.9061
RNG(0.3),1.32,0.9061
RNG(0.3),1.33,0.9061
RNG(0.3),1.34,0.9061
RNG(0.3),1.35,0.9061
RNG(0.3),1.36,0.9061
RNG(0.3),1.37,0.9061
RNG(0.3),1.38,0.9061
RNG(0.3),1.39,0.9061
RNG(0.3),1.4,0.9061
RNG(0.3),1.41,0.9061
RNG(0.3),1.42,0.9061
RNG(0.3),1.43,0.9061
RNG(0.3),1.44,0.9061
RNG(0.3),1.45,0.9061
RNG(0.3),1.46,0.9062
RNG(0.3),1.47,0.9062
RNG(0.3),1.48,0.9062
RNG(0.3),1.49,0.9062
RNG(0.3),1.5,0.9062
RNG(0.3),1.51,0.9062
RNG(0.3),1.52,0.9062
RNG(0.3),1.53,0.9062
RNG(0.3),1.54,0.9062
RNG(0.3),1.55,0.9062
RNG(0.3),1.56,0.9062
RNG(0.3),1.57,0.9062
RNG(0.3),1.58,0.9062
RNG(0.3),1.59,0.9062
RNG(0.3),1.6,0.9064
RNG(0.3),1.61,0.9064
RNG(0.3),1.62,0.9064
RNG(0.3),1.63,0.9066
RNG(0.3),1.64,0.9066
RNG(0.3),1.65,0.9066
RNG(0.3),1.66,0.9066
RNG(0.3),1.67,0.9066
RNG(0.3),1.68,0.9066
RNG(0.3),1.69,0.9068
RNG(0.3),1.7,0.9068
RNG(0.3),1.71,0.9068
RNG(0.3),1.72,0.9068
RNG(0.3),1.73,0.9068
RNG(0.3),1.74,0.9068
RNG(0.3),1.75,0.9068
RNG(0.3),1.76,0.9068
RNG(0.3),1.77,0.9069
RNG(0.3),1.78,0.9069
RNG(0.3),1.79,0.9069
RNG(0.3),1.8,0.9069
RNG(0.3),1.81,0.9071
RNG(0.3),1.82,0.9071
RNG(0.3),1.83,0.9071
RNG(0.3),1.84,0.9071
RNG(0.3),1.85,0.9073
RNG(0.3),1.86,0.9073
RNG(0.3),1.87,0.9073
RNG(0.3),1.88,0.9073
RNG(0.3),1.89,0.9073
RNG(0.3),1.9,0.9074
RNG(0.3),1.91,0.9074
RNG(0.3),1.92,0.9073
RNG(0.3),1.93,0.9073
RNG(0.3),1.94,0.9073
RNG(0.3),1.95,0.9073
RNG(0.3),1.96,0.9073
RNG(0.3),1.97,0.9073
RNG(0.3),1.98,0.9073
RNG(0.3),1.99,0.9073
RNG(0.3),2.0,0.9073
RNG(0.3),2.01,0.9073
RNG(0.3),2.02,0.9074
RNG(0.3),2.03,0.9074
RNG(0.3),2.04,0.9074
RNG(0.3),2.05,0.9074
RNG(0.3),2.06,0.9074
RNG(0.3),2.07,0.9074
RNG(0.3),2.08,0.9074
RNG(0.3),2.09,0.9076
RNG(0.3),2.1,0.9076
RNG(0.3),2.11,0.9076
RNG(0.3),2.12,0.9076
RNG(0.3),2.13,0.9076
RNG(0.3),2.14,0.9076
RNG(0.3),2.15,0.9076
RNG(0.3),2.16,0.9078
RNG(0.3),2.17,0.9078
RNG(0.3),2.18,0.9078
RNG(0.3),2.19,0.9078
RNG(0.3),2.2,0.9078
RNG(0.3),2.21,0.9079
RNG(0.3),2.22,0.9079
RNG(0.3),2.23,0.9079
RNG(0.3),2.24,0.9079
RNG(0.3),2.25,0.9079
RNG(0.3),2.26,0.9081
RNG(0.3),2.27,0.9081
RNG(0.3),2.28,0.9081
RNG(0.3),2.29,0.9081
RNG(0.3),2.3,0.9081
RNG(0.3),2.31,0.9083
RNG(0.3),2.32,0.9083
RNG(0.3),2.33,0.9083
RNG(0.3),2.34,0.9083
RNG(0.3),2.35,0.9083
RNG(0.3),2.36,0.9083
RNG(0.3),2.37,0.9083
RNG(0.3),2.38,0.9083
RNG(0.3),2.39,0.9083
RNG(0.3),2.4,0.9083
RNG(0.3),2.41,0.9081
RNG(0.3),2.42,0.9081
RNG(0.3),2.43,0.9079
RNG(0.3),2.44,0.9081
RNG(0.3),2.45,0.9081
RNG(0.3),2.46,0.9083
RNG(0.3),2.47,0.9083
RNG(0.3),2.48,0.9083
RNG(0.3),2.49,0.9083
RNG(0.3),2.5,0.9083
RNG(0.3),2.51,0.9083
RNG(0.3),2.52,0.9083
RNG(0.3),2.53,0.9083
RNG(0.3),2.54,0.9083
RNG(0.3),2.55,0.9083
RNG(0.3),2.56,0.9083
RNG(0.3),2.57,0.9083
RNG(0.3),2.58,0.9083
RNG(0.3),2.59,0.9083
RNG(0.3),2.6,0.9083
RNG(0.3),2.61,0.9083
RNG(0.3),2.62,0.9083
RNG(0.3),2.63,0.9083
RNG(0.3),2.64,0.9083
RNG(0.3),2.65,0.9084
RNG(0.3),2.66,0.9084
RNG(0.3),2.67,0.9084
RNG(0.3),2.68,0.9084
RNG(0.3),2.69,0.9084
RNG(0.3),2.7,0.9084
RNG(0.3),2.71,0.9084
RNG(0.3),2.72,0.9084
RNG(0.3),2.73,0.9084
RNG(0.3),2.74,0.9084
RNG(0.3),2.75,0.9084
RNG(0.3),2.76,0.9084
RNG(0.3),2.77,0.9084
RNG(0.3),2.78,0.9084
RNG(0.3),2.79,0.9084
RNG(0.3),2.8,0.9084
RNG(0.3),2.81,0.9084
RNG(0.3),2.82,0.9084
RNG(0.3),2.83,0.9084
RNG(0.3),2.84,0.9083
RNG(0.3),2.85,0.9083
RNG(0.3),2.86,0.9083
RNG(0.3),2.87,0.9084
RNG(0.3),2.88,0.9084
RNG(0.3),2.89,0.9084
RNG(0.3),2.9,0.9084
RNG(0.3),2.91,0.9084
RNG(0.3),2.92,0.9084
RNG(0.3),2.93,0.9084
RNG(0.3),2.94,0.9084
RNG(0.3),2.95,0.9086
RNG(0.3),2.96,0.9086
RNG(0.3),2.97,0.9086
RNG(0.3),2.98,0.9086
RNG(0.3),2.99,0.9086
RNG(0.3),3.0,0.9086
RNG(0.3),3.01,0.9086
RNG(0.3),3.02,0.9086
RNG(0.3),3.03,0.9086
RNG(0.3),3.04,0.9086
RNG(0.3),3.05,0.9086
RNG(0.3),3.06,0.9086
RNG(0.3),3.07,0.9086
RNG(0.3),3.08,0.9086
RNG(0.3),3.09,0.9086
RNG(0.3),3.1,0.9086
RNG(0.3),3.11,0.9086
RNG(0.3),3.12,0.9086
RNG(0.3),3.13,0.9086
RNG(0.3),3.14,0.9086
RNG(0.3),3.15,0.9086
RNG(0.3),3.16,0.9086
RNG(0.3),3.17,0.9086
RNG(0.3),3.18,0.9086
RNG(0.3),3.19,0.9086
RNG(0.3),3.2,0.9086
RNG(0.3),3.21,0.9086
RNG(0.3),3.22,0.9086
RNG(0.3),3.23,0.9086
RNG(0.3),3.24,0.9086
RNG(0.3),3.26,0.9086
RNG(0.3),3.27,0.9086
RNG(0.3),3.28,0.9086
RNG(0.3),3.29,0.9086
RNG(0.3),3.3,0.9086
RNG(0.3),3.31,0.9086
RNG(0.3),3.32,0.9086
RNG(0.3),3.33,0.9086
RNG(0.3),3.34,0.9086
RNG(0.3),3.36,0.9086
RNG(0.3),3.37,0.9086
RNG(0.3),3.38,0.9086
RNG(0.3),3.4,0.9086
RNG(0.3),3.41,0.9086
RNG(0.3),3.42,0.9086
RNG(0.3),3.43,0.9086
RNG(0.3),3.44,0.9086
RNG(0.3),3.47,0.9086
RNG(0.3),3.52,0.9086
RNG(0.3),3.56,0.9086
RNG(0.3),3.58,0.9086
RNG(0.3),3.59,0.9086
RNG(0.3),3.61,0.9086
RNG(0.3),3.62,0.9086
RNG(0.3),3.64,0.9086
RNG(0.3),3.65,0.9086
RNG(0.3),3.69,0.9086
RNG(0.3),3.7,0.9086
RNG(0.5),1.08,0.9059
RNG(0.5),1.09,0.9059
RNG(0.5),1.1,0.9059
RNG(0.5),1.13,0.9059
RNG(0.5),1.14,0.9059
RNG(0.5),1.16,0.9059
RNG(0.5),1.17,0.9059
RNG(0.5),1.18,0.9059
RNG(0.5),1.19,0.9059
RNG(0.5),1.2,0.9059
RNG(0.5),1.21,0.9059
RNG(0.5),1.22,0.9059
RNG(0.5),1.23,0.9059
RNG(0.5),1.24,0.9059
RNG(0.5),1.25,0.9059
RNG(0.5),1.26,0.9059
RNG(0.5),1.27,0.9059
RNG(0.5),1.28,0.9059
RNG(0.5),1.29,0.9059
RNG(0.5),1.3,0.9059
RNG(0.5),1.31,0.9059
RNG(0.5),1.32,0.9059
RNG(0.5),1.33,0.9059
RNG(0.5),1.34,0.9059
RNG(0.5),1.35,0.9059
RNG(0.5),1.36,0.9059
RNG(0.5),1.37,0.9059
RNG(0.5),1.38,0.9059
RNG(0.5),1.39,0.9059
RNG(0.5),1.4,0.9059
RNG(0.5),1.41,0.9059
RNG(0.5),1.42,0.9059
RNG(0.5),1.43,0.9059
RNG(0.5),1.44,0.9059
RNG(0.5),1.45,0.9059
RNG(0.5),1.46,0.9061
RNG(0.5),1.47,0.9061
RNG(0.5),1.48,0.9061
RNG(0.5),1.49,0.9061
RNG(0.5),1.5,0.9061
RNG(0.5),1.51,0.9061
RNG(0.5),1.52,0.9061
RNG(0.5),1.53,0.9061
RNG(0.5),1.54,0.9061
RNG(0.5),1.55,0.9061
RNG(0.5),1.56,0.9061
RNG(0.5),1.57,0.9061
RNG(0.5),1.58,0.9061
RNG(0.5),1.59,0.9061
RNG(0.5),1.6,0.9061
RNG(0.5),1.61,0.9061
RNG(0.5),1.62,0.9061
RNG(0.5),1.63,0.9062
RNG(0.5),1.64,0.9062
RNG(0.5),1.65,0.9062
RNG(0.5),1.66,0.9062
RNG(0.5),1.67,0.9062
RNG(0.5),1.68,0.9062
RNG(0.5),1.69,0.9062
RNG(0.5),1.7,0.9062
RNG(0.5),1.71,0.9062
RNG(0.5),1.72,0.9062
RNG(0.5),1.73,0.9062
RNG(0.5),1.74,0.9062
RNG(0.5),1.75,0.9062
RNG(0.5),1.76,0.9062
RNG(0.5),1.77,0.9064
RNG(0.5),1.78,0.9064
RNG(0.5),1.79,0.9064
RNG(0.5),1.8,0.9064
RNG(0.5),1.81,0.9066
RNG(0.5),1.82,0.9066
RNG(0.5),1.83,0.9066
RNG(0.5),1.84,0.9066
RNG(0.5),1.85,0.9066
RNG(0.5),1.86,0.9066
RNG(0.5),1.87,0.9066
RNG(0.5),1.88,0.9066
RNG(0.5),1.89,0.9066
RNG(0.5),1.9,0.9066
RNG(0.5),1.91,0.9066
RNG(0.5),1.92,0.9066
RNG(0.5),1.93,0.9066
RNG(0.5),1.94,0.9066
RNG(0.5),1.95,0.9066
RNG(0.5),1.96,0.9066
RNG(0.5),1.97,0.9066
RNG(0.5),1.98,0.9066
RNG(0.5),1.99,0.9066
RNG(0.5),2.0,0.9066
RNG(0.5),2.01,0.9066
RNG(0.5),2.02,0.9066
RNG(0.5),2.03,0.9066
RNG(0.5),2.04,0.9068
RNG(0.5),2.05,0.9068
RNG(0.5),2.06,0.9068
RNG(0.5),2.07,0.9068
RNG(0.5),2.08,0.9068
RNG(0.5),2.09,0.9069
RNG(0.5),2.1,0.9069
RNG(0.5),2.11,0.9069
RNG(0.5),2.12,0.9069
RNG(0.5),2.13,0.9069
RNG(0.5),2.14,0.9069
RNG(0.5),2.15,0.9069
RNG(0.5),2.16,0.9069
RNG(0.5),2.17,0.9069
RNG(0.5),2.18,0.9069
RNG(0.5),2.19,0.9069
RNG(0.5),2.2,0.9069
RNG(0.5),2.21,0.9069
RNG(0.5),2.22,0.9069
RNG(0.5),2.23,0.9069
RNG(0.5),2.24,0.9069
RNG(0.5),2.25,0.9069
RNG(0.5),2.26,0.9069
RNG(0.5),2.27,0.9069
RNG(0.5),2.28,0.9069
RNG(0.5),2.29,0.9069
RNG(0.5),2.3,0.9069
RNG(0.5),2.31,0.9071
RNG(0.5),2.32,0.9071
RNG(0.5),2.33,0.9071
RNG(0.5),2.34,0.9071
RNG(0.5),2.35,0.9071
RNG(0.5),2.36,0.9071
RNG(0.5),2.37,0.9071
RNG(0.5),2.38,0.9071
RNG(0.5),2.39,0.9071
RNG(0.5),2.4,0.9071
RNG(0.5),2.41,0.9071
RNG(0.5),2.42,0.9071
RNG(0.5),2.43,0.9069
RNG(0.5),2.44,0.9071
RNG(0.5),2.45,0.9071
RNG(0.5),2.46,0.9071
RNG(0.5),2.47,0.9071
RNG(0.5),2.48,0.9071
RNG(0.5),2.49,0.9071
RNG(0.5),2.5,0.9071
RNG(0.5),2.51,0.9071
RNG(0.5),2.52,0.9071
RNG(0.5),2.53,0.9071
RNG(0.5),2.54,0.9071
RNG(0.5),2.55,0.9071
RNG(0.5),2.56,0.9071
RNG(0.5),2.57,0.9071
RNG(0.5),2.58,0.9071
RNG(0.5),2.59,0.9071
RNG(0.5),2.6,0.9071
RNG(0.5),2.61,0.9071
RNG(0.5),2.62,0.9071
RNG(0.5),2.63,0.9071
RNG(0.5),2.64,0.9071
RNG(0.5),2.65,0.9073
RNG(0.5),2.66,0.9073
RNG(0.5),2.67,0.9073
RNG(0.5),2.68,0.9073
RNG(0.5),2.69,0.9073
RNG(0.5),2.7,0.9073
RNG(0.5),2.71,0.9073
RNG(0.5),2.72,0.9073
RNG(0.5),2.73,0.9073
RNG(0.5),2.74,0.9073
RNG(0.5),2.75,0.9073
RNG(0.5),2.76,0.9073
RNG(0.5),2.77,0.9073
RNG(0.5),2.78,0.9073
RNG(0.5),2.79,0.9073
RNG(0.5),2.8,0.9073
RNG(0.5),2.81,0.9073
RNG(0.5),2.82,0.9073
RNG(0.5),2.83,0.9073
RNG(0.5),2.84,0.9073
RNG(0.5),2.85,0.9073
RNG(0.5),2.86,0.9073
RNG(0.5),2.87,0.9073
RNG(0.5),2.88,0.9073
RNG(0.5),2.89,0.9073
RNG(0.5),2.9,0.9073
RNG(0.5),2.91,0.9073
RNG(0.5),2.92,0.9073
RNG(0.5),2.93,0.9073
RNG(0.5),2.94,0.9073
RNG(0.5),2.95,0.9073
RNG(0.5),2.96,0.9073
RNG(0.5),2.97,0.9073
RNG(0.5),2.98,0.9073
RNG(0.5),2.99,0.9073
RNG(0.5),3.0,0.9073
RNG(0.5),3.01,0.9073
RNG(0.5),3.02,0.9073
RNG(0.5),3.03,0.9073
RNG(0.5),3.04,0.9073
RNG(0.5),3.05,0.9073
RNG(0.5),3.06,0.9073
RNG(0.5),3.07,0.9073
RNG(0.5),3.08,0.9073
RNG(0.5),3.09,0.9073
RNG(0.5),3.1,0.9073
RNG(0.5),3.11,0.9073
RNG(0.5),3.12,0.9073
RNG(0.5),3.13,0.9073
RNG(0.5),3.14,0.9073
RNG(0.5),3.15,0.9073
RNG(0.5),3.16,0.9073
RNG(0.5),3.17,0.9073
RNG(0.5),3.18,0.9073
RNG(0.5),3.19,0.9073
RNG(0.5),3.2,0.9073
RNG(0.5),3.21,0.9073
RNG(0.5),3.22,0.9073
RNG(0.5),3.23,0.9073
RNG(0.5),3.24,0.9073
RNG(0.5),3.26,0.9073
RNG(0.5),3.27,0.9073
RNG(0.5),3.28,0.9073
RNG(0.5),3.29,0.9073
RNG(0.5),3.3,0.9073
RNG(0.5),3.31,0.9073
RNG(0.5),3.32,0.9073
RNG(0.5),3.33,0.9073
RNG(0.5),3.34,0.9073
RNG(0.5),3.36,0.9073
RNG(0.5),3.37,0.9073
RNG(0.5),3.38,0.9073
RNG(0.5),3.4,0.9073
RNG(0.5),3.41,0.9073
RNG(0.5),3.42,0.9073
RNG(0.5),3.43,0.9073
RNG(0.5),3.44,0.9073
RNG(0.5),3.47,0.9073
RNG(0.5),3.52,0.9073
RNG(0.5),3.56,0.9073
RNG(0.5),3.58,0.9073
RNG(0.5),3.59,0.9073
RNG(0.5),3.61,0.9073
RNG(0.5),3.62,0.9073
RNG(0.5),3.64,0.9073
RNG(0.5),3.65,0.9073
RNG(0.5),3.69,0.9073
RNG(0.5),3.7,0.9073
RNG(1),1.08,0.9059
RNG(1),1.09,0.9059
RNG(1),1.1,0.9059
RNG(1),1.13,0.9059
RNG(1),1.14,0.9059
RNG(1),1.16,0.9059
RNG(1),1.17,0.9059
RNG(1),1.18,0.9059
RNG(1),1.19,0.9059
RNG(1),1.2,0.9059
RNG(1),1.21,0.9059
RNG(1),1.22,0.9059
RNG(1),1.23,0.9059
RNG(1),1.24,0.9059
RNG(1),1.25,0.9059
RNG(1),1.26,0.9059
RNG(1),1.27,0.9059
RNG(1),1.28,0.9059
RNG(1),1.29,0.9059
RNG(1),1.3,0.9059
RNG(1),1.31,0.9059
RNG(1),1.32,0.9059
RNG(1),1.33,0.9059
RNG(1),1.34,0.9059
RNG(1),1.35,0.9059
RNG(1),1.36,0.9059
RNG(1),1.37,0.9059
RNG(1),1.38,0.9059
RNG(1),1.39,0.9059
RNG(1),1.4,0.9059
RNG(1),1.41,0.9059
RNG(1),1.42,0.9059
RNG(1),1.43,0.9059
RNG(1),1.44,0.9059
RNG(1),1.45,0.9059
RNG(1),1.46,0.9061
RNG(1),1.47,0.9061
RNG(1),1.48,0.9061
RNG(1),1.49,0.9061
RNG(1),1.5,0.9061
RNG(1),1.51,0.9061
RNG(1),1.52,0.9061
RNG(1),1.53,0.9061
RNG(1),1.54,0.9061
RNG(1),1.55,0.9061
RNG(1),1.56,0.9061
RNG(1),1.57,0.9061
RNG(1),1.58,0.9061
RNG(1),1.59,0.9061
RNG(1),1.6,0.9061
RNG(1),1.61,0.9061
RNG(1),1.62,0.9061
RNG(1),1.63,0.9061
RNG(1),1.64,0.9061
RNG(1),1.65,0.9061
RNG(1),1.66,0.9061
RNG(1),1.67,0.9061
RNG(1),1.68,0.9061
RNG(1),1.69,0.9061
RNG(1),1.7,0.9061
RNG(1),1.71,0.9061
RNG(1),1.72,0.9061
RNG(1),1.73,0.9061
RNG(1),1.74,0.9061
RNG(1),1.75,0.9061
RNG(1),1.76,0.9061
RNG(1),1.77,0.9061
RNG(1),1.78,0.9061
RNG(1),1.79,0.9061
RNG(1),1.8,0.9061
RNG(1),1.81,0.9062
RNG(1),1.82,0.9062
RNG(1),1.83,0.9062
RNG(1),1.84,0.9062
RNG(1),1.85,0.9062
RNG(1),1.86,0.9062
RNG(1),1.87,0.9062
RNG(1),1.88,0.9062
RNG(1),1.89,0.9062
RNG(1),1.9,0.9062
RNG(1),1.91,0.9062
RNG(1),1.92,0.9062
RNG(1),1.93,0.9062
RNG(1),1.94,0.9062
RNG(1),1.95,0.9062
RNG(1),1.96,0.9062
RNG(1),1.97,0.9062
RNG(1),1.98,0.9062
RNG(1),1.99,0.9062
RNG(1),2.0,0.9062
RNG(1),2.01,0.9062
RNG(1),2.02,0.9062
RNG(1),2.03,0.9062
RNG(1),2.04,0.9064
RNG(1),2.05,0.9064
RNG(1),2.06,0.9064
RNG(1),2.07,0.9064
RNG(1),2.08,0.9064
RNG(1),2.09,0.9064
RNG(1),2.1,0.9064
RNG(1),2.11,0.9064
RNG(1),2.12,0.9064
RNG(1),2.13,0.9064
RNG(1),2.14,0.9064
RNG(1),2.15,0.9064
RNG(1),2.16,0.9064
RNG(1),2.17,0.9064
RNG(1),2.18,0.9064
RNG(1),2.19,0.9064
RNG(1),2.2,0.9064
RNG(1),2.21,0.9064
RNG(1),2.22,0.9064
RNG(1),2.23,0.9064
RNG(1),2.24,0.9064
RNG(1),2.25,0.9064
RNG(1),2.26,0.9064
RNG(1),2.27,0.9064
RNG(1),2.28,0.9064
RNG(1),2.29,0.9064
RNG(1),2.3,0.9064
RNG(1),2.31,0.9064
RNG(1),2.32,0.9064
RNG(1),2.33,0.9064
RNG(1),2.34,0.9064
RNG(1),2.35,0.9064
RNG(1),2.36,0.9064
RNG(1),2.37,0.9064
RNG(1),2.38,0.9064
RNG(1),2.39,0.9064
RNG(1),2.4,0.9064
RNG(1),2.41,0.9064
RNG(1),2.42,0.9064
RNG(1),2.43,0.9064
RNG(1),2.44,0.9064
RNG(1),2.45,0.9064
RNG(1),2.46,0.9064
RNG(1),2.47,0.9064
RNG(1),2.48,0.9064
RNG(1),2.49,0.9064
RNG(1),2.5,0.9064
RNG(1),2.51,0.9064
RNG(1),2.52,0.9064
RNG(1),2.53,0.9064
RNG(1),2.54,0.9064
RNG(1),2.55,0.9064
RNG(1),2.56,0.9064
RNG(1),2.57,0.9064
RNG(1),2.58,0.9064
RNG(1),2.59,0.9064
RNG(1),2.6,0.9064
RNG(1),2.61,0.9064
RNG(1),2.62,0.9064
RNG(1),2.63,0.9064
RNG(1),2.64,0.9064
RNG(1),2.65,0.9064
RNG(1),2.66,0.9064
RNG(1),2.67,0.9064
RNG(1),2.68,0.9064
RNG(1),2.69,0.9064
RNG(1),2.7,0.9064
RNG(1),2.71,0.9064
RNG(1),2.72,0.9064
RNG(1),2.73,0.9064
RNG(1),2.74,0.9064
RNG(1),2.75,0.9064
RNG(1),2.76,0.9064
RNG(1),2.77,0.9064
RNG(1),2.78,0.9064
RNG(1),2.79,0.9064
RNG(1),2.8,0.9064
RNG(1),2.81,0.9064
RNG(1),2.82,0.9064
RNG(1),2.83,0.9064
RNG(1),2.84,0.9064
RNG(1),2.85,0.9064
RNG(1),2.86,0.9064
RNG(1),2.87,0.9064
RNG(1),2.88,0.9064
RNG(1),2.89,0.9064
RNG(1),2.9,0.9064
RNG(1),2.91,0.9064
RNG(1),2.92,0.9064
RNG(1),2.93,0.9064
RNG(1),2.94,0.9064
RNG(1),2.95,0.9064
RNG(1),2.96,0.9064
RNG(1),2.97,0.9064
RNG(1),2.98,0.9064
RNG(1),2.99,0.9064
RNG(1),3.0,0.9064
RNG(1),3.01,0.9064
RNG(1),3.02,0.9064
RNG(1),3.03,0.9064
RNG(1),3.04,0.9064
RNG(1),3.05,0.9064
RNG(1),3.06,0.9064
RNG(1),3.07,0.9064
RNG(1),3.08,0.9064
RNG(1),3.09,0.9064
RNG(1),3.1,0.9064
RNG(1),3.11,0.9064
RNG(1),3.12,0.9064
RNG(1),3.13,0.9064
RNG(1),3.14,0.9064
RNG(1),3.15,0.9064
RNG(1),3.16,0.9064
RNG(1),3.17,0.9064
RNG(1),3.18,0.9064
RNG(1),3.19,0.9064
RNG(1),3.2,0.9064
RNG(1),3.21,0.9064
RNG(1),3.22,0.9064
RNG(1),3.23,0.9064
RNG(1),3.24,0.9064
RNG(1),3.26,0.9064
RNG(1),3.27,0.9064
RNG(1),3.28,0.9064
RNG(1),3.29,0.9064
RNG(1),3.3,0.9064
RNG(1),3.31,0.9064
RNG(1),3.32,0.9064
RNG(1),3.33,0.9064
RNG(1),3.34,0.9064
RNG(1),3.36,0.9064
RNG(1),3.37,0.9064
RNG(1),3.38,0.9064
RNG(1),3.4,0.9064
RNG(1),3.41,0.9064
RNG(1),3.42,0.9064
RNG(1),3.43,0.9064
RNG(1),3.44,0.9064
RNG(1),3.47,0.9064
RNG(1),3.52,0.9064
RNG(1),3.56,0.9064
RNG(1),3.58,0.9064
RNG(1),3.59,0.9064
RNG(1),3.61,0.9064
RNG(1),3.62,0.9064
RNG(1),3.64,0.9064
RNG(1),3.65,0.9064
RNG(1),3.69,0.9064
RNG(1),3.7,0.9064
