overlap,Family,n_seeds,kNN,kNN_ci95,best member,best,best_ci95,worst member,worst,worst_ci95,regret(best),regret(best)_ci95,regret(worst),regret(worst)_ci95
0.0,MMR,3,0.7676,0.0301,MMR(0.9),0.7721,0.0243,MMR(0.3),0.6074,0.0543,-0.0045,0.006,0.1602,0.0455
0.0,RNG,3,0.7676,0.0301,RNG(-0.2),0.7725,0.0272,RNG(-0.05),0.7374,0.0229,-0.0049,0.0029,0.0302,0.0209
0.0,Maxmin,3,0.7676,0.0301,Maxmin,0.5769,0.0364,Maxmin,0.5769,0.0364,0.1907,0.0388,0.1907,0.0388
0.0,Greedy-DPP,3,0.7676,0.0301,Greedy-DPP,0.7291,0.028,Greedy-DPP,0.7291,0.028,0.0386,0.0216,0.0386,0.0216
0.25,MMR,3,0.7534,0.0188,MMR(0.7),0.7626,0.0207,MMR(0.3),0.6339,0.0379,-0.0092,0.0061,0.1195,0.0384
0.25,RNG,3,0.7534,0.0188,RNG(-0.1),0.7664,0.0181,RNG(-0.05),0.7427,0.0278,-0.013,0.0028,0.0108,0.0089
0.25,Maxmin,3,0.7534,0.0188,Maxmin,0.6085,0.0324,Maxmin,0.6085,0.0324,0.1449,0.0266,0.1449,0.0266
0.25,Greedy-DPP,3,0.7534,0.0188,Greedy-DPP,0.735,0.0233,Greedy-DPP,0.735,0.0233,0.0184,0.0056,0.0184,0.0056
0.5,MMR,3,0.7565,0.0326,MMR(0.9),0.7662,0.0349,MMR(0.3),0.614,0.0372,-0.0097,0.006,0.1425,0.0352
0.5,RNG,3,0.7565,0.0326,RNG(-0.2),0.7714,0.0369,RNG(0),0.7401,0.0313,-0.0149,0.006,0.0163,0.006
0.5,Maxmin,3,0.7565,0.0326,Maxmin,0.6234,0.0279,Maxmin,0.6234,0.0279,0.1331,0.026,0.1331,0.026
0.5,Greedy-DPP,3,0.7565,0.0326,Greedy-DPP,0.7471,0.0237,Greedy-DPP,0.7471,0.0237,0.0094,0.0104,0.0094,0.0104
0.75,MMR,3,0.7304,0.0186,MMR(0.7),0.759,0.027,MMR(0.3),0.6828,0.0287,-0.0286,0.0108,0.0477,0.0161
0.75,RNG,3,0.7304,0.0186,RNG(-0.1),0.7634,0.0231,RNG(0.2),0.7304,0.0147,-0.033,0.0103,0.0,0.006
0.75,Maxmin,3,0.7304,0.0186,Maxmin,0.6216,0.0186,Maxmin,0.6216,0.0186,0.1088,0.0166,0.1088,0.0166
0.75,Greedy-DPP,3,0.7304,0.0186,Greedy-DPP,0.7431,0.0339,Greedy-DPP,0.7431,0.0339,-0.0126,0.0231,-0.0126,0.0231
