rho,Family,n_seeds,kNN,kNN_ci95,best member,best,best_ci95,worst member,worst,worst_ci95,regret(best),regret(best)_ci95,regret(worst),regret(worst)_ci95
0.0,MMR,3,0.8042,0.0361,MMR(0.9),0.8063,0.0363,MMR(0.3),0.519,0.0528,-0.0021,0.0,0.2852,0.064
0.0,RNG,3,0.8042,0.0361,RNG(0.3),0.8105,0.0363,RNG(-0.05),0.7566,0.0152,-0.0062,0.0001,0.0476,0.0246
0.0,Maxmin,3,0.8042,0.0361,Maxmin,0.5286,0.0574,Maxmin,0.5286,0.0574,0.2756,0.0692,0.2756,0.0692
0.0,Greedy-DPP,3,0.8042,0.0361,Greedy-DPP,0.6899,0.0321,Greedy-DPP,0.6899,0.0321,0.1143,0.0375,0.1143,0.0375
0.025,MMR,3,0.8223,0.0337,MMR(0.9),0.8185,0.0375,MMR(0.3),0.5693,0.0254,0.0038,0.0149,0.2529,0.0444
0.025,RNG,3,0.8223,0.0337,RNG(-0.2),0.8276,0.0378,RNG(-0.1),0.7706,0.0269,-0.0053,0.0096,0.0517,0.0223
0.025,Maxmin,3,0.8223,0.0337,Maxmin,0.5763,0.0306,Maxmin,0.5763,0.0306,0.246,0.0264,0.246,0.0264
0.025,Greedy-DPP,3,0.8223,0.0337,Greedy-DPP,0.7197,0.0256,Greedy-DPP,0.7197,0.0256,0.1026,0.0323,0.1026,0.0323
0.05,MMR,3,0.834,0.0299,MMR(0.9),0.8289,0.0377,MMR(0.3),0.5801,0.0647,0.0051,0.0077,0.2539,0.075
0.05,RNG,3,0.834,0.0299,RNG(-0.2),0.8375,0.0329,RNG(-0.1),0.7932,0.0297,-0.0035,0.0107,0.0409,0.0028
0.05,Maxmin,3,0.834,0.0299,Maxmin,0.5885,0.0639,Maxmin,0.5885,0.0639,0.2456,0.0598,0.2456,0.0598
0.05,Greedy-DPP,3,0.834,0.0299,Greedy-DPP,0.7318,0.0256,Greedy-DPP,0.7318,0.0256,0.1022,0.035,0.1022,0.035
0.1,MMR,3,0.8316,0.0412,MMR(0.9),0.8289,0.0456,MMR(0.3),0.6003,0.0507,0.0027,0.017,0.2313,0.0591
0.1,RNG,3,0.8316,0.0412,RNG(-0.2),0.8444,0.044,RNG(-0.1),0.7939,0.0413,-0.0128,0.0066,0.0377,0.0074
0.1,Maxmin,3,0.8316,0.0412,Maxmin,0.6093,0.0789,Maxmin,0.6093,0.0789,0.2223,0.064,0.2223,0.064
0.1,Greedy-DPP,3,0.8316,0.0412,Greedy-DPP,0.7334,0.0295,Greedy-DPP,0.7334,0.0295,0.0982,0.019,0.0982,0.019
0.15,MMR,3,0.828,0.041,MMR(0.9),0.8257,0.0463,MMR(0.3),0.6114,0.0553,0.0022,0.0077,0.2165,0.0708
0.15,RNG,3,0.828,0.041,RNG(-0.2),0.8497,0.0545,RNG(-0.05),0.7993,0.0363,-0.0217,0.0148,0.0286,0.0168
0.15,Maxmin,3,0.828,0.041,Maxmin,0.6162,0.047,Maxmin,0.6162,0.047,0.2117,0.0681,0.2117,0.0681
0.15,Greedy-DPP,3,0.828,0.041,Greedy-DPP,0.7415,0.0294,Greedy-DPP,0.7415,0.0294,0.0864,0.015,0.0864,0.015
0.25,MMR,3,0.8273,0.0423,MMR(0.9),0.8245,0.052,MMR(0.3),0.6259,0.0409,0.0028,0.0258,0.2013,0.0772
0.25,RNG,3,0.8273,0.0423,RNG(-0.2),0.8479,0.0521,RNG(-0.05),0.7963,0.0068,-0.0206,0.0273,0.031,0.0384
0.25,Maxmin,3,0.8273,0.0423,Maxmin,0.6162,0.0609,Maxmin,0.6162,0.0609,0.2111,0.0978,0.2111,0.0978
0.25,Greedy-DPP,3,0.8273,0.0423,Greedy-DPP,0.7408,0.0203,Greedy-DPP,0.7408,0.0203,0.0864,0.0433,0.0864,0.0433
0.5,MMR,3,0.8214,0.0407,MMR(0.9),0.83,0.0342,MMR(0.3),0.6553,0.0195,-0.0086,0.0153,0.1661,0.0596
0.5,RNG,3,0.8214,0.0407,RNG(-0.2),0.8469,0.0453,RNG(-0.1),0.8076,0.0211,-0.0255,0.0185,0.0137,0.0276
0.5,Maxmin,3,0.8214,0.0407,Maxmin,0.6626,0.037,Maxmin,0.6626,0.037,0.1588,0.0775,0.1588,0.0775
0.5,Greedy-DPP,3,0.8214,0.0407,Greedy-DPP,0.7558,0.0287,Greedy-DPP,0.7558,0.0287,0.0656,0.0401,0.0656,0.0401
1.0,MMR,3,0.8112,0.0406,MMR(0.7),0.8319,0.0367,MMR(0.3),0.8179,0.0448,-0.0206,0.006,-0.0067,0.0074
1.0,RNG,3,0.8112,0.0406,RNG(-0.2),0.8469,0.0442,RNG(1),0.8116,0.0421,-0.0356,0.0056,-0.0003,0.0014
1.0,Maxmin,3,0.8112,0.0406,Maxmin,0.8391,0.0223,Maxmin,0.8391,0.0223,-0.0279,0.0252,-0.0279,0.0252
1.0,Greedy-DPP,3,0.8112,0.0406,Greedy-DPP,0.8294,0.0326,Greedy-DPP,0.8294,0.0326,-0.0182,0.0185,-0.0182,0.0185
