rho,Method,Chosen,n_test,PoolRedundancy,Recall@k,NDCG@k,MRR,alpha-NDCG@k,S-Recall@k,ERR-IA@k,APD,Vendi,seed
0.0,kNN,,240,0.0,0.8022,0.6711,0.6402,0.6723,0.8042,0.6168,0.4189,4.3206,0
0.0,Maxmin,,240,0.0,0.5543,0.5468,0.5645,0.5476,0.5552,0.5379,0.5317,5.485,0
0.0,Greedy-DPP,,240,0.0,0.7004,0.6155,0.6076,0.6169,0.7036,0.5811,0.4898,5.1357,0
0.0,MMR*,MMR(0.9),240,0.0,0.8043,0.671,0.6404,0.6722,0.8063,0.6165,0.4281,4.4349,0
0.0,RNG*,RNG(-0.2),240,0.0,0.8056,0.6722,0.6414,0.6734,0.8076,0.6177,0.4234,4.3832,0
0.0,Seg*,Seg(-0.2),240,0.0,0.8047,0.6716,0.6416,0.6727,0.8065,0.6177,0.4247,4.3999,0
0.025,kNN,,240,0.0008,0.8168,0.6933,0.6657,0.6969,0.823,0.6415,0.388,3.7587,0
0.025,Maxmin,,240,0.0008,0.5864,0.5776,0.5946,0.414,0.5873,0.5677,0.5278,5.3907,0
0.025,Greedy-DPP,,240,0.0008,0.7275,0.6498,0.6441,0.4553,0.7307,0.6169,0.4896,5.1336,0
0.025,MMR*,MMR(0.9),240,0.0008,0.8199,0.6968,0.6693,0.6606,0.8261,0.6451,0.4011,3.9443,0
0.025,RNG*,RNG(-0.3),240,0.0008,0.821,0.6957,0.6671,0.6242,0.8272,0.6432,0.3999,4.0025,0
0.025,Seg*,Seg(-0.3),240,0.0008,0.821,0.6958,0.6671,0.6159,0.8272,0.6433,0.401,4.0223,0
0.05,kNN,,240,0.0029,0.8301,0.7075,0.6824,0.7136,0.8322,0.6558,0.3067,2.8762,0
0.05,Maxmin,,240,0.0029,0.6135,0.6042,0.6226,0.4085,0.6144,0.5933,0.5227,5.3284,0
0.05,Greedy-DPP,,240,0.0029,0.7398,0.663,0.6574,0.4367,0.743,0.6297,0.4891,5.1285,0
0.05,MMR*,MMR(0.9),240,0.0029,0.8251,0.7089,0.6845,0.6733,0.8272,0.6587,0.3326,3.1759,0
0.05,RNG*,RNG(0.5),240,0.0029,0.8301,0.7078,0.6828,0.7097,0.8322,0.6563,0.3172,2.9618,0
0.05,Seg*,Seg(0.5),240,0.0029,0.8301,0.7078,0.6828,0.7105,0.8322,0.6563,0.3156,2.9517,0
0.1,kNN,,240,0.0101,0.8354,0.7148,0.6919,0.7228,0.8407,0.6653,0.1651,2.0814,0
0.1,Maxmin,,240,0.0101,0.6447,0.621,0.6335,0.4224,0.6456,0.6062,0.5093,5.1302,0
0.1,Greedy-DPP,,240,0.0101,0.7412,0.6775,0.6732,0.4432,0.7444,0.6477,0.489,5.1272,0
0.1,MMR*,MMR(0.9),240,0.0101,0.826,0.7161,0.6939,0.6838,0.8313,0.6688,0.2215,2.5279,0
0.1,RNG*,RNG(-0.3),240,0.0101,0.8371,0.718,0.6931,0.6377,0.8426,0.6678,0.2939,3.1802,0
0.1,Seg*,Seg(-0.3),240,0.0101,0.8371,0.7187,0.6939,0.6328,0.8426,0.6686,0.305,3.2677,0
0.15,kNN,,240,0.0213,0.8308,0.719,0.701,0.7281,0.834,0.6727,0.1505,1.9869,0
0.15,Maxmin,,240,0.0213,0.6343,0.619,0.6349,0.425,0.6352,0.6065,0.5029,5.014,0
0.15,Greedy-DPP,,240,0.0213,0.746,0.6799,0.6773,0.4447,0.7492,0.6494,0.488,5.1165,0
0.15,MMR*,MMR(0.9),240,0.0213,0.8267,0.7192,0.6991,0.6904,0.8299,0.6725,0.2073,2.4266,0
0.15,RNG*,RNG(0.5),240,0.0213,0.8266,0.7182,0.7007,0.7258,0.8298,0.6727,0.1689,2.0817,0
0.15,Seg*,Seg(0.5),240,0.0213,0.8266,0.7182,0.7007,0.7258,0.8298,0.6727,0.166,2.0702,0
0.25,kNN,,240,0.0561,0.8141,0.713,0.7004,0.7268,0.8194,0.67,0.1398,1.9012,0
0.25,Maxmin,,240,0.0561,0.6401,0.6237,0.6417,0.4271,0.6412,0.6106,0.4982,4.9451,0
0.25,Greedy-DPP,,240,0.0561,0.7453,0.6809,0.6793,0.4455,0.7485,0.6505,0.4877,5.1126,0
0.25,MMR*,MMR(0.9),240,0.0561,0.8217,0.7213,0.7049,0.6948,0.827,0.6767,0.1946,2.3314,0
0.25,RNG*,RNG(0.2),240,0.0561,0.8217,0.7193,0.7049,0.7271,0.827,0.6751,0.1748,2.0898,0
0.25,Seg*,Seg(0.2),240,0.0561,0.8217,0.7179,0.7033,0.7261,0.827,0.6735,0.1635,2.0419,0
0.5,kNN,,240,0.2112,0.8094,0.7127,0.7019,0.7272,0.8128,0.6721,0.1289,1.8108,0
0.5,Maxmin,,240,0.2112,0.6697,0.6356,0.6469,0.4479,0.6729,0.618,0.4667,4.4605,0
0.5,Greedy-DPP,,240,0.2112,0.761,0.6862,0.68,0.449,0.7646,0.6525,0.4825,5.0573,0
0.5,MMR*,MMR(0.7),240,0.2112,0.8002,0.7098,0.6938,0.5386,0.8066,0.6688,0.3851,4.0562,0
0.5,RNG*,RNG(0.2),240,0.2112,0.8192,0.7173,0.7038,0.7275,0.8247,0.6746,0.1438,1.907,0
0.5,Seg*,Seg(0.2),240,0.2112,0.8192,0.7175,0.7041,0.7279,0.8247,0.6749,0.1413,1.8903,0
1.0,kNN,,240,0.7274,0.8031,0.7088,0.7009,0.7232,0.8083,0.6697,0.1227,1.7221,0
1.0,Maxmin,,240,0.7274,0.8398,0.7304,0.7113,0.7213,0.8434,0.6831,0.1834,2.0875,0
1.0,Greedy-DPP,,240,0.7274,0.8297,0.7244,0.7044,0.6866,0.834,0.6777,0.2149,2.5643,0
1.0,MMR*,MMR(0.3),240,0.7274,0.8136,0.7197,0.703,0.6827,0.8177,0.6759,0.2129,2.573,0
1.0,RNG*,RNG(-0.3),240,0.7274,0.8218,0.7251,0.7114,0.7001,0.8281,0.6826,0.1775,2.2124,0
1.0,Seg*,Seg(-0.2),240,0.7274,0.8351,0.7354,0.713,0.6958,0.8417,0.6885,0.1925,2.3342,0
0.0,kNN,,240,0.0,0.7876,0.6476,0.6139,0.6488,0.7897,0.588,0.4184,4.3159,1
0.0,Maxmin,,240,0.0,0.5154,0.5076,0.5273,0.5084,0.5163,0.4978,0.5317,5.4891,1
0.0,Greedy-DPP,,240,0.0,0.6747,0.5809,0.5734,0.5824,0.6779,0.5432,0.4903,5.1425,1
0.0,MMR*,MMR(0.9),240,0.0,0.7897,0.6468,0.6131,0.648,0.7917,0.5869,0.4282,4.4371,1
0.0,RNG*,RNG(-0.2),240,0.0,0.791,0.6469,0.6128,0.6481,0.793,0.5866,0.4225,4.375,1
0.0,Seg*,Seg(-0.2),240,0.0,0.7881,0.644,0.6113,0.6451,0.7899,0.5846,0.4237,4.3901,1
0.025,kNN,,240,0.0008,0.8064,0.6775,0.6492,0.6793,0.8084,0.6222,0.3884,3.7787,1
0.025,Maxmin,,240,0.0008,0.5621,0.5569,0.5778,0.3972,0.563,0.5474,0.5287,5.4208,1
0.025,Greedy-DPP,,240,0.0008,0.707,0.6276,0.6234,0.4404,0.7102,0.593,0.4898,5.1367,1
0.025,MMR*,MMR(0.9),240,0.0008,0.797,0.6767,0.6511,0.6426,0.8011,0.6236,0.4011,3.9559,1
0.025,RNG*,RNG(-0.2),240,0.0008,0.8022,0.6776,0.6494,0.5492,0.8042,0.6232,0.4118,4.201,1
0.025,Seg*,Seg(-0.2),240,0.0008,0.7943,0.6746,0.649,0.5411,0.7961,0.6224,0.4139,4.2289,1
0.05,kNN,,240,0.0029,0.8189,0.6822,0.653,0.6926,0.823,0.6239,0.3078,2.8931,1
0.05,Maxmin,,240,0.0029,0.5621,0.5544,0.5753,0.3738,0.563,0.5432,0.5231,5.336,1
0.05,Greedy-DPP,,240,0.0029,0.7195,0.6286,0.6225,0.4143,0.7227,0.5904,0.4894,5.1323,1
0.05,MMR*,MMR(0.9),240,0.0029,0.8108,0.6827,0.6554,0.6491,0.8147,0.6268,0.3356,3.2226,1
0.05,RNG*,RNG(-0.2),240,0.0029,0.8182,0.6845,0.6523,0.5357,0.8223,0.6256,0.4003,4.068,1
0.05,Seg*,Seg(-0.3),240,0.0029,0.8147,0.6816,0.6525,0.5952,0.8188,0.624,0.3673,3.6579,1
0.1,kNN,,240,0.0101,0.8092,0.693,0.676,0.7042,0.8124,0.6424,0.1711,2.1258,1
0.1,Maxmin,,240,0.0101,0.586,0.5757,0.5983,0.3865,0.5869,0.5632,0.5158,5.2249,1
0.1,Greedy-DPP,,240,0.0101,0.7176,0.6446,0.6436,0.4219,0.7208,0.6102,0.4893,5.1315,1
0.1,MMR*,MMR(0.9),240,0.0101,0.8042,0.6927,0.6738,0.663,0.8094,0.6422,0.2292,2.5921,1
0.1,RNG*,RNG(-0.2),240,0.0101,0.8174,0.7003,0.6759,0.5482,0.8212,0.6463,0.3853,3.9622,1
0.1,Seg*,Seg(-0.2),240,0.0101,0.8111,0.6976,0.6748,0.5418,0.815,0.6449,0.392,4.0201,1
0.15,kNN,,240,0.0213,0.8082,0.6969,0.6821,0.7073,0.8093,0.6488,0.1572,2.0258,1
0.15,Maxmin,,240,0.0213,0.6152,0.5986,0.619,0.4053,0.6161,0.584,0.5085,5.0935,1
0.15,Greedy-DPP,,240,0.0213,0.7247,0.6554,0.6565,0.4289,0.7279,0.6226,0.4894,5.1316,1
0.15,MMR*,MMR(0.9),240,0.0213,0.8021,0.698,0.6826,0.6681,0.8053,0.6504,0.2146,2.4938,1
0.15,RNG*,RNG(-0.2),240,0.0213,0.8201,0.7058,0.6824,0.5567,0.8244,0.6531,0.3825,3.9363,1
0.15,Seg*,Seg(-0.2),240,0.0213,0.8151,0.7033,0.681,0.5503,0.8192,0.6516,0.3879,3.9842,1
0.25,kNN,,240,0.0561,0.8124,0.6997,0.6844,0.71,0.8156,0.6523,0.1451,1.9307,1
0.25,Maxmin,,240,0.0561,0.6142,0.6006,0.6201,0.418,0.6151,0.588,0.4913,4.8528,1
0.25,Greedy-DPP,,240,0.0561,0.729,0.6592,0.6569,0.4315,0.7322,0.6262,0.4882,5.1195,1
0.25,MMR*,MMR(0.9),240,0.0561,0.7992,0.7005,0.6863,0.6716,0.8024,0.6551,0.202,2.4009,1
0.25,RNG*,RNG(-0.2),240,0.0561,0.8215,0.7103,0.6871,0.5632,0.8254,0.659,0.378,3.892,1
0.25,Seg*,Seg(-0.2),240,0.0561,0.8194,0.7087,0.6857,0.5593,0.8233,0.6576,0.3834,3.9413,1
0.5,kNN,,240,0.2112,0.8056,0.702,0.694,0.7152,0.8111,0.6574,0.1371,1.87,1
0.5,Maxmin,,240,0.2112,0.666,0.6241,0.64,0.4394,0.6694,0.6025,0.4656,4.4741,1
0.5,Greedy-DPP,,240,0.2112,0.7391,0.6709,0.6722,0.4394,0.7427,0.6378,0.4839,5.0738,1
0.5,MMR*,MMR(0.7),240,0.2112,0.7783,0.6952,0.6863,0.5258,0.784,0.6539,0.388,4.0843,1
0.5,RNG*,RNG(-0.2),240,0.2112,0.8224,0.7162,0.6966,0.5698,0.8292,0.6658,0.3737,3.8546,1
0.5,Seg*,Seg(-0.2),240,0.2112,0.8153,0.7139,0.6959,0.5658,0.8219,0.6652,0.3784,3.8954,1
1.0,kNN,,240,0.7274,0.791,0.694,0.688,0.7087,0.7965,0.6519,0.1247,1.7204,1
1.0,Maxmin,,240,0.7274,0.8231,0.7175,0.7018,0.7069,0.8288,0.6698,0.1892,2.1172,1
1.0,Greedy-DPP,,240,0.7274,0.8103,0.7108,0.6945,0.6694,0.8146,0.6639,0.2222,2.6291,1
1.0,MMR*,MMR(0.7),240,0.7274,0.7957,0.7079,0.6948,0.6674,0.8,0.664,0.202,2.4591,1
1.0,RNG*,RNG(-0.2),240,0.7274,0.8255,0.72,0.6998,0.6791,0.8323,0.67,0.1971,2.3753,1
1.0,Seg*,Seg(-0.2),240,0.7274,0.8184,0.7171,0.6987,0.6768,0.825,0.6687,0.1975,2.3805,1
0.0,kNN,,240,0.0,0.8168,0.6589,0.6201,0.6601,0.8188,0.5934,0.4168,4.2999,2
0.0,Maxmin,,240,0.0,0.5133,0.5046,0.5242,0.5054,0.5142,0.4942,0.5309,5.4773,2
0.0,Greedy-DPP,,240,0.0,0.6851,0.5818,0.571,0.5832,0.6883,0.5411,0.4894,5.1313,2
0.0,MMR*,MMR(0.9),240,0.0,0.8189,0.6553,0.6161,0.6565,0.8209,0.589,0.4267,4.422,2
0.0,RNG*,RNG(-0.2),240,0.0,0.8201,0.6586,0.6195,0.6598,0.8222,0.5925,0.4212,4.3627,2
0.0,Seg*,Seg(-0.2),240,0.0,0.8193,0.6564,0.6179,0.6576,0.8211,0.5907,0.4228,4.3824,2
0.025,kNN,,240,0.0008,0.8335,0.6903,0.6595,0.6936,0.8355,0.6298,0.3859,3.7455,2
0.025,Maxmin,,240,0.0008,0.5777,0.5629,0.5834,0.4034,0.5786,0.5495,0.5281,5.4048,2
0.025,Greedy-DPP,,240,0.0008,0.7151,0.6308,0.6256,0.4429,0.7183,0.5935,0.4889,5.1249,2
0.025,MMR*,MMR(0.7),240,0.0008,0.7846,0.6641,0.6435,0.511,0.7878,0.6123,0.4479,4.6125,2
0.025,RNG*,RNG(0),240,0.0008,0.8009,0.6729,0.6503,0.5496,0.802,0.6191,0.4456,4.5069,2
0.025,Seg*,Seg(0),240,0.0008,0.8142,0.6787,0.6538,0.5993,0.8153,0.6225,0.4312,4.2681,2
0.05,kNN,,240,0.0029,0.8449,0.7005,0.669,0.7089,0.8469,0.639,0.3065,2.8697,2
0.05,Maxmin,,240,0.0029,0.5871,0.5699,0.589,0.3856,0.588,0.5558,0.5215,5.3034,2
0.05,Greedy-DPP,,240,0.0029,0.7266,0.6406,0.6329,0.4222,0.7298,0.6029,0.4892,5.1285,2
0.05,MMR*,MMR(0.7),240,0.0029,0.7963,0.676,0.6538,0.5014,0.7994,0.6237,0.4291,4.3974,2
0.05,RNG*,RNG(0.3),240,0.0029,0.8449,0.7014,0.6698,0.6993,0.8469,0.64,0.3296,3.074,2
0.05,Seg*,Seg(0.3),240,0.0029,0.8449,0.7014,0.6698,0.7015,0.8469,0.6399,0.324,3.0223,2
0.1,kNN,,240,0.0101,0.8384,0.6978,0.6738,0.7112,0.8416,0.6394,0.1678,2.0921,2
0.1,Maxmin,,240,0.0101,0.5944,0.571,0.5897,0.3903,0.5953,0.5546,0.5135,5.168,2
0.1,Greedy-DPP,,240,0.0101,0.7318,0.6445,0.6393,0.4219,0.735,0.6053,0.4882,5.1179,2
0.1,MMR*,MMR(0.9),240,0.0101,0.8406,0.7004,0.674,0.666,0.8459,0.6408,0.2329,2.6029,2
0.1,RNG*,RNG(-0.3),240,0.0101,0.8444,0.7019,0.6749,0.6169,0.8478,0.6415,0.299,3.2306,2
0.1,Seg*,Seg(0.05),240,0.0101,0.8356,0.7001,0.6754,0.6776,0.8409,0.642,0.316,3.0433,2
0.15,kNN,,240,0.0213,0.8353,0.7049,0.6838,0.7197,0.8406,0.6495,0.1527,1.9838,2
0.15,Maxmin,,240,0.0213,0.5965,0.5817,0.602,0.3988,0.5974,0.5673,0.505,5.0434,2
0.15,Greedy-DPP,,240,0.0213,0.7443,0.658,0.6533,0.4308,0.7475,0.6193,0.4882,5.1172,2
0.15,MMR*,MMR(0.9),240,0.0213,0.8387,0.7093,0.6855,0.6774,0.8419,0.6529,0.2166,2.4812,2
0.15,RNG*,RNG(0.1),240,0.0213,0.829,0.7051,0.685,0.6972,0.8343,0.651,0.3154,2.9387,2
0.15,Seg*,Seg(0.05),240,0.0213,0.829,0.7062,0.6857,0.6888,0.8343,0.6522,0.2859,2.8138,2
0.25,kNN,,240,0.0561,0.8415,0.7089,0.6875,0.7227,0.8468,0.6542,0.1421,1.9035,2
0.25,Maxmin,,240,0.0561,0.5912,0.5793,0.5991,0.3988,0.5922,0.5674,0.4983,4.9316,2
0.25,Greedy-DPP,,240,0.0561,0.7384,0.6577,0.6519,0.4305,0.7416,0.6208,0.487,5.1063,2
0.25,MMR*,MMR(0.9),240,0.0561,0.8387,0.7095,0.6852,0.6806,0.844,0.6544,0.2012,2.3792,2
0.25,RNG*,RNG(0.05),240,0.0561,0.829,0.7053,0.6853,0.6748,0.8343,0.6525,0.3408,3.1654,2
0.25,Seg*,Seg(0.05),240,0.0561,0.829,0.7064,0.6865,0.6972,0.8343,0.6537,0.2496,2.556,2
0.5,kNN,,240,0.2112,0.8348,0.7083,0.6921,0.7254,0.8403,0.6566,0.1303,1.8054,2
0.5,Maxmin,,240,0.2112,0.6423,0.608,0.6231,0.4289,0.6455,0.5883,0.4645,4.4495,2
0.5,Greedy-DPP,,240,0.2112,0.7565,0.6736,0.6694,0.441,0.7601,0.6355,0.4822,5.0529,2
0.5,MMR*,MMR(0.9),240,0.2112,0.839,0.7164,0.6973,0.687,0.8444,0.6637,0.1883,2.2857,2
0.5,RNG*,RNG(-0.3),240,0.2112,0.8478,0.7177,0.6966,0.6376,0.8542,0.6629,0.2705,3.0317,2
0.5,Seg*,Seg(-0.3),240,0.2112,0.8437,0.717,0.6967,0.635,0.85,0.663,0.2761,3.0774,2
1.0,kNN,,240,0.7274,0.8233,0.7078,0.6965,0.722,0.8288,0.6595,0.1256,1.7262,2
1.0,Maxmin,,240,0.7274,0.8415,0.7247,0.706,0.7143,0.8451,0.6729,0.1841,2.0664,2
1.0,Greedy-DPP,,240,0.7274,0.8353,0.7207,0.6996,0.6784,0.8396,0.6682,0.2206,2.6013,2
1.0,MMR*,MMR(0.9),240,0.7274,0.8304,0.7218,0.7069,0.6965,0.8361,0.6723,0.1727,2.1575,2
1.0,RNG*,RNG(0.1),240,0.7274,0.8311,0.7192,0.7066,0.7236,0.8368,0.6704,0.1496,1.9002,2
1.0,Seg*,Seg(0.1),240,0.7274,0.8297,0.7178,0.7057,0.7237,0.8354,0.6693,0.1458,1.8701,2
