overlap,Selector,n_seeds,S-Recall@k,S-Recall@k_ci95,trigger rate,note,trigger rate_ci95
0.0,kNN,3,0.7676,0.0301,,,
0.0,always RNG(-0.2),2,0.7672,0.1169,,,
0.0,"rule (tau=4.39, RNG(-0.2))",1,0.7764,0.0,0.717,,0.0
0.0,per-level tuned,3,0.7553,0.0479,,[MMR(0.9)],
0.0,all-methods oracle,3,0.8315,0.0364,,,
0.25,kNN,3,0.7534,0.0188,,,
0.25,always RNG(-0.2),2,0.7577,0.0445,,,
0.25,"rule (tau=4.39, RNG(-0.2))",1,0.7612,0.0,0.846,,0.0
0.25,per-level tuned,3,0.7545,0.0377,,[MMR(0.9)],
0.25,all-methods oracle,3,0.8346,0.0273,,,
0.5,kNN,3,0.7565,0.0326,,,
0.5,always RNG(-0.2),2,0.765,0.1239,,,
0.5,"rule (tau=4.39, RNG(-0.2))",1,0.7705,0.0,0.912,,0.0
0.5,per-level tuned,3,0.7634,0.0251,,[RNG(-0.2)],
0.5,all-methods oracle,3,0.8329,0.0368,,,
0.75,kNN,3,0.7304,0.0186,,,
0.75,always RNG(-0.2),2,0.7526,0.1296,,,
0.75,"rule (tau=4.39, RNG(-0.2))",1,0.7628,0.0,0.992,,0.0
0.75,per-level tuned,3,0.7597,0.0286,,[MMR(0.7)],
0.75,all-methods oracle,3,0.8219,0.0316,,,
pooled,kNN,3,0.752,0.0251,,,
pooled,always RNG(-0.2),2,0.7606,0.1042,,,
pooled,"rule (tau=4.39, RNG(-0.2))",1,0.7677,0.0,,,
pooled,all-methods oracle,3,0.8302,0.0315,,,
0.0,"rule (tau=4.38, RNG(-0.2))",1,0.758,0.0,0.708,,0.0
0.25,"rule (tau=4.38, RNG(-0.2))",1,0.7542,0.0,0.821,,0.0
0.5,"rule (tau=4.38, RNG(-0.2))",1,0.7469,0.0,0.904,,0.0
0.75,"rule (tau=4.38, RNG(-0.2))",1,0.7424,0.0,0.992,,0.0
pooled,"rule (tau=4.38, RNG(-0.2))",1,0.7504,0.0,,,
0.0,always MMR(0.7),1,0.7663,0.0,,,
0.0,"rule (tau=4.77, MMR(0.7))",1,0.758,0.0,0.9,,0.0
0.25,always MMR(0.7),1,0.7605,0.0,,,
0.25,"rule (tau=4.77, MMR(0.7))",1,0.7688,0.0,0.942,,0.0
0.5,always MMR(0.7),1,0.7604,0.0,,,
0.5,"rule (tau=4.77, MMR(0.7))",1,0.7604,0.0,0.992,,0.0
0.75,always MMR(0.7),1,0.7653,0.0,,,
0.75,"rule (tau=4.77, MMR(0.7))",1,0.7653,0.0,1.0,,0.0
pooled,always MMR(0.7),1,0.7631,0.0,,,
pooled,"rule (tau=4.77, MMR(0.7))",1,0.7631,0.0,,,
