rho,Method,n_seeds,Chosen,n_test,n_test_ci95,PoolRedundancy,PoolRedundancy_ci95,Recall@k,Recall@k_ci95,NDCG@k,NDCG@k_ci95,MRR,MRR_ci95,alpha-NDCG@k,alpha-NDCG@k_ci95,S-Recall@k,S-Recall@k_ci95,ERR-IA@k,ERR-IA@k_ci95,APD,APD_ci95,Vendi,Vendi_ci95,p(S-Recall@k vs kNN)
0.0,kNN,3,,240.0,0.0,0.0,0.0,0.8022,0.0363,0.6592,0.0292,0.6247,0.0342,0.6604,0.0292,0.8042,0.0361,0.5994,0.038,0.418,0.0027,4.3121,0.027,
0.0,Maxmin,3,,240.0,0.0,0.0,0.0,0.5277,0.0574,0.5197,0.0585,0.5387,0.0557,0.5205,0.0585,0.5286,0.0574,0.51,0.0603,0.5314,0.0011,5.4838,0.0149,0.0
0.0,Greedy-DPP,3,,240.0,0.0,0.0,0.0,0.6867,0.0321,0.5927,0.049,0.584,0.0509,0.5942,0.0489,0.6899,0.0321,0.5551,0.0559,0.4898,0.0011,5.1365,0.014,1.2e-05
0.0,MMR*,3,MMR(0.9),240.0,0.0,0.0,0.0,0.8043,0.0363,0.6577,0.0305,0.6232,0.0372,0.6589,0.0305,0.8063,0.0363,0.5975,0.041,0.4277,0.0021,4.4313,0.0203,0.785495
0.0,RNG*,3,RNG(-0.2),240.0,0.0,0.0,0.0,0.8056,0.0361,0.6592,0.0315,0.6246,0.0372,0.6604,0.0315,0.8076,0.0363,0.5989,0.041,0.4224,0.0027,4.3736,0.0256,0.654721
0.025,kNN,3,,240.0,0.0,0.0008,0.0,0.8189,0.034,0.687,0.0208,0.6581,0.0207,0.6899,0.0232,0.8223,0.0337,0.6312,0.0242,0.3874,0.0033,3.761,0.0415,
0.025,Maxmin,3,,240.0,0.0,0.0008,0.0,0.5754,0.0306,0.5658,0.0265,0.5853,0.0212,0.4049,0.0211,0.5763,0.0306,0.5549,0.0277,0.5282,0.0011,5.4054,0.0374,0.0
0.025,Greedy-DPP,3,,240.0,0.0,0.0008,0.0,0.7165,0.0256,0.6361,0.0298,0.631,0.0282,0.4462,0.0198,0.7197,0.0256,0.6011,0.0339,0.4894,0.0012,5.1317,0.0152,1.1e-05
0.025,MMR*,3,MMR(0.9),240.0,0.0,0.0008,0.0,0.8005,0.0445,0.6792,0.041,0.6546,0.0329,0.6047,0.2029,0.805,0.0483,0.627,0.0414,0.4167,0.0671,4.1709,0.9501,0.388323
0.025,RNG*,3,RNG(-0.3),240.0,0.0,0.0008,0.0,0.808,0.0279,0.6821,0.0299,0.6556,0.0248,0.5743,0.1073,0.8111,0.0347,0.6285,0.032,0.4191,0.0589,4.2368,0.6312,0.317311
0.05,kNN,3,,240.0,0.0,0.0029,0.0,0.8313,0.0324,0.6967,0.0325,0.6681,0.0366,0.705,0.0274,0.834,0.0299,0.6396,0.0396,0.307,0.0017,2.8797,0.03,
0.05,Maxmin,3,,240.0,0.0,0.0029,0.0,0.5876,0.0639,0.5762,0.0633,0.5956,0.0605,0.3893,0.0438,0.5885,0.0639,0.5641,0.0647,0.5224,0.0021,5.3226,0.0424,0.0
0.05,Greedy-DPP,3,,240.0,0.0,0.0029,0.0,0.7286,0.0256,0.6441,0.0434,0.6376,0.0445,0.4244,0.0282,0.7318,0.0256,0.6077,0.0499,0.4892,0.0004,5.1298,0.0055,2e-06
0.05,MMR*,3,MMR(0.9),240.0,0.0,0.0029,0.0,0.8107,0.0358,0.6892,0.0432,0.6646,0.0429,0.6079,0.2312,0.8138,0.0346,0.6364,0.0481,0.3658,0.1363,3.5986,1.7194,0.179712
0.05,RNG*,3,RNG(0.5),240.0,0.0,0.0029,0.0,0.8311,0.0332,0.6979,0.0299,0.6683,0.038,0.6482,0.2424,0.8338,0.0307,0.6406,0.0382,0.349,0.1114,3.3679,1.5125,1.0
0.1,kNN,3,,240.0,0.0,0.0101,0.0,0.8277,0.0399,0.7019,0.0285,0.6806,0.0245,0.7127,0.0233,0.8316,0.0412,0.649,0.0352,0.168,0.0075,2.0998,0.0576,
0.1,Maxmin,3,,240.0,0.0,0.0101,0.0,0.6084,0.0789,0.5892,0.0686,0.6072,0.0576,0.3997,0.049,0.6093,0.0789,0.5747,0.0687,0.5129,0.0082,5.1744,0.1184,0.0
0.1,Greedy-DPP,3,,240.0,0.0,0.0101,0.0,0.7302,0.0295,0.6555,0.0473,0.652,0.0458,0.429,0.0305,0.7334,0.0295,0.6211,0.0576,0.4888,0.0014,5.1255,0.0173,4e-06
0.1,MMR*,3,MMR(0.9),240.0,0.0,0.0101,0.0,0.8236,0.0455,0.7031,0.0296,0.6806,0.0287,0.6709,0.0279,0.8289,0.0456,0.6506,0.0392,0.2279,0.0144,2.5743,0.1007,0.416366
0.1,RNG*,3,RNG(-0.3),240.0,0.0,0.0101,0.0,0.833,0.0347,0.7067,0.0243,0.6813,0.0254,0.6009,0.1164,0.8372,0.035,0.6519,0.0348,0.3261,0.1276,3.4577,1.0872,0.180145
0.15,kNN,3,,240.0,0.0,0.0213,0.0,0.8248,0.0361,0.7069,0.0278,0.689,0.026,0.7184,0.026,0.828,0.041,0.657,0.0338,0.1535,0.0085,1.9988,0.0581,
0.15,Maxmin,3,,240.0,0.0,0.0213,0.0,0.6153,0.047,0.5998,0.0464,0.6186,0.0409,0.4097,0.0339,0.6162,0.047,0.5859,0.0489,0.5055,0.007,5.0503,0.0999,0.0
0.15,Greedy-DPP,3,,240.0,0.0,0.0213,0.0,0.7383,0.0294,0.6644,0.0334,0.6624,0.0324,0.4348,0.0214,0.7415,0.0294,0.6304,0.041,0.4885,0.0019,5.1218,0.0212,1.9e-05
0.15,MMR*,3,MMR(0.9),240.0,0.0,0.0213,0.0,0.8225,0.0463,0.7088,0.0264,0.6891,0.0219,0.6786,0.0278,0.8257,0.0463,0.6586,0.0301,0.2128,0.0122,2.4672,0.0887,0.68447
0.15,RNG*,3,RNG(0.5),240.0,0.0,0.0213,0.0,0.8252,0.0114,0.7097,0.0183,0.6894,0.0246,0.6599,0.2248,0.8295,0.0123,0.6589,0.0297,0.2889,0.2713,2.9856,2.3057,0.256839
0.25,kNN,3,,240.0,0.0,0.0561,0.0,0.8227,0.0406,0.7072,0.0169,0.6908,0.0211,0.7198,0.0218,0.8273,0.0423,0.6588,0.0241,0.1423,0.0066,1.9118,0.0408,
0.25,Maxmin,3,,240.0,0.0,0.0561,0.0,0.6152,0.0608,0.6012,0.0552,0.6203,0.0529,0.4146,0.0359,0.6162,0.0609,0.5887,0.0537,0.4959,0.01,4.9098,0.1238,0.0
0.25,Greedy-DPP,3,,240.0,0.0,0.0561,0.0,0.7376,0.0203,0.6659,0.0323,0.6627,0.0362,0.4358,0.0208,0.7408,0.0203,0.6325,0.0393,0.4876,0.0015,5.1128,0.0164,2.3e-05
0.25,MMR*,3,MMR(0.9),240.0,0.0,0.0561,0.0,0.8199,0.0492,0.7104,0.0259,0.6921,0.0275,0.6823,0.0291,0.8245,0.052,0.6621,0.0315,0.1993,0.0101,2.3705,0.0883,0.167704
0.25,RNG*,3,RNG(0.2),240.0,0.0,0.0561,0.0,0.8241,0.0106,0.7116,0.0176,0.6924,0.0269,0.655,0.208,0.8289,0.0118,0.6622,0.0289,0.2979,0.2688,3.0491,2.2524,0.108809
0.5,kNN,3,,240.0,0.0,0.2112,0.0,0.8166,0.0394,0.7077,0.0134,0.696,0.0129,0.7226,0.0161,0.8214,0.0407,0.662,0.0217,0.1321,0.0109,1.8287,0.089,
0.5,Maxmin,3,,240.0,0.0,0.2112,0.0,0.6593,0.0369,0.6226,0.0344,0.6367,0.0304,0.4387,0.0236,0.6626,0.037,0.6029,0.0369,0.4656,0.0027,4.4614,0.0306,0.0
0.5,Greedy-DPP,3,,240.0,0.0,0.2112,0.0,0.7522,0.0287,0.6769,0.0203,0.6739,0.0136,0.4431,0.0128,0.7558,0.0287,0.6419,0.0229,0.4829,0.0023,5.0613,0.0274,0.000289
0.5,MMR*,3,MMR(0.7),240.0,0.0,0.2112,0.0,0.8058,0.0764,0.7071,0.0269,0.6925,0.014,0.5838,0.2226,0.8117,0.0758,0.6621,0.0188,0.3205,0.2844,3.4754,2.5597,0.484331
0.5,RNG*,3,RNG(0.2),240.0,0.0,0.2112,0.0,0.8298,0.0389,0.7171,0.0019,0.699,0.0103,0.645,0.1965,0.836,0.0395,0.6678,0.0151,0.2627,0.286,2.9311,2.4287,0.0656
1.0,kNN,3,,240.0,0.0,0.7274,0.0,0.8058,0.0405,0.7035,0.0205,0.6951,0.0163,0.718,0.02,0.8112,0.0406,0.6604,0.0222,0.1243,0.0037,1.7229,0.0074,
1.0,Maxmin,3,,240.0,0.0,0.7274,0.0,0.8348,0.0253,0.7242,0.0161,0.7064,0.0118,0.7142,0.0179,0.8391,0.0223,0.6753,0.0173,0.1856,0.0079,2.0904,0.0634,0.06816
1.0,Greedy-DPP,3,,240.0,0.0,0.7274,0.0,0.8251,0.0326,0.7186,0.0175,0.6995,0.0123,0.6781,0.0214,0.8294,0.0326,0.6699,0.0175,0.2192,0.0095,2.5982,0.0808,0.255221
1.0,MMR*,3,MMR(0.3),240.0,0.0,0.7274,0.0,0.8132,0.0431,0.7165,0.0186,0.7016,0.0153,0.6822,0.0362,0.8179,0.0448,0.6707,0.0152,0.1959,0.0516,2.3965,0.5333,0.728804
1.0,RNG*,3,RNG(-0.3),240.0,0.0,0.7274,0.0,0.8261,0.0116,0.7214,0.008,0.7059,0.0145,0.7009,0.0553,0.8324,0.0108,0.6743,0.0178,0.1747,0.0593,2.1626,0.5997,0.017552
