overlap,Selector,n_seeds,S-Recall@k,S-Recall@k_ci95,oracle - fixed,oracle - kNN,% beats kNN,oracle - fixed_ci95,oracle - kNN_ci95,% beats kNN_ci95
0.0,kNN,3,0.7676,0.0301,,,,,,
0.0,MMR fixed [MMR(0.9)],2,0.7682,0.0902,,,,,,
0.0,MMR oracle,3,0.8013,0.0326,0.0337,0.0337,4.0667,0.022,0.006,0.5737
0.0,RNG fixed [RNG(-0.3)],2,0.763,0.1169,,,,,,
0.0,RNG oracle,3,0.8037,0.0287,0.0494,0.0361,4.0667,0.0605,0.006,0.5737
0.0,All-methods oracle,3,0.8315,0.0364,,0.0639,6.9667,,0.0109,1.1474
0.25,kNN,3,0.7534,0.0188,,,,,,
0.25,MMR fixed [MMR(0.9)],1,0.7591,0.0,,,,,,
0.25,MMR oracle,3,0.814,0.0254,0.0616,0.0605,6.6667,0.0066,0.0071,1.1202
0.25,RNG fixed [RNG(-0.2)],2,0.7577,0.0445,,,,,,
0.25,RNG oracle,3,0.797,0.0189,0.0362,0.0435,5.4,0.0051,0.0,0.0
0.25,All-methods oracle,3,0.8346,0.0273,,0.0812,9.7333,,0.0086,1.1474
0.5,kNN,3,0.7565,0.0326,,,,,,
0.5,MMR fixed [MMR(0.7)],2,0.7618,0.0178,,,,,,
0.5,MMR oracle,3,0.8047,0.0351,0.0468,0.0483,5.4,0.0179,0.0107,0.9937
0.5,RNG fixed [RNG(-0.2)],2,0.765,0.1239,,,,,,
0.5,RNG oracle,3,0.8002,0.0363,0.0333,0.0437,5.4,0.023,0.0103,0.9937
0.5,All-methods oracle,3,0.8329,0.0368,,0.0764,8.9333,,0.006,0.5737
0.75,kNN,3,0.7304,0.0186,,,,,,
0.75,MMR fixed [MMR(0.7)],2,0.7559,0.1194,,,,,,
0.75,MMR oracle,3,0.8007,0.0206,0.0444,0.0702,8.4667,0.003,0.0159,1.654
0.75,RNG fixed [RNG(-0.1)],2,0.7688,0.0172,,,,,,
0.75,RNG oracle,3,0.7895,0.032,0.0295,0.059,8.2,0.006,0.0169,1.629
0.75,All-methods oracle,3,0.8219,0.0316,,0.0914,11.5,,0.0201,2.2079
0.25,MMR fixed [MMR(0.7)],2,0.749,0.1455,,,,,,
0.5,MMR fixed [MMR(0.9)],1,0.75,0.0,,,,,,
0.75,RNG fixed [RNG(-0.2)],1,0.7424,0.0,,,,,,
0.0,MMR fixed [MMR(0.7)],1,0.7663,0.0,,,,,,
0.0,RNG fixed [RNG(-0.05)],1,0.7368,0.0,,,,,,
0.25,RNG fixed [RNG(-0.1)],1,0.7669,0.0,,,,,,
0.5,RNG fixed [RNG(-0.3)],1,0.7708,0.0,,,,,,
0.75,MMR fixed [MMR(0.9)],1,0.7569,0.0,,,,,,
