rho,n_seeds,D,tau,tau_ci95,min_rel,min_rel_ci95,n_test,n_test_ci95,kNN,kNN_ci95,always_D,always_D_ci95,ungated_rule,ungated_rule_ci95,gated_rule,gated_rule_ci95,trigger_rate,trigger_rate_ci95,gate_off_rate,gate_off_rate_ci95,rule_fires_gated,rule_fires_gated_ci95,mean_RelSetSize,mean_RelSetSize_ci95,ungated_minus_kNN,ungated_minus_kNN_ci95,gated_minus_kNN,gated_minus_kNN_ci95,gated_minus_ungated,gated_minus_ungated_ci95
0.0,3,RNG(-0.2),3.6567,1.9501,2.0,0.0,240.0,0.0,0.8042,0.0361,0.8072,0.0347,0.806,0.0349,0.8046,0.0399,0.229,0.5083,0.9193,0.0165,0.0413,0.0805,1.14,0.0248,0.0018,0.0041,0.0004,0.0037,-0.0014,0.006
0.025,3,RNG(-0.2),3.6567,1.9501,2.0,0.0,240.0,0.0,0.8223,0.0337,0.821,0.037,0.8192,0.0235,0.8206,0.0277,0.5153,1.0604,0.9193,0.0165,0.0513,0.0934,1.14,0.0248,-0.0031,0.0135,-0.0017,0.0075,0.0014,0.006
0.05,3,RNG(-0.2),3.6567,1.9501,2.0,0.0,240.0,0.0,0.834,0.0299,0.8335,0.0243,0.83,0.0259,0.8341,0.0189,0.8043,0.1967,0.9193,0.0165,0.064,0.0484,1.14,0.0248,-0.0041,0.0144,0.0001,0.0116,0.0042,0.0103
0.1,3,RNG(-0.2),3.6567,1.9501,2.0,0.0,240.0,0.0,0.8316,0.0412,0.8379,0.0382,0.8365,0.0338,0.8393,0.03,0.839,0.1695,0.9193,0.0165,0.0707,0.0277,1.14,0.0248,0.0049,0.0124,0.0077,0.012,0.0028,0.006
0.15,3,RNG(-0.2),3.6567,1.9501,2.0,0.0,240.0,0.0,0.828,0.041,0.8398,0.0465,0.8356,0.0455,0.8384,0.0347,0.8487,0.1776,0.9193,0.0165,0.0707,0.0372,1.14,0.0248,0.0076,0.0254,0.0104,0.0273,0.0028,0.0119
0.25,3,RNG(-0.2),3.6567,1.9501,2.0,0.0,240.0,0.0,0.8273,0.0423,0.8384,0.0322,0.8398,0.0325,0.8411,0.0221,0.8723,0.157,0.9193,0.0165,0.0707,0.0211,1.14,0.0248,0.0125,0.0246,0.0139,0.021,0.0014,0.0158
0.5,3,RNG(-0.2),3.6567,1.9501,2.0,0.0,240.0,0.0,0.8214,0.0407,0.8368,0.0208,0.8354,0.0137,0.8382,0.0131,0.8917,0.1803,0.9193,0.0165,0.076,0.0317,1.14,0.0248,0.014,0.0327,0.0168,0.0288,0.0028,0.006
1.0,3,RNG(-0.2),3.6567,1.9501,2.0,0.0,240.0,0.0,0.8112,0.0406,0.8369,0.0117,0.8348,0.0057,0.8293,0.0207,0.9167,0.2469,0.9193,0.0165,0.0747,0.0277,1.14,0.0248,0.0236,0.0353,0.0181,0.0311,-0.0056,0.0158
pooled,3,RNG(-0.2),3.6567,1.9501,2.0,0.0,1920.0,0.0,0.8225,0.0363,0.8314,0.0283,0.8297,0.0252,0.8307,0.0235,0.7393,0.3355,0.9193,0.0165,0.065,0.046,1.14,0.0248,0.0072,0.018,0.0082,0.0164,0.0011,0.0034
