Method,n_seeds,alpha-NDCG@k,alpha-NDCG@k_ci95,oracle - fixed,oracle - fixed_ci95,oracle - kNN,oracle - kNN_ci95,% queries where oracle beats kNN,% queries where oracle beats kNN_ci95,Recall@k,Recall@k_ci95,NDCG@k,NDCG@k_ci95,MRR,MRR_ci95,S-Recall@k,S-Recall@k_ci95,ERR-IA@k,ERR-IA@k_ci95,APD,APD_ci95,Vendi,Vendi_ci95,Chosen,RunParams
kNN,3,0.6604,0.0292,,,,,,,0.8022,0.0363,0.6592,0.0292,0.6247,0.0342,0.8042,0.0361,0.5994,0.038,0.418,0.0027,4.3121,0.027,kNN,"{""alpha_grid"": [-0.3, -0.2, -0.1, -0.05, 0.0, 0.05, 0.1, 0.2, 0.3, 0.5, 1.0], ""batch_size"": 64, ""chunk_window"": 60, ""dataset"": ""scifact"", ""device"": ""cuda"", ""dup_noise"": ""light"", ""dup_target"": ""mixed"", ""encode_cache"": true, ""encoder_model"": ""BAAI/bge-m3"", ""experiment"": ""all"", ""gen_max_samples"": 1000, ""gen_methods"": [], ""generator_model"": null, ""lambda_grid"": [0.3, 0.5, 0.7, 0.9], ""max_samples"": null, ""metric"": ""cosine"", ""objective"": ""alpha-NDCG@k"", ""overlap_grid"": [0.0, 0.25, 0.5, 0.75], ""rho_grid"": [0.0, 0.025, 0.05, 0.1, 0.15, 0.25, 0.5, 1.0], ""run_generation"": false, ""script"": ""evaluate_redundancy.py"", ""seed"": 0, ""seeds"": [0, 1, 2], ""single_subtopic"": false, ""split"": ""test"", ""top_k"": 10, ""top_m"": 100, ""val_fraction"": 0.2}"
MMR fixed,3,0.6589,0.0305,,,,,,,0.8043,0.0363,0.6577,0.0305,0.6232,0.0372,0.8063,0.0363,0.5975,0.041,0.4277,0.0021,4.4313,0.0203,MMR(0.9),"{""alpha_grid"": [-0.3, -0.2, -0.1, -0.05, 0.0, 0.05, 0.1, 0.2, 0.3, 0.5, 1.0], ""batch_size"": 64, ""chunk_window"": 60, ""dataset"": ""scifact"", ""device"": ""cuda"", ""dup_noise"": ""light"", ""dup_target"": ""mixed"", ""encode_cache"": true, ""encoder_model"": ""BAAI/bge-m3"", ""experiment"": ""all"", ""gen_max_samples"": 1000, ""gen_methods"": [], ""generator_model"": null, ""lambda_grid"": [0.3, 0.5, 0.7, 0.9], ""max_samples"": null, ""metric"": ""cosine"", ""objective"": ""alpha-NDCG@k"", ""overlap_grid"": [0.0, 0.25, 0.5, 0.75], ""rho_grid"": [0.0, 0.025, 0.05, 0.1, 0.15, 0.25, 0.5, 1.0], ""run_generation"": false, ""script"": ""evaluate_redundancy.py"", ""seed"": 0, ""seeds"": [0, 1, 2], ""single_subtopic"": false, ""split"": ""test"", ""top_k"": 10, ""top_m"": 100, ""val_fraction"": 0.2}"
MMR oracle (per-query),3,0.6693,0.0304,,,,,,,,,,,,,,,,,,,,,MMR-oracle,"{""alpha_grid"": [-0.3, -0.2, -0.1, -0.05, 0.0, 0.05, 0.1, 0.2, 0.3, 0.5, 1.0], ""batch_size"": 64, ""chunk_window"": 60, ""dataset"": ""scifact"", ""device"": ""cuda"", ""dup_noise"": ""light"", ""dup_target"": ""mixed"", ""encode_cache"": true, ""encoder_model"": ""BAAI/bge-m3"", ""experiment"": ""all"", ""gen_max_samples"": 1000, ""gen_methods"": [], ""generator_model"": null, ""lambda_grid"": [0.3, 0.5, 0.7, 0.9], ""max_samples"": null, ""metric"": ""cosine"", ""objective"": ""alpha-NDCG@k"", ""overlap_grid"": [0.0, 0.25, 0.5, 0.75], ""rho_grid"": [0.0, 0.025, 0.05, 0.1, 0.15, 0.25, 0.5, 1.0], ""run_generation"": false, ""script"": ""evaluate_redundancy.py"", ""seed"": 0, ""seeds"": [0, 1, 2], ""single_subtopic"": false, ""split"": ""test"", ""top_k"": 10, ""top_m"": 100, ""val_fraction"": 0.2}"
MMR headroom,3,,,0.0104,0.0003,0.0089,0.0043,10.6667,0.5737,,,,,,,,,,,,,,,,"{""alpha_grid"": [-0.3, -0.2, -0.1, -0.05, 0.0, 0.05, 0.1, 0.2, 0.3, 0.5, 1.0], ""batch_size"": 64, ""chunk_window"": 60, ""dataset"": ""scifact"", ""device"": ""cuda"", ""dup_noise"": ""light"", ""dup_target"": ""mixed"", ""encode_cache"": true, ""encoder_model"": ""BAAI/bge-m3"", ""experiment"": ""all"", ""gen_max_samples"": 1000, ""gen_methods"": [], ""generator_model"": null, ""lambda_grid"": [0.3, 0.5, 0.7, 0.9], ""max_samples"": null, ""metric"": ""cosine"", ""objective"": ""alpha-NDCG@k"", ""overlap_grid"": [0.0, 0.25, 0.5, 0.75], ""rho_grid"": [0.0, 0.025, 0.05, 0.1, 0.15, 0.25, 0.5, 1.0], ""run_generation"": false, ""script"": ""evaluate_redundancy.py"", ""seed"": 0, ""seeds"": [0, 1, 2], ""single_subtopic"": false, ""split"": ""test"", ""top_k"": 10, ""top_m"": 100, ""val_fraction"": 0.2}"
RNG fixed,3,0.6488,0.0569,,,,,,,0.7846,0.0536,0.6476,0.0572,0.6171,0.0523,0.787,0.052,0.5911,0.0585,0.4338,0.0533,4.496,0.6104,RNG(0.5);RNG(-0.2);RNG(-0.05),"{""alpha_grid"": [-0.3, -0.2, -0.1, -0.05, 0.0, 0.05, 0.1, 0.2, 0.3, 0.5, 1.0], ""batch_size"": 64, ""chunk_window"": 60, ""dataset"": ""scifact"", ""device"": ""cuda"", ""dup_noise"": ""light"", ""dup_target"": ""mixed"", ""encode_cache"": true, ""encoder_model"": ""BAAI/bge-m3"", ""experiment"": ""all"", ""gen_max_samples"": 1000, ""gen_methods"": [], ""generator_model"": null, ""lambda_grid"": [0.3, 0.5, 0.7, 0.9], ""max_samples"": null, ""metric"": ""cosine"", ""objective"": ""alpha-NDCG@k"", ""overlap_grid"": [0.0, 0.25, 0.5, 0.75], ""rho_grid"": [0.0, 0.025, 0.05, 0.1, 0.15, 0.25, 0.5, 1.0], ""run_generation"": false, ""script"": ""evaluate_redundancy.py"", ""seed"": 0, ""seeds"": [0, 1, 2], ""single_subtopic"": false, ""split"": ""test"", ""top_k"": 10, ""top_m"": 100, ""val_fraction"": 0.2}"
RNG oracle (per-query),3,0.6776,0.0277,,,,,,,,,,,,,,,,,,,,,RNG-oracle,"{""alpha_grid"": [-0.3, -0.2, -0.1, -0.05, 0.0, 0.05, 0.1, 0.2, 0.3, 0.5, 1.0], ""batch_size"": 64, ""chunk_window"": 60, ""dataset"": ""scifact"", ""device"": ""cuda"", ""dup_noise"": ""light"", ""dup_target"": ""mixed"", ""encode_cache"": true, ""encoder_model"": ""BAAI/bge-m3"", ""experiment"": ""all"", ""gen_max_samples"": 1000, ""gen_methods"": [], ""generator_model"": null, ""lambda_grid"": [0.3, 0.5, 0.7, 0.9], ""max_samples"": null, ""metric"": ""cosine"", ""objective"": ""alpha-NDCG@k"", ""overlap_grid"": [0.0, 0.25, 0.5, 0.75], ""rho_grid"": [0.0, 0.025, 0.05, 0.1, 0.15, 0.25, 0.5, 1.0], ""run_generation"": false, ""script"": ""evaluate_redundancy.py"", ""seed"": 0, ""seeds"": [0, 1, 2], ""single_subtopic"": false, ""split"": ""test"", ""top_k"": 10, ""top_m"": 100, ""val_fraction"": 0.2}"
RNG headroom,3,,,0.0288,0.047,0.0172,0.0017,13.3333,1.8645,,,,,,,,,,,,,,,,"{""alpha_grid"": [-0.3, -0.2, -0.1, -0.05, 0.0, 0.05, 0.1, 0.2, 0.3, 0.5, 1.0], ""batch_size"": 64, ""chunk_window"": 60, ""dataset"": ""scifact"", ""device"": ""cuda"", ""dup_noise"": ""light"", ""dup_target"": ""mixed"", ""encode_cache"": true, ""encoder_model"": ""BAAI/bge-m3"", ""experiment"": ""all"", ""gen_max_samples"": 1000, ""gen_methods"": [], ""generator_model"": null, ""lambda_grid"": [0.3, 0.5, 0.7, 0.9], ""max_samples"": null, ""metric"": ""cosine"", ""objective"": ""alpha-NDCG@k"", ""overlap_grid"": [0.0, 0.25, 0.5, 0.75], ""rho_grid"": [0.0, 0.025, 0.05, 0.1, 0.15, 0.25, 0.5, 1.0], ""run_generation"": false, ""script"": ""evaluate_redundancy.py"", ""seed"": 0, ""seeds"": [0, 1, 2], ""single_subtopic"": false, ""split"": ""test"", ""top_k"": 10, ""top_m"": 100, ""val_fraction"": 0.2}"
Seg fixed,3,0.6581,0.0339,,,,,,,0.8017,0.0331,0.6569,0.0338,0.6233,0.0374,0.8036,0.0333,0.5971,0.0429,0.4262,0.0207,4.4031,0.2018,Seg(-0.3);Seg(-0.2);Seg(0.05),"{""alpha_grid"": [-0.3, -0.2, -0.1, -0.05, 0.0, 0.05, 0.1, 0.2, 0.3, 0.5, 1.0], ""batch_size"": 64, ""chunk_window"": 60, ""dataset"": ""scifact"", ""device"": ""cuda"", ""dup_noise"": ""light"", ""dup_target"": ""mixed"", ""encode_cache"": true, ""encoder_model"": ""BAAI/bge-m3"", ""experiment"": ""all"", ""gen_max_samples"": 1000, ""gen_methods"": [], ""generator_model"": null, ""lambda_grid"": [0.3, 0.5, 0.7, 0.9], ""max_samples"": null, ""metric"": ""cosine"", ""objective"": ""alpha-NDCG@k"", ""overlap_grid"": [0.0, 0.25, 0.5, 0.75], ""rho_grid"": [0.0, 0.025, 0.05, 0.1, 0.15, 0.25, 0.5, 1.0], ""run_generation"": false, ""script"": ""evaluate_redundancy.py"", ""seed"": 0, ""seeds"": [0, 1, 2], ""single_subtopic"": false, ""split"": ""test"", ""top_k"": 10, ""top_m"": 100, ""val_fraction"": 0.2}"
Seg oracle (per-query),3,0.6769,0.0281,,,,,,,,,,,,,,,,,,,,,Seg-oracle,"{""alpha_grid"": [-0.3, -0.2, -0.1, -0.05, 0.0, 0.05, 0.1, 0.2, 0.3, 0.5, 1.0], ""batch_size"": 64, ""chunk_window"": 60, ""dataset"": ""scifact"", ""device"": ""cuda"", ""dup_noise"": ""light"", ""dup_target"": ""mixed"", ""encode_cache"": true, ""encoder_model"": ""BAAI/bge-m3"", ""experiment"": ""all"", ""gen_max_samples"": 1000, ""gen_methods"": [], ""generator_model"": null, ""lambda_grid"": [0.3, 0.5, 0.7, 0.9], ""max_samples"": null, ""metric"": ""cosine"", ""objective"": ""alpha-NDCG@k"", ""overlap_grid"": [0.0, 0.25, 0.5, 0.75], ""rho_grid"": [0.0, 0.025, 0.05, 0.1, 0.15, 0.25, 0.5, 1.0], ""run_generation"": false, ""script"": ""evaluate_redundancy.py"", ""seed"": 0, ""seeds"": [0, 1, 2], ""single_subtopic"": false, ""split"": ""test"", ""top_k"": 10, ""top_m"": 100, ""val_fraction"": 0.2}"
Seg headroom,3,,,0.0189,0.006,0.0166,0.0011,13.3333,2.7699,,,,,,,,,,,,,,,,"{""alpha_grid"": [-0.3, -0.2, -0.1, -0.05, 0.0, 0.05, 0.1, 0.2, 0.3, 0.5, 1.0], ""batch_size"": 64, ""chunk_window"": 60, ""dataset"": ""scifact"", ""device"": ""cuda"", ""dup_noise"": ""light"", ""dup_target"": ""mixed"", ""encode_cache"": true, ""encoder_model"": ""BAAI/bge-m3"", ""experiment"": ""all"", ""gen_max_samples"": 1000, ""gen_methods"": [], ""generator_model"": null, ""lambda_grid"": [0.3, 0.5, 0.7, 0.9], ""max_samples"": null, ""metric"": ""cosine"", ""objective"": ""alpha-NDCG@k"", ""overlap_grid"": [0.0, 0.25, 0.5, 0.75], ""rho_grid"": [0.0, 0.025, 0.05, 0.1, 0.15, 0.25, 0.5, 1.0], ""run_generation"": false, ""script"": ""evaluate_redundancy.py"", ""seed"": 0, ""seeds"": [0, 1, 2], ""single_subtopic"": false, ""split"": ""test"", ""top_k"": 10, ""top_m"": 100, ""val_fraction"": 0.2}"
