rho,Selector,n_seeds,S-Recall@k,S-Recall@k_ci95,trigger rate,note,trigger rate_ci95
0.0,kNN,3,0.5646,0.0098,,,
0.0,always RNG(-0.2),1,0.5673,0.0,,,
0.0,"rule (tau=3.65, RNG(-0.2))",1,0.5673,0.0,0.636,,0.0
0.0,per-level tuned,3,0.5703,0.0081,,[RNG(-0.2)],
0.0,all-methods oracle,3,0.6272,0.0067,,,
0.025,kNN,3,0.5764,0.0208,,,
0.025,always RNG(-0.2),1,0.5879,0.0,,,
0.025,"rule (tau=3.65, RNG(-0.2))",1,0.5879,0.0,0.794,,0.0
0.025,per-level tuned,3,0.5826,0.0157,,[RNG(-0.2)],
0.025,all-methods oracle,3,0.6466,0.0164,,,
0.05,kNN,3,0.5853,0.0106,,,
0.05,always RNG(-0.2),1,0.5988,0.0,,,
0.05,"rule (tau=3.65, RNG(-0.2))",1,0.5984,0.0,0.861,,0.0
0.05,per-level tuned,3,0.5963,0.0089,,[RNG(-0.2)],
0.05,all-methods oracle,3,0.6615,0.0089,,,
0.1,kNN,3,0.5685,0.0102,,,
0.1,always RNG(-0.2),1,0.5974,0.0,,,
0.1,"rule (tau=3.65, RNG(-0.2))",1,0.5974,0.0,0.886,,0.0
0.1,per-level tuned,3,0.5961,0.0112,,[RNG(-0.2)],
0.1,all-methods oracle,3,0.6687,0.0161,,,
0.15,kNN,3,0.557,0.0035,,,
0.15,always RNG(-0.2),1,0.6037,0.0,,,
0.15,"rule (tau=3.65, RNG(-0.2))",1,0.6018,0.0,0.888,,0.0
0.15,per-level tuned,3,0.6083,0.011,,[RNG(-0.2)],
0.15,all-methods oracle,3,0.681,0.0112,,,
0.25,kNN,3,0.533,0.0154,,,
0.25,always RNG(-0.2),1,0.6042,0.0,,,
0.25,"rule (tau=3.65, RNG(-0.2))",1,0.6042,0.0,0.902,,0.0
0.25,per-level tuned,3,0.6181,0.0104,,[Dedup(0.85)],
0.25,all-methods oracle,3,0.6848,0.0149,,,
0.5,kNN,3,0.5146,0.0189,,,
0.5,always RNG(-0.2),1,0.612,0.0,,,
0.5,"rule (tau=3.65, RNG(-0.2))",1,0.612,0.0,0.942,,0.0
0.5,per-level tuned,3,0.6279,0.005,,[Dedup(0.9)],
0.5,all-methods oracle,3,0.7032,0.0183,,,
1.0,kNN,3,0.5048,0.0134,,,
1.0,always RNG(-0.2),1,0.6146,0.0,,,
1.0,"rule (tau=3.65, RNG(-0.2))",1,0.6146,0.0,0.971,,0.0
1.0,per-level tuned,3,0.6349,0.0209,,[Dedup(0.85)],
1.0,all-methods oracle,3,0.7184,0.0245,,,
pooled,kNN,3,0.5506,0.0083,,,
pooled,always RNG(-0.2),1,0.5982,0.0,,,
pooled,"rule (tau=3.65, RNG(-0.2))",1,0.5979,0.0,,,
pooled,all-methods oracle,3,0.6739,0.0053,,,
0.0,always Dedup(0.9),1,0.5581,0.0,,,
0.0,"rule (tau=3.64, Dedup(0.9))",1,0.5581,0.0,0.632,,0.0
0.025,always Dedup(0.9),1,0.5742,0.0,,,
0.025,"rule (tau=3.64, Dedup(0.9))",1,0.5742,0.0,0.8,,0.0
0.05,always Dedup(0.9),1,0.5955,0.0,,,
0.05,"rule (tau=3.64, Dedup(0.9))",1,0.5955,0.0,0.857,,0.0
0.1,always Dedup(0.9),1,0.5998,0.0,,,
0.1,"rule (tau=3.64, Dedup(0.9))",1,0.5998,0.0,0.873,,0.0
0.15,always Dedup(0.9),1,0.6088,0.0,,,
0.15,"rule (tau=3.64, Dedup(0.9))",1,0.6088,0.0,0.89,,0.0
0.25,always Dedup(0.9),1,0.6149,0.0,,,
0.25,"rule (tau=3.64, Dedup(0.9))",1,0.6129,0.0,0.9,,0.0
0.5,always Dedup(0.9),1,0.6259,0.0,,,
0.5,"rule (tau=3.64, Dedup(0.9))",1,0.6259,0.0,0.942,,0.0
1.0,always Dedup(0.9),1,0.6253,0.0,,,
1.0,"rule (tau=3.64, Dedup(0.9))",1,0.6253,0.0,0.971,,0.0
pooled,always Dedup(0.9),1,0.6003,0.0,,,
pooled,"rule (tau=3.64, Dedup(0.9))",1,0.6001,0.0,,,
0.0,always Dedup(0.85),1,0.5587,0.0,,,
0.0,"rule (tau=3.82, Dedup(0.85))",1,0.5596,0.0,0.759,,0.0
0.025,always Dedup(0.85),1,0.5794,0.0,,,
0.025,"rule (tau=3.82, Dedup(0.85))",1,0.5794,0.0,0.879,,0.0
0.05,always Dedup(0.85),1,0.5989,0.0,,,
0.05,"rule (tau=3.82, Dedup(0.85))",1,0.5989,0.0,0.909,,0.0
0.1,always Dedup(0.85),1,0.6046,0.0,,,
0.1,"rule (tau=3.82, Dedup(0.85))",1,0.6046,0.0,0.908,,0.0
0.15,always Dedup(0.85),1,0.6109,0.0,,,
0.15,"rule (tau=3.82, Dedup(0.85))",1,0.6109,0.0,0.934,,0.0
0.25,always Dedup(0.85),1,0.6165,0.0,,,
0.25,"rule (tau=3.82, Dedup(0.85))",1,0.6165,0.0,0.944,,0.0
0.5,always Dedup(0.85),1,0.6285,0.0,,,
0.5,"rule (tau=3.82, Dedup(0.85))",1,0.6285,0.0,0.973,,0.0
1.0,always Dedup(0.85),1,0.6382,0.0,,,
1.0,"rule (tau=3.82, Dedup(0.85))",1,0.6382,0.0,0.981,,0.0
pooled,always Dedup(0.85),1,0.6045,0.0,,,
pooled,"rule (tau=3.82, Dedup(0.85))",1,0.6046,0.0,,,
