rho,Method,n_seeds,PoolRedundancy,PoolRedundancy_ci95,Recall@k,Recall@k_ci95,NDCG@k,NDCG@k_ci95,MRR,MRR_ci95,alpha-NDCG@k,alpha-NDCG@k_ci95,S-Recall@k,S-Recall@k_ci95,ERR-IA@k,ERR-IA@k_ci95,APD,APD_ci95,Vendi,Vendi_ci95,Chosen,p_median(vs kNN),p_max(vs kNN),RunParams
0.0,kNN,3,0.0,0.0,0.4307,0.0139,0.385,0.0098,0.4805,0.007,0.4683,0.0083,0.5646,0.0098,0.3651,0.006,0.3355,0.0005,3.5065,0.0032,kNN,,,"{""alpha_grid"": [-2.0, -0.3, -0.2, -0.1, -0.05, 0.0, 0.05, 0.1, 0.2, 0.3, 0.5, 1.0], ""batch_size"": 64, ""chunk_window"": 60, ""dataset"": ""fiqa"", ""dedup_grid"": [0.85, 0.9, 0.95], ""device"": ""cuda"", ""dup_noise"": ""light"", ""dup_target"": ""mixed"", ""encode_cache"": true, ""encoder_model"": ""BAAI/bge-m3"", ""experiment"": ""both"", ""gen_max_samples"": 1000, ""gen_methods"": [], ""generator_model"": null, ""lambda_grid"": [0.3, 0.5, 0.7, 0.9], ""max_samples"": null, ""metric"": ""cosine"", ""objective"": ""S-Recall@k"", ""overlap_grid"": [0.0, 0.25, 0.5, 0.75], ""rho_grid"": [0.0, 0.025, 0.05, 0.1, 0.15, 0.25, 0.5, 1.0], ""run_generation"": false, ""script"": ""evaluate_redundancy.py"", ""seed"": 0, ""seeds"": [0, 1, 2], ""single_subtopic"": false, ""split"": ""test"", ""top_k"": 10, ""top_m"": 100, ""val_fraction"": 0.2}"
0.0,Maxmin,3,0.0,0.0,0.222,0.007,0.2533,0.005,0.413,0.0055,0.3111,0.0027,0.2961,0.0013,0.2767,0.0036,0.4739,0.0017,4.8108,0.0209,Maxmin,0.0,0.0,"{""alpha_grid"": [-2.0, -0.3, -0.2, -0.1, -0.05, 0.0, 0.05, 0.1, 0.2, 0.3, 0.5, 1.0], ""batch_size"": 64, ""chunk_window"": 60, ""dataset"": ""fiqa"", ""dedup_grid"": [0.85, 0.9, 0.95], ""device"": ""cuda"", ""dup_noise"": ""light"", ""dup_target"": ""mixed"", ""encode_cache"": true, ""encoder_model"": ""BAAI/bge-m3"", ""experiment"": ""both"", ""gen_max_samples"": 1000, ""gen_methods"": [], ""generator_model"": null, ""lambda_grid"": [0.3, 0.5, 0.7, 0.9], ""max_samples"": null, ""metric"": ""cosine"", ""objective"": ""S-Recall@k"", ""overlap_grid"": [0.0, 0.25, 0.5, 0.75], ""rho_grid"": [0.0, 0.025, 0.05, 0.1, 0.15, 0.25, 0.5, 1.0], ""run_generation"": false, ""script"": ""evaluate_redundancy.py"", ""seed"": 0, ""seeds"": [0, 1, 2], ""single_subtopic"": false, ""split"": ""test"", ""top_k"": 10, ""top_m"": 100, ""val_fraction"": 0.2}"
0.0,Greedy-DPP,3,0.0,0.0,0.3178,0.0052,0.3067,0.0027,0.4438,0.0071,0.3749,0.0084,0.422,0.0153,0.3116,0.0041,0.4522,0.0007,4.7123,0.0087,Greedy-DPP,0.0,0.0,"{""alpha_grid"": [-2.0, -0.3, -0.2, -0.1, -0.05, 0.0, 0.05, 0.1, 0.2, 0.3, 0.5, 1.0], ""batch_size"": 64, ""chunk_window"": 60, ""dataset"": ""fiqa"", ""dedup_grid"": [0.85, 0.9, 0.95], ""device"": ""cuda"", ""dup_noise"": ""light"", ""dup_target"": ""mixed"", ""encode_cache"": true, ""encoder_model"": ""BAAI/bge-m3"", ""experiment"": ""both"", ""gen_max_samples"": 1000, ""gen_methods"": [], ""generator_model"": null, ""lambda_grid"": [0.3, 0.5, 0.7, 0.9], ""max_samples"": null, ""metric"": ""cosine"", ""objective"": ""S-Recall@k"", ""overlap_grid"": [0.0, 0.25, 0.5, 0.75], ""rho_grid"": [0.0, 0.025, 0.05, 0.1, 0.15, 0.25, 0.5, 1.0], ""run_generation"": false, ""script"": ""evaluate_redundancy.py"", ""seed"": 0, ""seeds"": [0, 1, 2], ""single_subtopic"": false, ""split"": ""test"", ""top_k"": 10, ""top_m"": 100, ""val_fraction"": 0.2}"
0.0,Dedup*,3,0.0,0.0,0.4285,0.0176,0.3832,0.0131,0.4795,0.007,0.4658,0.0103,0.5607,0.0101,0.3635,0.0082,0.3361,0.0016,3.5129,0.0165,Dedup(0.9);Dedup(0.85),0.317311,0.317311,"{""alpha_grid"": [-2.0, -0.3, -0.2, -0.1, -0.05, 0.0, 0.05, 0.1, 0.2, 0.3, 0.5, 1.0], ""batch_size"": 64, ""chunk_window"": 60, ""dataset"": ""fiqa"", ""dedup_grid"": [0.85, 0.9, 0.95], ""device"": ""cuda"", ""dup_noise"": ""light"", ""dup_target"": ""mixed"", ""encode_cache"": true, ""encoder_model"": ""BAAI/bge-m3"", ""experiment"": ""both"", ""gen_max_samples"": 1000, ""gen_methods"": [], ""generator_model"": null, ""lambda_grid"": [0.3, 0.5, 0.7, 0.9], ""max_samples"": null, ""metric"": ""cosine"", ""objective"": ""S-Recall@k"", ""overlap_grid"": [0.0, 0.25, 0.5, 0.75], ""rho_grid"": [0.0, 0.025, 0.05, 0.1, 0.15, 0.25, 0.5, 1.0], ""run_generation"": false, ""script"": ""evaluate_redundancy.py"", ""seed"": 0, ""seeds"": [0, 1, 2], ""single_subtopic"": false, ""split"": ""test"", ""top_k"": 10, ""top_m"": 100, ""val_fraction"": 0.2}"
0.0,MMR*,3,0.0,0.0,0.4353,0.0141,0.3855,0.0106,0.4812,0.0074,0.4698,0.0094,0.5737,0.0092,0.365,0.0061,0.346,0.0006,3.613,0.0063,MMR(0.9),0.107976,0.187888,"{""alpha_grid"": [-2.0, -0.3, -0.2, -0.1, -0.05, 0.0, 0.05, 0.1, 0.2, 0.3, 0.5, 1.0], ""batch_size"": 64, ""chunk_window"": 60, ""dataset"": ""fiqa"", ""dedup_grid"": [0.85, 0.9, 0.95], ""device"": ""cuda"", ""dup_noise"": ""light"", ""dup_target"": ""mixed"", ""encode_cache"": true, ""encoder_model"": ""BAAI/bge-m3"", ""experiment"": ""both"", ""gen_max_samples"": 1000, ""gen_methods"": [], ""generator_model"": null, ""lambda_grid"": [0.3, 0.5, 0.7, 0.9], ""max_samples"": null, ""metric"": ""cosine"", ""objective"": ""S-Recall@k"", ""overlap_grid"": [0.0, 0.25, 0.5, 0.75], ""rho_grid"": [0.0, 0.025, 0.05, 0.1, 0.15, 0.25, 0.5, 1.0], ""run_generation"": false, ""script"": ""evaluate_redundancy.py"", ""seed"": 0, ""seeds"": [0, 1, 2], ""single_subtopic"": false, ""split"": ""test"", ""top_k"": 10, ""top_m"": 100, ""val_fraction"": 0.2}"
0.0,VendiG*,3,0.0,0.0,0.4324,0.0134,0.3833,0.0104,0.4794,0.0071,0.467,0.0091,0.5691,0.0068,0.363,0.0056,0.353,0.0007,3.6752,0.0048,VendiG(0.9),0.549685,0.79474,"{""alpha_grid"": [-2.0, -0.3, -0.2, -0.1, -0.05, 0.0, 0.05, 0.1, 0.2, 0.3, 0.5, 1.0], ""batch_size"": 64, ""chunk_window"": 60, ""dataset"": ""fiqa"", ""dedup_grid"": [0.85, 0.9, 0.95], ""device"": ""cuda"", ""dup_noise"": ""light"", ""dup_target"": ""mixed"", ""encode_cache"": true, ""encoder_model"": ""BAAI/bge-m3"", ""experiment"": ""both"", ""gen_max_samples"": 1000, ""gen_methods"": [], ""generator_model"": null, ""lambda_grid"": [0.3, 0.5, 0.7, 0.9], ""max_samples"": null, ""metric"": ""cosine"", ""objective"": ""S-Recall@k"", ""overlap_grid"": [0.0, 0.25, 0.5, 0.75], ""rho_grid"": [0.0, 0.025, 0.05, 0.1, 0.15, 0.25, 0.5, 1.0], ""run_generation"": false, ""script"": ""evaluate_redundancy.py"", ""seed"": 0, ""seeds"": [0, 1, 2], ""single_subtopic"": false, ""split"": ""test"", ""top_k"": 10, ""top_m"": 100, ""val_fraction"": 0.2}"
0.0,RNG*,3,0.0,0.0,0.4328,0.0117,0.3852,0.0089,0.4808,0.0063,0.4684,0.0072,0.5665,0.0071,0.3649,0.0053,0.3403,0.001,3.5586,0.0093,RNG(-0.2),0.348202,0.853923,"{""alpha_grid"": [-2.0, -0.3, -0.2, -0.1, -0.05, 0.0, 0.05, 0.1, 0.2, 0.3, 0.5, 1.0], ""batch_size"": 64, ""chunk_window"": 60, ""dataset"": ""fiqa"", ""dedup_grid"": [0.85, 0.9, 0.95], ""device"": ""cuda"", ""dup_noise"": ""light"", ""dup_target"": ""mixed"", ""encode_cache"": true, ""encoder_model"": ""BAAI/bge-m3"", ""experiment"": ""both"", ""gen_max_samples"": 1000, ""gen_methods"": [], ""generator_model"": null, ""lambda_grid"": [0.3, 0.5, 0.7, 0.9], ""max_samples"": null, ""metric"": ""cosine"", ""objective"": ""S-Recall@k"", ""overlap_grid"": [0.0, 0.25, 0.5, 0.75], ""rho_grid"": [0.0, 0.025, 0.05, 0.1, 0.15, 0.25, 0.5, 1.0], ""run_generation"": false, ""script"": ""evaluate_redundancy.py"", ""seed"": 0, ""seeds"": [0, 1, 2], ""single_subtopic"": false, ""split"": ""test"", ""top_k"": 10, ""top_m"": 100, ""val_fraction"": 0.2}"
0.025,kNN,3,0.0006,0.0,0.4384,0.0189,0.3909,0.015,0.4998,0.0173,0.4753,0.0114,0.5764,0.0208,0.3763,0.0112,0.3222,0.0004,3.2761,0.0129,kNN,,,"{""alpha_grid"": [-2.0, -0.3, -0.2, -0.1, -0.05, 0.0, 0.05, 0.1, 0.2, 0.3, 0.5, 1.0], ""batch_size"": 64, ""chunk_window"": 60, ""dataset"": ""fiqa"", ""dedup_grid"": [0.85, 0.9, 0.95], ""device"": ""cuda"", ""dup_noise"": ""light"", ""dup_target"": ""mixed"", ""encode_cache"": true, ""encoder_model"": ""BAAI/bge-m3"", ""experiment"": ""both"", ""gen_max_samples"": 1000, ""gen_methods"": [], ""generator_model"": null, ""lambda_grid"": [0.3, 0.5, 0.7, 0.9], ""max_samples"": null, ""metric"": ""cosine"", ""objective"": ""S-Recall@k"", ""overlap_grid"": [0.0, 0.25, 0.5, 0.75], ""rho_grid"": [0.0, 0.025, 0.05, 0.1, 0.15, 0.25, 0.5, 1.0], ""run_generation"": false, ""script"": ""evaluate_redundancy.py"", ""seed"": 0, ""seeds"": [0, 1, 2], ""single_subtopic"": false, ""split"": ""test"", ""top_k"": 10, ""top_m"": 100, ""val_fraction"": 0.2}"
0.025,Maxmin,3,0.0006,0.0,0.2453,0.011,0.274,0.0107,0.4406,0.0208,0.2554,0.0114,0.3268,0.0072,0.3001,0.0123,0.4703,0.0011,4.745,0.0144,Maxmin,0.0,0.0,"{""alpha_grid"": [-2.0, -0.3, -0.2, -0.1, -0.05, 0.0, 0.05, 0.1, 0.2, 0.3, 0.5, 1.0], ""batch_size"": 64, ""chunk_window"": 60, ""dataset"": ""fiqa"", ""dedup_grid"": [0.85, 0.9, 0.95], ""device"": ""cuda"", ""dup_noise"": ""light"", ""dup_target"": ""mixed"", ""encode_cache"": true, ""encoder_model"": ""BAAI/bge-m3"", ""experiment"": ""both"", ""gen_max_samples"": 1000, ""gen_methods"": [], ""generator_model"": null, ""lambda_grid"": [0.3, 0.5, 0.7, 0.9], ""max_samples"": null, ""metric"": ""cosine"", ""objective"": ""S-Recall@k"", ""overlap_grid"": [0.0, 0.25, 0.5, 0.75], ""rho_grid"": [0.0, 0.025, 0.05, 0.1, 0.15, 0.25, 0.5, 1.0], ""run_generation"": false, ""script"": ""evaluate_redundancy.py"", ""seed"": 0, ""seeds"": [0, 1, 2], ""single_subtopic"": false, ""split"": ""test"", ""top_k"": 10, ""top_m"": 100, ""val_fraction"": 0.2}"
0.025,Greedy-DPP,3,0.0006,0.0,0.3375,0.0067,0.3272,0.0086,0.4708,0.0154,0.2973,0.0105,0.4477,0.0069,0.3357,0.0093,0.4515,0.0011,4.7047,0.013,Greedy-DPP,0.0,0.0,"{""alpha_grid"": [-2.0, -0.3, -0.2, -0.1, -0.05, 0.0, 0.05, 0.1, 0.2, 0.3, 0.5, 1.0], ""batch_size"": 64, ""chunk_window"": 60, ""dataset"": ""fiqa"", ""dedup_grid"": [0.85, 0.9, 0.95], ""device"": ""cuda"", ""dup_noise"": ""light"", ""dup_target"": ""mixed"", ""encode_cache"": true, ""encoder_model"": ""BAAI/bge-m3"", ""experiment"": ""both"", ""gen_max_samples"": 1000, ""gen_methods"": [], ""generator_model"": null, ""lambda_grid"": [0.3, 0.5, 0.7, 0.9], ""max_samples"": null, ""metric"": ""cosine"", ""objective"": ""S-Recall@k"", ""overlap_grid"": [0.0, 0.25, 0.5, 0.75], ""rho_grid"": [0.0, 0.025, 0.05, 0.1, 0.15, 0.25, 0.5, 1.0], ""run_generation"": false, ""script"": ""evaluate_redundancy.py"", ""seed"": 0, ""seeds"": [0, 1, 2], ""single_subtopic"": false, ""split"": ""test"", ""top_k"": 10, ""top_m"": 100, ""val_fraction"": 0.2}"
0.025,Dedup*,3,0.0006,0.0,0.442,0.0184,0.3992,0.016,0.5,0.0171,0.3652,0.0143,0.5813,0.0178,0.3835,0.0123,0.3362,0.0021,3.5148,0.0211,Dedup(0.9);Dedup(0.85),0.060886,0.279559,"{""alpha_grid"": [-2.0, -0.3, -0.2, -0.1, -0.05, 0.0, 0.05, 0.1, 0.2, 0.3, 0.5, 1.0], ""batch_size"": 64, ""chunk_window"": 60, ""dataset"": ""fiqa"", ""dedup_grid"": [0.85, 0.9, 0.95], ""device"": ""cuda"", ""dup_noise"": ""light"", ""dup_target"": ""mixed"", ""encode_cache"": true, ""encoder_model"": ""BAAI/bge-m3"", ""experiment"": ""both"", ""gen_max_samples"": 1000, ""gen_methods"": [], ""generator_model"": null, ""lambda_grid"": [0.3, 0.5, 0.7, 0.9], ""max_samples"": null, ""metric"": ""cosine"", ""objective"": ""S-Recall@k"", ""overlap_grid"": [0.0, 0.25, 0.5, 0.75], ""rho_grid"": [0.0, 0.025, 0.05, 0.1, 0.15, 0.25, 0.5, 1.0], ""run_generation"": false, ""script"": ""evaluate_redundancy.py"", ""seed"": 0, ""seeds"": [0, 1, 2], ""single_subtopic"": false, ""split"": ""test"", ""top_k"": 10, ""top_m"": 100, ""val_fraction"": 0.2}"
0.025,MMR*,3,0.0006,0.0,0.445,0.0231,0.3967,0.0168,0.5018,0.0176,0.4484,0.0164,0.5867,0.0205,0.381,0.0119,0.3343,0.0007,3.4193,0.0078,MMR(0.9),0.030418,0.124546,"{""alpha_grid"": [-2.0, -0.3, -0.2, -0.1, -0.05, 0.0, 0.05, 0.1, 0.2, 0.3, 0.5, 1.0], ""batch_size"": 64, ""chunk_window"": 60, ""dataset"": ""fiqa"", ""dedup_grid"": [0.85, 0.9, 0.95], ""device"": ""cuda"", ""dup_noise"": ""light"", ""dup_target"": ""mixed"", ""encode_cache"": true, ""encoder_model"": ""BAAI/bge-m3"", ""experiment"": ""both"", ""gen_max_samples"": 1000, ""gen_methods"": [], ""generator_model"": null, ""lambda_grid"": [0.3, 0.5, 0.7, 0.9], ""max_samples"": null, ""metric"": ""cosine"", ""objective"": ""S-Recall@k"", ""overlap_grid"": [0.0, 0.25, 0.5, 0.75], ""rho_grid"": [0.0, 0.025, 0.05, 0.1, 0.15, 0.25, 0.5, 1.0], ""run_generation"": false, ""script"": ""evaluate_redundancy.py"", ""seed"": 0, ""seeds"": [0, 1, 2], ""single_subtopic"": false, ""split"": ""test"", ""top_k"": 10, ""top_m"": 100, ""val_fraction"": 0.2}"
0.025,VendiG*,3,0.0006,0.0,0.4412,0.0181,0.3955,0.0155,0.5007,0.0174,0.4455,0.0137,0.5825,0.0168,0.3807,0.0113,0.34,0.0004,3.4648,0.0084,VendiG(0.9),0.37543,0.443732,"{""alpha_grid"": [-2.0, -0.3, -0.2, -0.1, -0.05, 0.0, 0.05, 0.1, 0.2, 0.3, 0.5, 1.0], ""batch_size"": 64, ""chunk_window"": 60, ""dataset"": ""fiqa"", ""dedup_grid"": [0.85, 0.9, 0.95], ""device"": ""cuda"", ""dup_noise"": ""light"", ""dup_target"": ""mixed"", ""encode_cache"": true, ""encoder_model"": ""BAAI/bge-m3"", ""experiment"": ""both"", ""gen_max_samples"": 1000, ""gen_methods"": [], ""generator_model"": null, ""lambda_grid"": [0.3, 0.5, 0.7, 0.9], ""max_samples"": null, ""metric"": ""cosine"", ""objective"": ""S-Recall@k"", ""overlap_grid"": [0.0, 0.25, 0.5, 0.75], ""rho_grid"": [0.0, 0.025, 0.05, 0.1, 0.15, 0.25, 0.5, 1.0], ""run_generation"": false, ""script"": ""evaluate_redundancy.py"", ""seed"": 0, ""seeds"": [0, 1, 2], ""single_subtopic"": false, ""split"": ""test"", ""top_k"": 10, ""top_m"": 100, ""val_fraction"": 0.2}"
0.025,RNG*,3,0.0006,0.0,0.4402,0.0217,0.3952,0.0196,0.5002,0.0165,0.4168,0.077,0.5793,0.0195,0.3803,0.0148,0.3369,0.0043,3.4691,0.0999,RNG(-0.2);RNG(0.1),0.539411,0.867929,"{""alpha_grid"": [-2.0, -0.3, -0.2, -0.1, -0.05, 0.0, 0.05, 0.1, 0.2, 0.3, 0.5, 1.0], ""batch_size"": 64, ""chunk_window"": 60, ""dataset"": ""fiqa"", ""dedup_grid"": [0.85, 0.9, 0.95], ""device"": ""cuda"", ""dup_noise"": ""light"", ""dup_target"": ""mixed"", ""encode_cache"": true, ""encoder_model"": ""BAAI/bge-m3"", ""experiment"": ""both"", ""gen_max_samples"": 1000, ""gen_methods"": [], ""generator_model"": null, ""lambda_grid"": [0.3, 0.5, 0.7, 0.9], ""max_samples"": null, ""metric"": ""cosine"", ""objective"": ""S-Recall@k"", ""overlap_grid"": [0.0, 0.25, 0.5, 0.75], ""rho_grid"": [0.0, 0.025, 0.05, 0.1, 0.15, 0.25, 0.5, 1.0], ""run_generation"": false, ""script"": ""evaluate_redundancy.py"", ""seed"": 0, ""seeds"": [0, 1, 2], ""single_subtopic"": false, ""split"": ""test"", ""top_k"": 10, ""top_m"": 100, ""val_fraction"": 0.2}"
0.05,kNN,3,0.0019,0.0,0.4437,0.0174,0.3957,0.007,0.5135,0.0031,0.4835,0.0051,0.5853,0.0106,0.3849,0.0032,0.2884,0.0017,2.897,0.0173,kNN,,,"{""alpha_grid"": [-2.0, -0.3, -0.2, -0.1, -0.05, 0.0, 0.05, 0.1, 0.2, 0.3, 0.5, 1.0], ""batch_size"": 64, ""chunk_window"": 60, ""dataset"": ""fiqa"", ""dedup_grid"": [0.85, 0.9, 0.95], ""device"": ""cuda"", ""dup_noise"": ""light"", ""dup_target"": ""mixed"", ""encode_cache"": true, ""encoder_model"": ""BAAI/bge-m3"", ""experiment"": ""both"", ""gen_max_samples"": 1000, ""gen_methods"": [], ""generator_model"": null, ""lambda_grid"": [0.3, 0.5, 0.7, 0.9], ""max_samples"": null, ""metric"": ""cosine"", ""objective"": ""S-Recall@k"", ""overlap_grid"": [0.0, 0.25, 0.5, 0.75], ""rho_grid"": [0.0, 0.025, 0.05, 0.1, 0.15, 0.25, 0.5, 1.0], ""run_generation"": false, ""script"": ""evaluate_redundancy.py"", ""seed"": 0, ""seeds"": [0, 1, 2], ""single_subtopic"": false, ""split"": ""test"", ""top_k"": 10, ""top_m"": 100, ""val_fraction"": 0.2}"
0.05,Maxmin,3,0.0019,0.0,0.2562,0.0196,0.2849,0.0134,0.4549,0.0151,0.2503,0.011,0.3453,0.0247,0.3142,0.0134,0.4653,0.0018,4.659,0.0146,Maxmin,0.0,0.0,"{""alpha_grid"": [-2.0, -0.3, -0.2, -0.1, -0.05, 0.0, 0.05, 0.1, 0.2, 0.3, 0.5, 1.0], ""batch_size"": 64, ""chunk_window"": 60, ""dataset"": ""fiqa"", ""dedup_grid"": [0.85, 0.9, 0.95], ""device"": ""cuda"", ""dup_noise"": ""light"", ""dup_target"": ""mixed"", ""encode_cache"": true, ""encoder_model"": ""BAAI/bge-m3"", ""experiment"": ""both"", ""gen_max_samples"": 1000, ""gen_methods"": [], ""generator_model"": null, ""lambda_grid"": [0.3, 0.5, 0.7, 0.9], ""max_samples"": null, ""metric"": ""cosine"", ""objective"": ""S-Recall@k"", ""overlap_grid"": [0.0, 0.25, 0.5, 0.75], ""rho_grid"": [0.0, 0.025, 0.05, 0.1, 0.15, 0.25, 0.5, 1.0], ""run_generation"": false, ""script"": ""evaluate_redundancy.py"", ""seed"": 0, ""seeds"": [0, 1, 2], ""single_subtopic"": false, ""split"": ""test"", ""top_k"": 10, ""top_m"": 100, ""val_fraction"": 0.2}"
0.05,Greedy-DPP,3,0.0019,0.0,0.3523,0.0033,0.3404,0.0046,0.484,0.0127,0.2853,0.0093,0.4669,0.0135,0.3505,0.0111,0.4506,0.0017,4.6955,0.0189,Greedy-DPP,0.0,0.0,"{""alpha_grid"": [-2.0, -0.3, -0.2, -0.1, -0.05, 0.0, 0.05, 0.1, 0.2, 0.3, 0.5, 1.0], ""batch_size"": 64, ""chunk_window"": 60, ""dataset"": ""fiqa"", ""dedup_grid"": [0.85, 0.9, 0.95], ""device"": ""cuda"", ""dup_noise"": ""light"", ""dup_target"": ""mixed"", ""encode_cache"": true, ""encoder_model"": ""BAAI/bge-m3"", ""experiment"": ""both"", ""gen_max_samples"": 1000, ""gen_methods"": [], ""generator_model"": null, ""lambda_grid"": [0.3, 0.5, 0.7, 0.9], ""max_samples"": null, ""metric"": ""cosine"", ""objective"": ""S-Recall@k"", ""overlap_grid"": [0.0, 0.25, 0.5, 0.75], ""rho_grid"": [0.0, 0.025, 0.05, 0.1, 0.15, 0.25, 0.5, 1.0], ""run_generation"": false, ""script"": ""evaluate_redundancy.py"", ""seed"": 0, ""seeds"": [0, 1, 2], ""single_subtopic"": false, ""split"": ""test"", ""top_k"": 10, ""top_m"": 100, ""val_fraction"": 0.2}"
0.05,Dedup*,3,0.0019,0.0,0.4547,0.0174,0.4127,0.0076,0.5141,0.004,0.3492,0.0063,0.5998,0.0133,0.3987,0.0014,0.3348,0.0002,3.4999,0.0037,Dedup(0.9),1.8e-05,5.6e-05,"{""alpha_grid"": [-2.0, -0.3, -0.2, -0.1, -0.05, 0.0, 0.05, 0.1, 0.2, 0.3, 0.5, 1.0], ""batch_size"": 64, ""chunk_window"": 60, ""dataset"": ""fiqa"", ""dedup_grid"": [0.85, 0.9, 0.95], ""device"": ""cuda"", ""dup_noise"": ""light"", ""dup_target"": ""mixed"", ""encode_cache"": true, ""encoder_model"": ""BAAI/bge-m3"", ""experiment"": ""both"", ""gen_max_samples"": 1000, ""gen_methods"": [], ""generator_model"": null, ""lambda_grid"": [0.3, 0.5, 0.7, 0.9], ""max_samples"": null, ""metric"": ""cosine"", ""objective"": ""S-Recall@k"", ""overlap_grid"": [0.0, 0.25, 0.5, 0.75], ""rho_grid"": [0.0, 0.025, 0.05, 0.1, 0.15, 0.25, 0.5, 1.0], ""run_generation"": false, ""script"": ""evaluate_redundancy.py"", ""seed"": 0, ""seeds"": [0, 1, 2], ""single_subtopic"": false, ""split"": ""test"", ""top_k"": 10, ""top_m"": 100, ""val_fraction"": 0.2}"
0.05,MMR*,3,0.0019,0.0,0.4511,0.0173,0.4042,0.0073,0.5143,0.0028,0.4527,0.005,0.5958,0.0181,0.3916,0.0017,0.3087,0.0031,3.1246,0.0338,MMR(0.9),0.098768,0.147766,"{""alpha_grid"": [-2.0, -0.3, -0.2, -0.1, -0.05, 0.0, 0.05, 0.1, 0.2, 0.3, 0.5, 1.0], ""batch_size"": 64, ""chunk_window"": 60, ""dataset"": ""fiqa"", ""dedup_grid"": [0.85, 0.9, 0.95], ""device"": ""cuda"", ""dup_noise"": ""light"", ""dup_target"": ""mixed"", ""encode_cache"": true, ""encoder_model"": ""BAAI/bge-m3"", ""experiment"": ""both"", ""gen_max_samples"": 1000, ""gen_methods"": [], ""generator_model"": null, ""lambda_grid"": [0.3, 0.5, 0.7, 0.9], ""max_samples"": null, ""metric"": ""cosine"", ""objective"": ""S-Recall@k"", ""overlap_grid"": [0.0, 0.25, 0.5, 0.75], ""rho_grid"": [0.0, 0.025, 0.05, 0.1, 0.15, 0.25, 0.5, 1.0], ""run_generation"": false, ""script"": ""evaluate_redundancy.py"", ""seed"": 0, ""seeds"": [0, 1, 2], ""single_subtopic"": false, ""split"": ""test"", ""top_k"": 10, ""top_m"": 100, ""val_fraction"": 0.2}"
0.05,VendiG*,3,0.0019,0.0,0.4489,0.0198,0.4037,0.0095,0.5136,0.0046,0.4486,0.0051,0.593,0.0177,0.3919,0.0002,0.3141,0.0028,3.1694,0.0296,VendiG(0.9),0.39223,0.450973,"{""alpha_grid"": [-2.0, -0.3, -0.2, -0.1, -0.05, 0.0, 0.05, 0.1, 0.2, 0.3, 0.5, 1.0], ""batch_size"": 64, ""chunk_window"": 60, ""dataset"": ""fiqa"", ""dedup_grid"": [0.85, 0.9, 0.95], ""device"": ""cuda"", ""dup_noise"": ""light"", ""dup_target"": ""mixed"", ""encode_cache"": true, ""encoder_model"": ""BAAI/bge-m3"", ""experiment"": ""both"", ""gen_max_samples"": 1000, ""gen_methods"": [], ""generator_model"": null, ""lambda_grid"": [0.3, 0.5, 0.7, 0.9], ""max_samples"": null, ""metric"": ""cosine"", ""objective"": ""S-Recall@k"", ""overlap_grid"": [0.0, 0.25, 0.5, 0.75], ""rho_grid"": [0.0, 0.025, 0.05, 0.1, 0.15, 0.25, 0.5, 1.0], ""run_generation"": false, ""script"": ""evaluate_redundancy.py"", ""seed"": 0, ""seeds"": [0, 1, 2], ""single_subtopic"": false, ""split"": ""test"", ""top_k"": 10, ""top_m"": 100, ""val_fraction"": 0.2}"
0.05,RNG*,3,0.0019,0.0,0.4513,0.0133,0.4073,0.0044,0.5139,0.0039,0.3862,0.0011,0.5948,0.0097,0.3944,0.0035,0.331,0.0009,3.4314,0.0119,RNG(-0.2),0.036301,0.073343,"{""alpha_grid"": [-2.0, -0.3, -0.2, -0.1, -0.05, 0.0, 0.05, 0.1, 0.2, 0.3, 0.5, 1.0], ""batch_size"": 64, ""chunk_window"": 60, ""dataset"": ""fiqa"", ""dedup_grid"": [0.85, 0.9, 0.95], ""device"": ""cuda"", ""dup_noise"": ""light"", ""dup_target"": ""mixed"", ""encode_cache"": true, ""encoder_model"": ""BAAI/bge-m3"", ""experiment"": ""both"", ""gen_max_samples"": 1000, ""gen_methods"": [], ""generator_model"": null, ""lambda_grid"": [0.3, 0.5, 0.7, 0.9], ""max_samples"": null, ""metric"": ""cosine"", ""objective"": ""S-Recall@k"", ""overlap_grid"": [0.0, 0.25, 0.5, 0.75], ""rho_grid"": [0.0, 0.025, 0.05, 0.1, 0.15, 0.25, 0.5, 1.0], ""run_generation"": false, ""script"": ""evaluate_redundancy.py"", ""seed"": 0, ""seeds"": [0, 1, 2], ""single_subtopic"": false, ""split"": ""test"", ""top_k"": 10, ""top_m"": 100, ""val_fraction"": 0.2}"
0.1,kNN,3,0.006,0.0001,0.4308,0.0185,0.3887,0.0141,0.5206,0.0111,0.4857,0.0094,0.5685,0.0102,0.3843,0.0102,0.2305,0.0017,2.4942,0.018,kNN,,,"{""alpha_grid"": [-2.0, -0.3, -0.2, -0.1, -0.05, 0.0, 0.05, 0.1, 0.2, 0.3, 0.5, 1.0], ""batch_size"": 64, ""chunk_window"": 60, ""dataset"": ""fiqa"", ""dedup_grid"": [0.85, 0.9, 0.95], ""device"": ""cuda"", ""dup_noise"": ""light"", ""dup_target"": ""mixed"", ""encode_cache"": true, ""encoder_model"": ""BAAI/bge-m3"", ""experiment"": ""both"", ""gen_max_samples"": 1000, ""gen_methods"": [], ""generator_model"": null, ""lambda_grid"": [0.3, 0.5, 0.7, 0.9], ""max_samples"": null, ""metric"": ""cosine"", ""objective"": ""S-Recall@k"", ""overlap_grid"": [0.0, 0.25, 0.5, 0.75], ""rho_grid"": [0.0, 0.025, 0.05, 0.1, 0.15, 0.25, 0.5, 1.0], ""run_generation"": false, ""script"": ""evaluate_redundancy.py"", ""seed"": 0, ""seeds"": [0, 1, 2], ""single_subtopic"": false, ""split"": ""test"", ""top_k"": 10, ""top_m"": 100, ""val_fraction"": 0.2}"
0.1,Maxmin,3,0.006,0.0001,0.2721,0.0111,0.2953,0.0117,0.4659,0.0171,0.2569,0.0101,0.3635,0.0139,0.3234,0.0101,0.4589,0.0024,4.562,0.0287,Maxmin,0.0,0.0,"{""alpha_grid"": [-2.0, -0.3, -0.2, -0.1, -0.05, 0.0, 0.05, 0.1, 0.2, 0.3, 0.5, 1.0], ""batch_size"": 64, ""chunk_window"": 60, ""dataset"": ""fiqa"", ""dedup_grid"": [0.85, 0.9, 0.95], ""device"": ""cuda"", ""dup_noise"": ""light"", ""dup_target"": ""mixed"", ""encode_cache"": true, ""encoder_model"": ""BAAI/bge-m3"", ""experiment"": ""both"", ""gen_max_samples"": 1000, ""gen_methods"": [], ""generator_model"": null, ""lambda_grid"": [0.3, 0.5, 0.7, 0.9], ""max_samples"": null, ""metric"": ""cosine"", ""objective"": ""S-Recall@k"", ""overlap_grid"": [0.0, 0.25, 0.5, 0.75], ""rho_grid"": [0.0, 0.025, 0.05, 0.1, 0.15, 0.25, 0.5, 1.0], ""run_generation"": false, ""script"": ""evaluate_redundancy.py"", ""seed"": 0, ""seeds"": [0, 1, 2], ""single_subtopic"": false, ""split"": ""test"", ""top_k"": 10, ""top_m"": 100, ""val_fraction"": 0.2}"
0.1,Greedy-DPP,3,0.006,0.0001,0.3641,0.015,0.3491,0.011,0.4931,0.0162,0.2879,0.0064,0.4809,0.0096,0.359,0.0094,0.4493,0.0004,4.6813,0.0039,Greedy-DPP,0.0,0.0,"{""alpha_grid"": [-2.0, -0.3, -0.2, -0.1, -0.05, 0.0, 0.05, 0.1, 0.2, 0.3, 0.5, 1.0], ""batch_size"": 64, ""chunk_window"": 60, ""dataset"": ""fiqa"", ""dedup_grid"": [0.85, 0.9, 0.95], ""device"": ""cuda"", ""dup_noise"": ""light"", ""dup_target"": ""mixed"", ""encode_cache"": true, ""encoder_model"": ""BAAI/bge-m3"", ""experiment"": ""both"", ""gen_max_samples"": 1000, ""gen_methods"": [], ""generator_model"": null, ""lambda_grid"": [0.3, 0.5, 0.7, 0.9], ""max_samples"": null, ""metric"": ""cosine"", ""objective"": ""S-Recall@k"", ""overlap_grid"": [0.0, 0.25, 0.5, 0.75], ""rho_grid"": [0.0, 0.025, 0.05, 0.1, 0.15, 0.25, 0.5, 1.0], ""run_generation"": false, ""script"": ""evaluate_redundancy.py"", ""seed"": 0, ""seeds"": [0, 1, 2], ""single_subtopic"": false, ""split"": ""test"", ""top_k"": 10, ""top_m"": 100, ""val_fraction"": 0.2}"
0.1,Dedup*,3,0.006,0.0001,0.4576,0.0128,0.4186,0.0139,0.522,0.0127,0.3487,0.0096,0.6028,0.0067,0.4061,0.0108,0.3346,0.0012,3.4973,0.0093,Dedup(0.9),0.0,0.0,"{""alpha_grid"": [-2.0, -0.3, -0.2, -0.1, -0.05, 0.0, 0.05, 0.1, 0.2, 0.3, 0.5, 1.0], ""batch_size"": 64, ""chunk_window"": 60, ""dataset"": ""fiqa"", ""dedup_grid"": [0.85, 0.9, 0.95], ""device"": ""cuda"", ""dup_noise"": ""light"", ""dup_target"": ""mixed"", ""encode_cache"": true, ""encoder_model"": ""BAAI/bge-m3"", ""experiment"": ""both"", ""gen_max_samples"": 1000, ""gen_methods"": [], ""generator_model"": null, ""lambda_grid"": [0.3, 0.5, 0.7, 0.9], ""max_samples"": null, ""metric"": ""cosine"", ""objective"": ""S-Recall@k"", ""overlap_grid"": [0.0, 0.25, 0.5, 0.75], ""rho_grid"": [0.0, 0.025, 0.05, 0.1, 0.15, 0.25, 0.5, 1.0], ""run_generation"": false, ""script"": ""evaluate_redundancy.py"", ""seed"": 0, ""seeds"": [0, 1, 2], ""single_subtopic"": false, ""split"": ""test"", ""top_k"": 10, ""top_m"": 100, ""val_fraction"": 0.2}"
0.1,MMR*,3,0.006,0.0001,0.4441,0.0194,0.4014,0.0122,0.5188,0.0031,0.4225,0.1389,0.5869,0.0132,0.3928,0.0044,0.3037,0.1421,3.1687,1.4272,MMR(0.7);MMR(0.9),0.001637,0.038893,"{""alpha_grid"": [-2.0, -0.3, -0.2, -0.1, -0.05, 0.0, 0.05, 0.1, 0.2, 0.3, 0.5, 1.0], ""batch_size"": 64, ""chunk_window"": 60, ""dataset"": ""fiqa"", ""dedup_grid"": [0.85, 0.9, 0.95], ""device"": ""cuda"", ""dup_noise"": ""light"", ""dup_target"": ""mixed"", ""encode_cache"": true, ""encoder_model"": ""BAAI/bge-m3"", ""experiment"": ""both"", ""gen_max_samples"": 1000, ""gen_methods"": [], ""generator_model"": null, ""lambda_grid"": [0.3, 0.5, 0.7, 0.9], ""max_samples"": null, ""metric"": ""cosine"", ""objective"": ""S-Recall@k"", ""overlap_grid"": [0.0, 0.25, 0.5, 0.75], ""rho_grid"": [0.0, 0.025, 0.05, 0.1, 0.15, 0.25, 0.5, 1.0], ""run_generation"": false, ""script"": ""evaluate_redundancy.py"", ""seed"": 0, ""seeds"": [0, 1, 2], ""single_subtopic"": false, ""split"": ""test"", ""top_k"": 10, ""top_m"": 100, ""val_fraction"": 0.2}"
0.1,VendiG*,3,0.006,0.0001,0.4434,0.019,0.4043,0.0172,0.5215,0.0121,0.4552,0.0157,0.5849,0.0125,0.3969,0.0123,0.2756,0.0017,2.8781,0.0163,VendiG(0.9),0.00367,0.019525,"{""alpha_grid"": [-2.0, -0.3, -0.2, -0.1, -0.05, 0.0, 0.05, 0.1, 0.2, 0.3, 0.5, 1.0], ""batch_size"": 64, ""chunk_window"": 60, ""dataset"": ""fiqa"", ""dedup_grid"": [0.85, 0.9, 0.95], ""device"": ""cuda"", ""dup_noise"": ""light"", ""dup_target"": ""mixed"", ""encode_cache"": true, ""encoder_model"": ""BAAI/bge-m3"", ""experiment"": ""both"", ""gen_max_samples"": 1000, ""gen_methods"": [], ""generator_model"": null, ""lambda_grid"": [0.3, 0.5, 0.7, 0.9], ""max_samples"": null, ""metric"": ""cosine"", ""objective"": ""S-Recall@k"", ""overlap_grid"": [0.0, 0.25, 0.5, 0.75], ""rho_grid"": [0.0, 0.025, 0.05, 0.1, 0.15, 0.25, 0.5, 1.0], ""run_generation"": false, ""script"": ""evaluate_redundancy.py"", ""seed"": 0, ""seeds"": [0, 1, 2], ""single_subtopic"": false, ""split"": ""test"", ""top_k"": 10, ""top_m"": 100, ""val_fraction"": 0.2}"
0.1,RNG*,3,0.006,0.0001,0.4513,0.0165,0.4103,0.0133,0.5219,0.0121,0.3913,0.0078,0.5945,0.0079,0.3998,0.0102,0.3244,0.0019,3.3672,0.0184,RNG(-0.2),1e-05,1.2e-05,"{""alpha_grid"": [-2.0, -0.3, -0.2, -0.1, -0.05, 0.0, 0.05, 0.1, 0.2, 0.3, 0.5, 1.0], ""batch_size"": 64, ""chunk_window"": 60, ""dataset"": ""fiqa"", ""dedup_grid"": [0.85, 0.9, 0.95], ""device"": ""cuda"", ""dup_noise"": ""light"", ""dup_target"": ""mixed"", ""encode_cache"": true, ""encoder_model"": ""BAAI/bge-m3"", ""experiment"": ""both"", ""gen_max_samples"": 1000, ""gen_methods"": [], ""generator_model"": null, ""lambda_grid"": [0.3, 0.5, 0.7, 0.9], ""max_samples"": null, ""metric"": ""cosine"", ""objective"": ""S-Recall@k"", ""overlap_grid"": [0.0, 0.25, 0.5, 0.75], ""rho_grid"": [0.0, 0.025, 0.05, 0.1, 0.15, 0.25, 0.5, 1.0], ""run_generation"": false, ""script"": ""evaluate_redundancy.py"", ""seed"": 0, ""seeds"": [0, 1, 2], ""single_subtopic"": false, ""split"": ""test"", ""top_k"": 10, ""top_m"": 100, ""val_fraction"": 0.2}"
0.15,kNN,3,0.0125,0.0002,0.4193,0.0126,0.3838,0.0137,0.5259,0.0113,0.4821,0.0074,0.557,0.0035,0.3845,0.0137,0.2102,0.0009,2.3608,0.0159,kNN,,,"{""alpha_grid"": [-2.0, -0.3, -0.2, -0.1, -0.05, 0.0, 0.05, 0.1, 0.2, 0.3, 0.5, 1.0], ""batch_size"": 64, ""chunk_window"": 60, ""dataset"": ""fiqa"", ""dedup_grid"": [0.85, 0.9, 0.95], ""device"": ""cuda"", ""dup_noise"": ""light"", ""dup_target"": ""mixed"", ""encode_cache"": true, ""encoder_model"": ""BAAI/bge-m3"", ""experiment"": ""both"", ""gen_max_samples"": 1000, ""gen_methods"": [], ""generator_model"": null, ""lambda_grid"": [0.3, 0.5, 0.7, 0.9], ""max_samples"": null, ""metric"": ""cosine"", ""objective"": ""S-Recall@k"", ""overlap_grid"": [0.0, 0.25, 0.5, 0.75], ""rho_grid"": [0.0, 0.025, 0.05, 0.1, 0.15, 0.25, 0.5, 1.0], ""run_generation"": false, ""script"": ""evaluate_redundancy.py"", ""seed"": 0, ""seeds"": [0, 1, 2], ""single_subtopic"": false, ""split"": ""test"", ""top_k"": 10, ""top_m"": 100, ""val_fraction"": 0.2}"
0.15,Maxmin,3,0.0125,0.0002,0.2828,0.0143,0.3051,0.0161,0.4763,0.0128,0.2693,0.0086,0.3805,0.0117,0.3335,0.0174,0.4512,0.0027,4.4513,0.047,Maxmin,0.0,0.0,"{""alpha_grid"": [-2.0, -0.3, -0.2, -0.1, -0.05, 0.0, 0.05, 0.1, 0.2, 0.3, 0.5, 1.0], ""batch_size"": 64, ""chunk_window"": 60, ""dataset"": ""fiqa"", ""dedup_grid"": [0.85, 0.9, 0.95], ""device"": ""cuda"", ""dup_noise"": ""light"", ""dup_target"": ""mixed"", ""encode_cache"": true, ""encoder_model"": ""BAAI/bge-m3"", ""experiment"": ""both"", ""gen_max_samples"": 1000, ""gen_methods"": [], ""generator_model"": null, ""lambda_grid"": [0.3, 0.5, 0.7, 0.9], ""max_samples"": null, ""metric"": ""cosine"", ""objective"": ""S-Recall@k"", ""overlap_grid"": [0.0, 0.25, 0.5, 0.75], ""rho_grid"": [0.0, 0.025, 0.05, 0.1, 0.15, 0.25, 0.5, 1.0], ""run_generation"": false, ""script"": ""evaluate_redundancy.py"", ""seed"": 0, ""seeds"": [0, 1, 2], ""single_subtopic"": false, ""split"": ""test"", ""top_k"": 10, ""top_m"": 100, ""val_fraction"": 0.2}"
0.15,Greedy-DPP,3,0.0125,0.0002,0.379,0.0151,0.3582,0.0125,0.5018,0.0073,0.2953,0.0052,0.5004,0.0089,0.3668,0.0109,0.4477,0.0008,4.6657,0.0093,Greedy-DPP,0.000136,0.000559,"{""alpha_grid"": [-2.0, -0.3, -0.2, -0.1, -0.05, 0.0, 0.05, 0.1, 0.2, 0.3, 0.5, 1.0], ""batch_size"": 64, ""chunk_window"": 60, ""dataset"": ""fiqa"", ""dedup_grid"": [0.85, 0.9, 0.95], ""device"": ""cuda"", ""dup_noise"": ""light"", ""dup_target"": ""mixed"", ""encode_cache"": true, ""encoder_model"": ""BAAI/bge-m3"", ""experiment"": ""both"", ""gen_max_samples"": 1000, ""gen_methods"": [], ""generator_model"": null, ""lambda_grid"": [0.3, 0.5, 0.7, 0.9], ""max_samples"": null, ""metric"": ""cosine"", ""objective"": ""S-Recall@k"", ""overlap_grid"": [0.0, 0.25, 0.5, 0.75], ""rho_grid"": [0.0, 0.025, 0.05, 0.1, 0.15, 0.25, 0.5, 1.0], ""run_generation"": false, ""script"": ""evaluate_redundancy.py"", ""seed"": 0, ""seeds"": [0, 1, 2], ""single_subtopic"": false, ""split"": ""test"", ""top_k"": 10, ""top_m"": 100, ""val_fraction"": 0.2}"
0.15,Dedup*,3,0.0125,0.0002,0.4631,0.0131,0.4238,0.0141,0.5279,0.012,0.3525,0.0055,0.6124,0.0089,0.4118,0.0124,0.3349,0.0029,3.5014,0.0325,Dedup(0.85);Dedup(0.9),0.0,0.0,"{""alpha_grid"": [-2.0, -0.3, -0.2, -0.1, -0.05, 0.0, 0.05, 0.1, 0.2, 0.3, 0.5, 1.0], ""batch_size"": 64, ""chunk_window"": 60, ""dataset"": ""fiqa"", ""dedup_grid"": [0.85, 0.9, 0.95], ""device"": ""cuda"", ""dup_noise"": ""light"", ""dup_target"": ""mixed"", ""encode_cache"": true, ""encoder_model"": ""BAAI/bge-m3"", ""experiment"": ""both"", ""gen_max_samples"": 1000, ""gen_methods"": [], ""generator_model"": null, ""lambda_grid"": [0.3, 0.5, 0.7, 0.9], ""max_samples"": null, ""metric"": ""cosine"", ""objective"": ""S-Recall@k"", ""overlap_grid"": [0.0, 0.25, 0.5, 0.75], ""rho_grid"": [0.0, 0.025, 0.05, 0.1, 0.15, 0.25, 0.5, 1.0], ""run_generation"": false, ""script"": ""evaluate_redundancy.py"", ""seed"": 0, ""seeds"": [0, 1, 2], ""single_subtopic"": false, ""split"": ""test"", ""top_k"": 10, ""top_m"": 100, ""val_fraction"": 0.2}"
0.15,MMR*,3,0.0125,0.0002,0.4431,0.025,0.4034,0.0156,0.5261,0.0148,0.427,0.1481,0.5868,0.0243,0.3978,0.0145,0.291,0.1655,3.0795,1.5953,MMR(0.9);MMR(0.7),1.3e-05,0.000128,"{""alpha_grid"": [-2.0, -0.3, -0.2, -0.1, -0.05, 0.0, 0.05, 0.1, 0.2, 0.3, 0.5, 1.0], ""batch_size"": 64, ""chunk_window"": 60, ""dataset"": ""fiqa"", ""dedup_grid"": [0.85, 0.9, 0.95], ""device"": ""cuda"", ""dup_noise"": ""light"", ""dup_target"": ""mixed"", ""encode_cache"": true, ""encoder_model"": ""BAAI/bge-m3"", ""experiment"": ""both"", ""gen_max_samples"": 1000, ""gen_methods"": [], ""generator_model"": null, ""lambda_grid"": [0.3, 0.5, 0.7, 0.9], ""max_samples"": null, ""metric"": ""cosine"", ""objective"": ""S-Recall@k"", ""overlap_grid"": [0.0, 0.25, 0.5, 0.75], ""rho_grid"": [0.0, 0.025, 0.05, 0.1, 0.15, 0.25, 0.5, 1.0], ""run_generation"": false, ""script"": ""evaluate_redundancy.py"", ""seed"": 0, ""seeds"": [0, 1, 2], ""single_subtopic"": false, ""split"": ""test"", ""top_k"": 10, ""top_m"": 100, ""val_fraction"": 0.2}"
0.15,VendiG*,3,0.0125,0.0002,0.44,0.0183,0.4044,0.0165,0.5279,0.0107,0.4585,0.0113,0.5825,0.0175,0.4005,0.0171,0.2597,0.0025,2.7623,0.0024,VendiG(0.9),0.000189,0.001617,"{""alpha_grid"": [-2.0, -0.3, -0.2, -0.1, -0.05, 0.0, 0.05, 0.1, 0.2, 0.3, 0.5, 1.0], ""batch_size"": 64, ""chunk_window"": 60, ""dataset"": ""fiqa"", ""dedup_grid"": [0.85, 0.9, 0.95], ""device"": ""cuda"", ""dup_noise"": ""light"", ""dup_target"": ""mixed"", ""encode_cache"": true, ""encoder_model"": ""BAAI/bge-m3"", ""experiment"": ""both"", ""gen_max_samples"": 1000, ""gen_methods"": [], ""generator_model"": null, ""lambda_grid"": [0.3, 0.5, 0.7, 0.9], ""max_samples"": null, ""metric"": ""cosine"", ""objective"": ""S-Recall@k"", ""overlap_grid"": [0.0, 0.25, 0.5, 0.75], ""rho_grid"": [0.0, 0.025, 0.05, 0.1, 0.15, 0.25, 0.5, 1.0], ""run_generation"": false, ""script"": ""evaluate_redundancy.py"", ""seed"": 0, ""seeds"": [0, 1, 2], ""single_subtopic"": false, ""split"": ""test"", ""top_k"": 10, ""top_m"": 100, ""val_fraction"": 0.2}"
0.15,RNG*,3,0.0125,0.0002,0.4567,0.0075,0.415,0.0116,0.5276,0.0111,0.3999,0.0058,0.6032,0.0107,0.4051,0.0128,0.3202,0.0025,3.3269,0.0288,RNG(-0.2),0.0,0.0,"{""alpha_grid"": [-2.0, -0.3, -0.2, -0.1, -0.05, 0.0, 0.05, 0.1, 0.2, 0.3, 0.5, 1.0], ""batch_size"": 64, ""chunk_window"": 60, ""dataset"": ""fiqa"", ""dedup_grid"": [0.85, 0.9, 0.95], ""device"": ""cuda"", ""dup_noise"": ""light"", ""dup_target"": ""mixed"", ""encode_cache"": true, ""encoder_model"": ""BAAI/bge-m3"", ""experiment"": ""both"", ""gen_max_samples"": 1000, ""gen_methods"": [], ""generator_model"": null, ""lambda_grid"": [0.3, 0.5, 0.7, 0.9], ""max_samples"": null, ""metric"": ""cosine"", ""objective"": ""S-Recall@k"", ""overlap_grid"": [0.0, 0.25, 0.5, 0.75], ""rho_grid"": [0.0, 0.025, 0.05, 0.1, 0.15, 0.25, 0.5, 1.0], ""run_generation"": false, ""script"": ""evaluate_redundancy.py"", ""seed"": 0, ""seeds"": [0, 1, 2], ""single_subtopic"": false, ""split"": ""test"", ""top_k"": 10, ""top_m"": 100, ""val_fraction"": 0.2}"
0.25,kNN,3,0.0319,0.0004,0.3979,0.0201,0.3748,0.016,0.5299,0.0124,0.4741,0.0107,0.533,0.0154,0.3829,0.011,0.1889,0.0043,2.2314,0.0287,kNN,,,"{""alpha_grid"": [-2.0, -0.3, -0.2, -0.1, -0.05, 0.0, 0.05, 0.1, 0.2, 0.3, 0.5, 1.0], ""batch_size"": 64, ""chunk_window"": 60, ""dataset"": ""fiqa"", ""dedup_grid"": [0.85, 0.9, 0.95], ""device"": ""cuda"", ""dup_noise"": ""light"", ""dup_target"": ""mixed"", ""encode_cache"": true, ""encoder_model"": ""BAAI/bge-m3"", ""experiment"": ""both"", ""gen_max_samples"": 1000, ""gen_methods"": [], ""generator_model"": null, ""lambda_grid"": [0.3, 0.5, 0.7, 0.9], ""max_samples"": null, ""metric"": ""cosine"", ""objective"": ""S-Recall@k"", ""overlap_grid"": [0.0, 0.25, 0.5, 0.75], ""rho_grid"": [0.0, 0.025, 0.05, 0.1, 0.15, 0.25, 0.5, 1.0], ""run_generation"": false, ""script"": ""evaluate_redundancy.py"", ""seed"": 0, ""seeds"": [0, 1, 2], ""single_subtopic"": false, ""split"": ""test"", ""top_k"": 10, ""top_m"": 100, ""val_fraction"": 0.2}"
0.25,Maxmin,3,0.0319,0.0004,0.2945,0.0016,0.3122,0.0069,0.4831,0.0073,0.2793,0.0077,0.3906,0.0093,0.3376,0.0083,0.437,0.002,4.2659,0.0312,Maxmin,0.0,0.0,"{""alpha_grid"": [-2.0, -0.3, -0.2, -0.1, -0.05, 0.0, 0.05, 0.1, 0.2, 0.3, 0.5, 1.0], ""batch_size"": 64, ""chunk_window"": 60, ""dataset"": ""fiqa"", ""dedup_grid"": [0.85, 0.9, 0.95], ""device"": ""cuda"", ""dup_noise"": ""light"", ""dup_target"": ""mixed"", ""encode_cache"": true, ""encoder_model"": ""BAAI/bge-m3"", ""experiment"": ""both"", ""gen_max_samples"": 1000, ""gen_methods"": [], ""generator_model"": null, ""lambda_grid"": [0.3, 0.5, 0.7, 0.9], ""max_samples"": null, ""metric"": ""cosine"", ""objective"": ""S-Recall@k"", ""overlap_grid"": [0.0, 0.25, 0.5, 0.75], ""rho_grid"": [0.0, 0.025, 0.05, 0.1, 0.15, 0.25, 0.5, 1.0], ""run_generation"": false, ""script"": ""evaluate_redundancy.py"", ""seed"": 0, ""seeds"": [0, 1, 2], ""single_subtopic"": false, ""split"": ""test"", ""top_k"": 10, ""top_m"": 100, ""val_fraction"": 0.2}"
0.25,Greedy-DPP,3,0.0319,0.0004,0.3841,0.0198,0.363,0.0118,0.5069,0.0097,0.2995,0.006,0.5087,0.0128,0.3708,0.008,0.444,0.0008,4.6275,0.0071,Greedy-DPP,0.104821,0.201235,"{""alpha_grid"": [-2.0, -0.3, -0.2, -0.1, -0.05, 0.0, 0.05, 0.1, 0.2, 0.3, 0.5, 1.0], ""batch_size"": 64, ""chunk_window"": 60, ""dataset"": ""fiqa"", ""dedup_grid"": [0.85, 0.9, 0.95], ""device"": ""cuda"", ""dup_noise"": ""light"", ""dup_target"": ""mixed"", ""encode_cache"": true, ""encoder_model"": ""BAAI/bge-m3"", ""experiment"": ""both"", ""gen_max_samples"": 1000, ""gen_methods"": [], ""generator_model"": null, ""lambda_grid"": [0.3, 0.5, 0.7, 0.9], ""max_samples"": null, ""metric"": ""cosine"", ""objective"": ""S-Recall@k"", ""overlap_grid"": [0.0, 0.25, 0.5, 0.75], ""rho_grid"": [0.0, 0.025, 0.05, 0.1, 0.15, 0.25, 0.5, 1.0], ""run_generation"": false, ""script"": ""evaluate_redundancy.py"", ""seed"": 0, ""seeds"": [0, 1, 2], ""single_subtopic"": false, ""split"": ""test"", ""top_k"": 10, ""top_m"": 100, ""val_fraction"": 0.2}"
0.25,Dedup*,3,0.0319,0.0004,0.4646,0.0184,0.4269,0.0156,0.5321,0.0125,0.3567,0.004,0.6181,0.0104,0.4153,0.0115,0.3345,0.0027,3.4972,0.0307,Dedup(0.85);Dedup(0.9),0.0,0.0,"{""alpha_grid"": [-2.0, -0.3, -0.2, -0.1, -0.05, 0.0, 0.05, 0.1, 0.2, 0.3, 0.5, 1.0], ""batch_size"": 64, ""chunk_window"": 60, ""dataset"": ""fiqa"", ""dedup_grid"": [0.85, 0.9, 0.95], ""device"": ""cuda"", ""dup_noise"": ""light"", ""dup_target"": ""mixed"", ""encode_cache"": true, ""encoder_model"": ""BAAI/bge-m3"", ""experiment"": ""both"", ""gen_max_samples"": 1000, ""gen_methods"": [], ""generator_model"": null, ""lambda_grid"": [0.3, 0.5, 0.7, 0.9], ""max_samples"": null, ""metric"": ""cosine"", ""objective"": ""S-Recall@k"", ""overlap_grid"": [0.0, 0.25, 0.5, 0.75], ""rho_grid"": [0.0, 0.025, 0.05, 0.1, 0.15, 0.25, 0.5, 1.0], ""run_generation"": false, ""script"": ""evaluate_redundancy.py"", ""seed"": 0, ""seeds"": [0, 1, 2], ""single_subtopic"": false, ""split"": ""test"", ""top_k"": 10, ""top_m"": 100, ""val_fraction"": 0.2}"
0.25,MMR*,3,0.0319,0.0004,0.4367,0.0151,0.4028,0.0066,0.5301,0.0164,0.4291,0.1468,0.5802,0.0278,0.3996,0.0061,0.2766,0.1862,2.9788,1.7051,MMR(0.9);MMR(0.7),0.0,0.0,"{""alpha_grid"": [-2.0, -0.3, -0.2, -0.1, -0.05, 0.0, 0.05, 0.1, 0.2, 0.3, 0.5, 1.0], ""batch_size"": 64, ""chunk_window"": 60, ""dataset"": ""fiqa"", ""dedup_grid"": [0.85, 0.9, 0.95], ""device"": ""cuda"", ""dup_noise"": ""light"", ""dup_target"": ""mixed"", ""encode_cache"": true, ""encoder_model"": ""BAAI/bge-m3"", ""experiment"": ""both"", ""gen_max_samples"": 1000, ""gen_methods"": [], ""generator_model"": null, ""lambda_grid"": [0.3, 0.5, 0.7, 0.9], ""max_samples"": null, ""metric"": ""cosine"", ""objective"": ""S-Recall@k"", ""overlap_grid"": [0.0, 0.25, 0.5, 0.75], ""rho_grid"": [0.0, 0.025, 0.05, 0.1, 0.15, 0.25, 0.5, 1.0], ""run_generation"": false, ""script"": ""evaluate_redundancy.py"", ""seed"": 0, ""seeds"": [0, 1, 2], ""single_subtopic"": false, ""split"": ""test"", ""top_k"": 10, ""top_m"": 100, ""val_fraction"": 0.2}"
0.25,VendiG*,3,0.0319,0.0004,0.4284,0.0251,0.402,0.0158,0.5322,0.0088,0.4609,0.0115,0.5705,0.0179,0.4023,0.0092,0.2429,0.0038,2.6438,0.0234,VendiG(0.9),0.0,1.9e-05,"{""alpha_grid"": [-2.0, -0.3, -0.2, -0.1, -0.05, 0.0, 0.05, 0.1, 0.2, 0.3, 0.5, 1.0], ""batch_size"": 64, ""chunk_window"": 60, ""dataset"": ""fiqa"", ""dedup_grid"": [0.85, 0.9, 0.95], ""device"": ""cuda"", ""dup_noise"": ""light"", ""dup_target"": ""mixed"", ""encode_cache"": true, ""encoder_model"": ""BAAI/bge-m3"", ""experiment"": ""both"", ""gen_max_samples"": 1000, ""gen_methods"": [], ""generator_model"": null, ""lambda_grid"": [0.3, 0.5, 0.7, 0.9], ""max_samples"": null, ""metric"": ""cosine"", ""objective"": ""S-Recall@k"", ""overlap_grid"": [0.0, 0.25, 0.5, 0.75], ""rho_grid"": [0.0, 0.025, 0.05, 0.1, 0.15, 0.25, 0.5, 1.0], ""run_generation"": false, ""script"": ""evaluate_redundancy.py"", ""seed"": 0, ""seeds"": [0, 1, 2], ""single_subtopic"": false, ""split"": ""test"", ""top_k"": 10, ""top_m"": 100, ""val_fraction"": 0.2}"
0.25,RNG*,3,0.0319,0.0004,0.4549,0.0114,0.416,0.0125,0.532,0.011,0.4072,0.0067,0.605,0.0074,0.4076,0.0099,0.3135,0.0019,3.2685,0.0226,RNG(-0.2),0.0,0.0,"{""alpha_grid"": [-2.0, -0.3, -0.2, -0.1, -0.05, 0.0, 0.05, 0.1, 0.2, 0.3, 0.5, 1.0], ""batch_size"": 64, ""chunk_window"": 60, ""dataset"": ""fiqa"", ""dedup_grid"": [0.85, 0.9, 0.95], ""device"": ""cuda"", ""dup_noise"": ""light"", ""dup_target"": ""mixed"", ""encode_cache"": true, ""encoder_model"": ""BAAI/bge-m3"", ""experiment"": ""both"", ""gen_max_samples"": 1000, ""gen_methods"": [], ""generator_model"": null, ""lambda_grid"": [0.3, 0.5, 0.7, 0.9], ""max_samples"": null, ""metric"": ""cosine"", ""objective"": ""S-Recall@k"", ""overlap_grid"": [0.0, 0.25, 0.5, 0.75], ""rho_grid"": [0.0, 0.025, 0.05, 0.1, 0.15, 0.25, 0.5, 1.0], ""run_generation"": false, ""script"": ""evaluate_redundancy.py"", ""seed"": 0, ""seeds"": [0, 1, 2], ""single_subtopic"": false, ""split"": ""test"", ""top_k"": 10, ""top_m"": 100, ""val_fraction"": 0.2}"
0.5,kNN,3,0.1158,0.0004,0.3822,0.0205,0.3675,0.0098,0.5338,0.0033,0.4684,0.0076,0.5146,0.0189,0.3825,0.0059,0.1715,0.002,2.0857,0.0108,kNN,,,"{""alpha_grid"": [-2.0, -0.3, -0.2, -0.1, -0.05, 0.0, 0.05, 0.1, 0.2, 0.3, 0.5, 1.0], ""batch_size"": 64, ""chunk_window"": 60, ""dataset"": ""fiqa"", ""dedup_grid"": [0.85, 0.9, 0.95], ""device"": ""cuda"", ""dup_noise"": ""light"", ""dup_target"": ""mixed"", ""encode_cache"": true, ""encoder_model"": ""BAAI/bge-m3"", ""experiment"": ""both"", ""gen_max_samples"": 1000, ""gen_methods"": [], ""generator_model"": null, ""lambda_grid"": [0.3, 0.5, 0.7, 0.9], ""max_samples"": null, ""metric"": ""cosine"", ""objective"": ""S-Recall@k"", ""overlap_grid"": [0.0, 0.25, 0.5, 0.75], ""rho_grid"": [0.0, 0.025, 0.05, 0.1, 0.15, 0.25, 0.5, 1.0], ""run_generation"": false, ""script"": ""evaluate_redundancy.py"", ""seed"": 0, ""seeds"": [0, 1, 2], ""single_subtopic"": false, ""split"": ""test"", ""top_k"": 10, ""top_m"": 100, ""val_fraction"": 0.2}"
0.5,Maxmin,3,0.1158,0.0004,0.3233,0.0016,0.3293,0.0019,0.4965,0.0161,0.307,0.0044,0.4335,0.0132,0.3521,0.0054,0.4062,0.001,3.8797,0.0421,Maxmin,8e-06,6.6e-05,"{""alpha_grid"": [-2.0, -0.3, -0.2, -0.1, -0.05, 0.0, 0.05, 0.1, 0.2, 0.3, 0.5, 1.0], ""batch_size"": 64, ""chunk_window"": 60, ""dataset"": ""fiqa"", ""dedup_grid"": [0.85, 0.9, 0.95], ""device"": ""cuda"", ""dup_noise"": ""light"", ""dup_target"": ""mixed"", ""encode_cache"": true, ""encoder_model"": ""BAAI/bge-m3"", ""experiment"": ""both"", ""gen_max_samples"": 1000, ""gen_methods"": [], ""generator_model"": null, ""lambda_grid"": [0.3, 0.5, 0.7, 0.9], ""max_samples"": null, ""metric"": ""cosine"", ""objective"": ""S-Recall@k"", ""overlap_grid"": [0.0, 0.25, 0.5, 0.75], ""rho_grid"": [0.0, 0.025, 0.05, 0.1, 0.15, 0.25, 0.5, 1.0], ""run_generation"": false, ""script"": ""evaluate_redundancy.py"", ""seed"": 0, ""seeds"": [0, 1, 2], ""single_subtopic"": false, ""split"": ""test"", ""top_k"": 10, ""top_m"": 100, ""val_fraction"": 0.2}"
0.5,Greedy-DPP,3,0.1158,0.0004,0.3981,0.0047,0.3726,0.0056,0.5157,0.0139,0.3081,0.0047,0.5295,0.0051,0.3795,0.003,0.432,0.0009,4.504,0.0093,Greedy-DPP,0.299938,0.583552,"{""alpha_grid"": [-2.0, -0.3, -0.2, -0.1, -0.05, 0.0, 0.05, 0.1, 0.2, 0.3, 0.5, 1.0], ""batch_size"": 64, ""chunk_window"": 60, ""dataset"": ""fiqa"", ""dedup_grid"": [0.85, 0.9, 0.95], ""device"": ""cuda"", ""dup_noise"": ""light"", ""dup_target"": ""mixed"", ""encode_cache"": true, ""encoder_model"": ""BAAI/bge-m3"", ""experiment"": ""both"", ""gen_max_samples"": 1000, ""gen_methods"": [], ""generator_model"": null, ""lambda_grid"": [0.3, 0.5, 0.7, 0.9], ""max_samples"": null, ""metric"": ""cosine"", ""objective"": ""S-Recall@k"", ""overlap_grid"": [0.0, 0.25, 0.5, 0.75], ""rho_grid"": [0.0, 0.025, 0.05, 0.1, 0.15, 0.25, 0.5, 1.0], ""run_generation"": false, ""script"": ""evaluate_redundancy.py"", ""seed"": 0, ""seeds"": [0, 1, 2], ""single_subtopic"": false, ""split"": ""test"", ""top_k"": 10, ""top_m"": 100, ""val_fraction"": 0.2}"
0.5,Dedup*,3,0.1158,0.0004,0.4706,0.0133,0.433,0.0089,0.5381,0.0056,0.361,0.0092,0.6279,0.005,0.4225,0.003,0.3338,0.0029,3.4922,0.0306,Dedup(0.9);Dedup(0.85),0.0,0.0,"{""alpha_grid"": [-2.0, -0.3, -0.2, -0.1, -0.05, 0.0, 0.05, 0.1, 0.2, 0.3, 0.5, 1.0], ""batch_size"": 64, ""chunk_window"": 60, ""dataset"": ""fiqa"", ""dedup_grid"": [0.85, 0.9, 0.95], ""device"": ""cuda"", ""dup_noise"": ""light"", ""dup_target"": ""mixed"", ""encode_cache"": true, ""encoder_model"": ""BAAI/bge-m3"", ""experiment"": ""both"", ""gen_max_samples"": 1000, ""gen_methods"": [], ""generator_model"": null, ""lambda_grid"": [0.3, 0.5, 0.7, 0.9], ""max_samples"": null, ""metric"": ""cosine"", ""objective"": ""S-Recall@k"", ""overlap_grid"": [0.0, 0.25, 0.5, 0.75], ""rho_grid"": [0.0, 0.025, 0.05, 0.1, 0.15, 0.25, 0.5, 1.0], ""run_generation"": false, ""script"": ""evaluate_redundancy.py"", ""seed"": 0, ""seeds"": [0, 1, 2], ""single_subtopic"": false, ""split"": ""test"", ""top_k"": 10, ""top_m"": 100, ""val_fraction"": 0.2}"
0.5,MMR*,3,0.1158,0.0004,0.4481,0.0153,0.4115,0.0103,0.5309,0.0103,0.3688,0.0103,0.5942,0.0084,0.4057,0.0035,0.3568,0.0024,3.7156,0.0242,MMR(0.7),0.0,0.0,"{""alpha_grid"": [-2.0, -0.3, -0.2, -0.1, -0.05, 0.0, 0.05, 0.1, 0.2, 0.3, 0.5, 1.0], ""batch_size"": 64, ""chunk_window"": 60, ""dataset"": ""fiqa"", ""dedup_grid"": [0.85, 0.9, 0.95], ""device"": ""cuda"", ""dup_noise"": ""light"", ""dup_target"": ""mixed"", ""encode_cache"": true, ""encoder_model"": ""BAAI/bge-m3"", ""experiment"": ""both"", ""gen_max_samples"": 1000, ""gen_methods"": [], ""generator_model"": null, ""lambda_grid"": [0.3, 0.5, 0.7, 0.9], ""max_samples"": null, ""metric"": ""cosine"", ""objective"": ""S-Recall@k"", ""overlap_grid"": [0.0, 0.25, 0.5, 0.75], ""rho_grid"": [0.0, 0.025, 0.05, 0.1, 0.15, 0.25, 0.5, 1.0], ""run_generation"": false, ""script"": ""evaluate_redundancy.py"", ""seed"": 0, ""seeds"": [0, 1, 2], ""single_subtopic"": false, ""split"": ""test"", ""top_k"": 10, ""top_m"": 100, ""val_fraction"": 0.2}"
0.5,VendiG*,3,0.1158,0.0004,0.4358,0.0398,0.401,0.0078,0.5288,0.0216,0.3879,0.1557,0.579,0.0293,0.3995,0.0111,0.348,0.2501,3.6384,2.3547,VendiG(0.7);VendiG(0.9),0.0,0.0,"{""alpha_grid"": [-2.0, -0.3, -0.2, -0.1, -0.05, 0.0, 0.05, 0.1, 0.2, 0.3, 0.5, 1.0], ""batch_size"": 64, ""chunk_window"": 60, ""dataset"": ""fiqa"", ""dedup_grid"": [0.85, 0.9, 0.95], ""device"": ""cuda"", ""dup_noise"": ""light"", ""dup_target"": ""mixed"", ""encode_cache"": true, ""encoder_model"": ""BAAI/bge-m3"", ""experiment"": ""both"", ""gen_max_samples"": 1000, ""gen_methods"": [], ""generator_model"": null, ""lambda_grid"": [0.3, 0.5, 0.7, 0.9], ""max_samples"": null, ""metric"": ""cosine"", ""objective"": ""S-Recall@k"", ""overlap_grid"": [0.0, 0.25, 0.5, 0.75], ""rho_grid"": [0.0, 0.025, 0.05, 0.1, 0.15, 0.25, 0.5, 1.0], ""run_generation"": false, ""script"": ""evaluate_redundancy.py"", ""seed"": 0, ""seeds"": [0, 1, 2], ""single_subtopic"": false, ""split"": ""test"", ""top_k"": 10, ""top_m"": 100, ""val_fraction"": 0.2}"
0.5,RNG*,3,0.1158,0.0004,0.4564,0.0149,0.4181,0.0112,0.5377,0.006,0.4162,0.0055,0.6096,0.0062,0.4121,0.0057,0.3047,0.0022,3.1881,0.0252,RNG(-0.2),0.0,0.0,"{""alpha_grid"": [-2.0, -0.3, -0.2, -0.1, -0.05, 0.0, 0.05, 0.1, 0.2, 0.3, 0.5, 1.0], ""batch_size"": 64, ""chunk_window"": 60, ""dataset"": ""fiqa"", ""dedup_grid"": [0.85, 0.9, 0.95], ""device"": ""cuda"", ""dup_noise"": ""light"", ""dup_target"": ""mixed"", ""encode_cache"": true, ""encoder_model"": ""BAAI/bge-m3"", ""experiment"": ""both"", ""gen_max_samples"": 1000, ""gen_methods"": [], ""generator_model"": null, ""lambda_grid"": [0.3, 0.5, 0.7, 0.9], ""max_samples"": null, ""metric"": ""cosine"", ""objective"": ""S-Recall@k"", ""overlap_grid"": [0.0, 0.25, 0.5, 0.75], ""rho_grid"": [0.0, 0.025, 0.05, 0.1, 0.15, 0.25, 0.5, 1.0], ""run_generation"": false, ""script"": ""evaluate_redundancy.py"", ""seed"": 0, ""seeds"": [0, 1, 2], ""single_subtopic"": false, ""split"": ""test"", ""top_k"": 10, ""top_m"": 100, ""val_fraction"": 0.2}"
1.0,kNN,3,0.3572,0.002,0.3721,0.018,0.3633,0.0171,0.5379,0.0174,0.4681,0.0114,0.5048,0.0134,0.3856,0.0117,0.1592,0.0022,1.9679,0.0077,kNN,,,"{""alpha_grid"": [-2.0, -0.3, -0.2, -0.1, -0.05, 0.0, 0.05, 0.1, 0.2, 0.3, 0.5, 1.0], ""batch_size"": 64, ""chunk_window"": 60, ""dataset"": ""fiqa"", ""dedup_grid"": [0.85, 0.9, 0.95], ""device"": ""cuda"", ""dup_noise"": ""light"", ""dup_target"": ""mixed"", ""encode_cache"": true, ""encoder_model"": ""BAAI/bge-m3"", ""experiment"": ""both"", ""gen_max_samples"": 1000, ""gen_methods"": [], ""generator_model"": null, ""lambda_grid"": [0.3, 0.5, 0.7, 0.9], ""max_samples"": null, ""metric"": ""cosine"", ""objective"": ""S-Recall@k"", ""overlap_grid"": [0.0, 0.25, 0.5, 0.75], ""rho_grid"": [0.0, 0.025, 0.05, 0.1, 0.15, 0.25, 0.5, 1.0], ""run_generation"": false, ""script"": ""evaluate_redundancy.py"", ""seed"": 0, ""seeds"": [0, 1, 2], ""single_subtopic"": false, ""split"": ""test"", ""top_k"": 10, ""top_m"": 100, ""val_fraction"": 0.2}"
1.0,Maxmin,3,0.3572,0.002,0.4252,0.0161,0.3965,0.0182,0.5354,0.0228,0.4639,0.0187,0.5756,0.0125,0.4064,0.0146,0.2747,0.005,2.6887,0.0149,Maxmin,2e-06,7e-06,"{""alpha_grid"": [-2.0, -0.3, -0.2, -0.1, -0.05, 0.0, 0.05, 0.1, 0.2, 0.3, 0.5, 1.0], ""batch_size"": 64, ""chunk_window"": 60, ""dataset"": ""fiqa"", ""dedup_grid"": [0.85, 0.9, 0.95], ""device"": ""cuda"", ""dup_noise"": ""light"", ""dup_target"": ""mixed"", ""encode_cache"": true, ""encoder_model"": ""BAAI/bge-m3"", ""experiment"": ""both"", ""gen_max_samples"": 1000, ""gen_methods"": [], ""generator_model"": null, ""lambda_grid"": [0.3, 0.5, 0.7, 0.9], ""max_samples"": null, ""metric"": ""cosine"", ""objective"": ""S-Recall@k"", ""overlap_grid"": [0.0, 0.25, 0.5, 0.75], ""rho_grid"": [0.0, 0.025, 0.05, 0.1, 0.15, 0.25, 0.5, 1.0], ""run_generation"": false, ""script"": ""evaluate_redundancy.py"", ""seed"": 0, ""seeds"": [0, 1, 2], ""single_subtopic"": false, ""split"": ""test"", ""top_k"": 10, ""top_m"": 100, ""val_fraction"": 0.2}"
1.0,Greedy-DPP,3,0.3572,0.002,0.4722,0.0098,0.4212,0.0095,0.5358,0.0089,0.4324,0.0039,0.6333,0.0115,0.415,0.0039,0.3235,0.0048,3.4399,0.0282,Greedy-DPP,0.0,0.0,"{""alpha_grid"": [-2.0, -0.3, -0.2, -0.1, -0.05, 0.0, 0.05, 0.1, 0.2, 0.3, 0.5, 1.0], ""batch_size"": 64, ""chunk_window"": 60, ""dataset"": ""fiqa"", ""dedup_grid"": [0.85, 0.9, 0.95], ""device"": ""cuda"", ""dup_noise"": ""light"", ""dup_target"": ""mixed"", ""encode_cache"": true, ""encoder_model"": ""BAAI/bge-m3"", ""experiment"": ""both"", ""gen_max_samples"": 1000, ""gen_methods"": [], ""generator_model"": null, ""lambda_grid"": [0.3, 0.5, 0.7, 0.9], ""max_samples"": null, ""metric"": ""cosine"", ""objective"": ""S-Recall@k"", ""overlap_grid"": [0.0, 0.25, 0.5, 0.75], ""rho_grid"": [0.0, 0.025, 0.05, 0.1, 0.15, 0.25, 0.5, 1.0], ""run_generation"": false, ""script"": ""evaluate_redundancy.py"", ""seed"": 0, ""seeds"": [0, 1, 2], ""single_subtopic"": false, ""split"": ""test"", ""top_k"": 10, ""top_m"": 100, ""val_fraction"": 0.2}"
1.0,Dedup*,3,0.3572,0.002,0.4709,0.0204,0.4358,0.0175,0.5446,0.0185,0.4451,0.0076,0.6349,0.0209,0.4302,0.0106,0.2627,0.0057,2.8521,0.0524,Dedup(0.85);Dedup(0.9),0.0,0.0,"{""alpha_grid"": [-2.0, -0.3, -0.2, -0.1, -0.05, 0.0, 0.05, 0.1, 0.2, 0.3, 0.5, 1.0], ""batch_size"": 64, ""chunk_window"": 60, ""dataset"": ""fiqa"", ""dedup_grid"": [0.85, 0.9, 0.95], ""device"": ""cuda"", ""dup_noise"": ""light"", ""dup_target"": ""mixed"", ""encode_cache"": true, ""encoder_model"": ""BAAI/bge-m3"", ""experiment"": ""both"", ""gen_max_samples"": 1000, ""gen_methods"": [], ""generator_model"": null, ""lambda_grid"": [0.3, 0.5, 0.7, 0.9], ""max_samples"": null, ""metric"": ""cosine"", ""objective"": ""S-Recall@k"", ""overlap_grid"": [0.0, 0.25, 0.5, 0.75], ""rho_grid"": [0.0, 0.025, 0.05, 0.1, 0.15, 0.25, 0.5, 1.0], ""run_generation"": false, ""script"": ""evaluate_redundancy.py"", ""seed"": 0, ""seeds"": [0, 1, 2], ""single_subtopic"": false, ""split"": ""test"", ""top_k"": 10, ""top_m"": 100, ""val_fraction"": 0.2}"
1.0,MMR*,3,0.3572,0.002,0.4614,0.0191,0.4215,0.0146,0.5396,0.0127,0.4393,0.0086,0.6187,0.0087,0.418,0.0056,0.2815,0.0046,3.0409,0.0313,MMR(0.7),0.0,0.0,"{""alpha_grid"": [-2.0, -0.3, -0.2, -0.1, -0.05, 0.0, 0.05, 0.1, 0.2, 0.3, 0.5, 1.0], ""batch_size"": 64, ""chunk_window"": 60, ""dataset"": ""fiqa"", ""dedup_grid"": [0.85, 0.9, 0.95], ""device"": ""cuda"", ""dup_noise"": ""light"", ""dup_target"": ""mixed"", ""encode_cache"": true, ""encoder_model"": ""BAAI/bge-m3"", ""experiment"": ""both"", ""gen_max_samples"": 1000, ""gen_methods"": [], ""generator_model"": null, ""lambda_grid"": [0.3, 0.5, 0.7, 0.9], ""max_samples"": null, ""metric"": ""cosine"", ""objective"": ""S-Recall@k"", ""overlap_grid"": [0.0, 0.25, 0.5, 0.75], ""rho_grid"": [0.0, 0.025, 0.05, 0.1, 0.15, 0.25, 0.5, 1.0], ""run_generation"": false, ""script"": ""evaluate_redundancy.py"", ""seed"": 0, ""seeds"": [0, 1, 2], ""single_subtopic"": false, ""split"": ""test"", ""top_k"": 10, ""top_m"": 100, ""val_fraction"": 0.2}"
1.0,VendiG*,3,0.3572,0.002,0.4869,0.0204,0.427,0.0184,0.5388,0.0199,0.4408,0.0123,0.656,0.0131,0.4187,0.0141,0.3371,0.0048,3.5662,0.0371,VendiG(0.3),0.0,0.0,"{""alpha_grid"": [-2.0, -0.3, -0.2, -0.1, -0.05, 0.0, 0.05, 0.1, 0.2, 0.3, 0.5, 1.0], ""batch_size"": 64, ""chunk_window"": 60, ""dataset"": ""fiqa"", ""dedup_grid"": [0.85, 0.9, 0.95], ""device"": ""cuda"", ""dup_noise"": ""light"", ""dup_target"": ""mixed"", ""encode_cache"": true, ""encoder_model"": ""BAAI/bge-m3"", ""experiment"": ""both"", ""gen_max_samples"": 1000, ""gen_methods"": [], ""generator_model"": null, ""lambda_grid"": [0.3, 0.5, 0.7, 0.9], ""max_samples"": null, ""metric"": ""cosine"", ""objective"": ""S-Recall@k"", ""overlap_grid"": [0.0, 0.25, 0.5, 0.75], ""rho_grid"": [0.0, 0.025, 0.05, 0.1, 0.15, 0.25, 0.5, 1.0], ""run_generation"": false, ""script"": ""evaluate_redundancy.py"", ""seed"": 0, ""seeds"": [0, 1, 2], ""single_subtopic"": false, ""split"": ""test"", ""top_k"": 10, ""top_m"": 100, ""val_fraction"": 0.2}"
1.0,RNG*,3,0.3572,0.002,0.4532,0.0146,0.418,0.0158,0.5431,0.0177,0.4607,0.0074,0.611,0.0116,0.418,0.0114,0.2527,0.0027,2.7304,0.0029,RNG(-0.2),0.0,0.0,"{""alpha_grid"": [-2.0, -0.3, -0.2, -0.1, -0.05, 0.0, 0.05, 0.1, 0.2, 0.3, 0.5, 1.0], ""batch_size"": 64, ""chunk_window"": 60, ""dataset"": ""fiqa"", ""dedup_grid"": [0.85, 0.9, 0.95], ""device"": ""cuda"", ""dup_noise"": ""light"", ""dup_target"": ""mixed"", ""encode_cache"": true, ""encoder_model"": ""BAAI/bge-m3"", ""experiment"": ""both"", ""gen_max_samples"": 1000, ""gen_methods"": [], ""generator_model"": null, ""lambda_grid"": [0.3, 0.5, 0.7, 0.9], ""max_samples"": null, ""metric"": ""cosine"", ""objective"": ""S-Recall@k"", ""overlap_grid"": [0.0, 0.25, 0.5, 0.75], ""rho_grid"": [0.0, 0.025, 0.05, 0.1, 0.15, 0.25, 0.5, 1.0], ""run_generation"": false, ""script"": ""evaluate_redundancy.py"", ""seed"": 0, ""seeds"": [0, 1, 2], ""single_subtopic"": false, ""split"": ""test"", ""top_k"": 10, ""top_m"": 100, ""val_fraction"": 0.2}"
